timestamp_utc,SEZ2011,COMUNE,gap_score,road_type,traffic_road_coverage,congestione,lat,lon,assegnazione,distanza_m
2026-07-29T17:57:13+00:00,151830000004,Robecchetto con Induno,0.7553527057173448,Connecting road,one_side,0.014999985694885254,45.52314041021787,8.774831946800596,dentro_sezione,0.0
2026-07-29T17:57:13+00:00,151830000004,Robecchetto con Induno,0.7553527057173448,Connecting road,one_side,0.0,45.52467950531855,8.77129390991489,dentro_sezione,0.0
2026-07-29T17:57:13+00:00,151830000005,Robecchetto con Induno,0.7359793597243346,Connecting road,one_side,0.0,45.52467950531855,8.77129390991489,dentro_sezione,0.0
2026-07-29T17:57:13+00:00,151830000004,Robecchetto con Induno,0.7553527057173448,Major local road,one_side,0.0,45.52593707033944,8.774034097590642,dentro_sezione,0.0
2026-07-29T17:57:13+00:00,151830000005,Robecchetto con Induno,0.7359793597243346,Major local road,one_side,0.0,45.52593707033944,8.774034097590642,dentro_sezione,0.0
2026-07-29T17:57:13+00:00,151830000004,Robecchetto con Induno,0.7553527057173448,Local road,full,0.0,45.52665341304878,8.77813513370993,dentro_sezione,0.0
2026-07-29T17:57:13+00:00,151830000005,Robecchetto con Induno,0.7359793597243346,Local road,full,0.0,45.52665341304878,8.77813513370993,dentro_sezione,0.0
2026-07-29T17:57:13+00:00,151830000004,Robecchetto con Induno,0.7553527057173448,Local road,one_side,0.0,45.52750090024759,8.777482354636556,dentro_sezione,0.0
2026-07-29T17:57:13+00:00,151830000005,Robecchetto con Induno,0.7359793597243346,Local road,one_side,0.0,45.52750090024759,8.777482354636556,dentro_sezione,0.0
2026-07-29T17:57:13+00:00,151830000004,Robecchetto con Induno,0.7553527057173448,Minor local road,one_side,0.0,45.5246629407847,8.777006510696419,dentro_sezione,0.0
2026-07-29T17:57:13+00:00,151830000005,Robecchetto con Induno,0.7359793597243346,Minor local road,one_side,0.0,45.5246629407847,8.777006510696419,dentro_sezione,0.0
2026-07-29T17:57:13+00:00,151830000004,Robecchetto con Induno,0.7553527057173448,Connecting road,one_side,0.014999985694885254,45.52193186888075,8.776895169160959,dentro_sezione,0.0
2026-07-29T17:57:13+00:00,151830000004,Robecchetto con Induno,0.7553527057173448,Connecting road,one_side,0.0,45.52109253752307,8.777919820210139,dentro_sezione,0.0
2026-07-29T17:57:13+00:00,151830000005,Robecchetto con Induno,0.7359793597243346,Connecting road,one_side,0.0,45.52109253752307,8.777919820210139,dentro_sezione,0.0
2026-07-29T17:57:13+00:00,151830000004,Robecchetto con Induno,0.7553527057173448,Major local road,one_side,0.0,45.52003006239406,8.771803302455004,dentro_sezione,0.0
2026-07-29T17:57:13+00:00,151830000004,Robecchetto con Induno,0.7553527057173448,Connecting road,one_side,0.014999985694885254,45.52160001459302,8.777214446287164,dentro_sezione,0.0
2026-07-29T17:57:13+00:00,151830000004,Robecchetto con Induno,0.7553527057173448,Connecting road,one_side,0.0,45.52131123622437,8.77755886427248,dentro_sezione,0.0
2026-07-29T17:57:13+00:00,151830000005,Robecchetto con Induno,0.7359793597243346,Connecting road,one_side,0.0,45.52131123622437,8.77755886427248,dentro_sezione,0.0
2026-07-29T17:57:13+00:00,151830000005,Robecchetto con Induno,0.7359793597243346,Major local road,full,0.0,45.52572185698712,8.781758926879993,dentro_sezione,0.0
2026-07-29T17:57:13+00:00,151830000004,Robecchetto con Induno,0.7553527057173448,Major local road,one_side,0.0,45.52545606758585,8.783235613334185,dentro_sezione,0.0
2026-07-29T17:57:13+00:00,151830000005,Robecchetto con Induno,0.7359793597243346,Major local road,one_side,0.0,45.52545606758585,8.783235613334185,dentro_sezione,0.0
2026-07-29T17:57:13+00:00,151830000004,Robecchetto con Induno,0.7553527057173448,Local road,full,0.0,45.52665017246545,8.778138354718036,dentro_sezione,0.0
2026-07-29T17:57:13+00:00,151830000005,Robecchetto con Induno,0.7359793597243346,Local road,full,0.0,45.52665017246545,8.778138354718036,dentro_sezione,0.0
2026-07-29T17:57:13+00:00,151830000004,Robecchetto con Induno,0.7553527057173448,Local road,one_side,0.0,45.52614843665075,8.779160738634744,dentro_sezione,0.0
2026-07-29T17:57:13+00:00,151830000005,Robecchetto con Induno,0.7359793597243346,Local road,one_side,0.0,45.52614843665075,8.779160738634744,dentro_sezione,0.0
2026-07-29T17:57:13+00:00,151830000004,Robecchetto con Induno,0.7553527057173448,Minor local road,one_side,0.0,45.524831941765086,8.777906603428388,dentro_sezione,0.0
2026-07-29T17:57:13+00:00,151830000005,Robecchetto con Induno,0.7359793597243346,Minor local road,one_side,0.0,45.524831941765086,8.777906603428388,dentro_sezione,0.0
2026-07-29T17:57:13+00:00,151830000004,Robecchetto con Induno,0.7553527057173448,Connecting road,one_side,0.014999985694885254,45.52160001459302,8.777214446287164,dentro_sezione,0.0
2026-07-29T17:57:13+00:00,151830000004,Robecchetto con Induno,0.7553527057173448,Connecting road,one_side,0.0,45.51782906489471,8.780007921821186,dentro_sezione,0.0
2026-07-29T17:57:13+00:00,151830000005,Robecchetto con Induno,0.7359793597243346,Connecting road,one_side,0.0,45.51782906489471,8.780007921821186,dentro_sezione,0.0
2026-07-29T17:57:13+00:00,151830000004,Robecchetto con Induno,0.7553527057173448,Major local road,one_side,0.0,45.52129064980628,8.777203055737562,dentro_sezione,0.0
2026-07-29T17:57:13+00:00,150990000004,Dairago,0.7676872328697544,Connecting road,one_side,0.0,45.559969756077514,8.855855576146451,dentro_sezione,0.0
2026-07-29T17:57:13+00:00,150990000005,Dairago,0.7542589327199739,Connecting road,one_side,0.0,45.559969756077514,8.855855576146451,dentro_sezione,0.0
2026-07-29T17:57:13+00:00,150990000006,Dairago,0.7709685518618672,Secondary road,one_side,0.8270000070333481,45.577741311180816,8.860052659197983,dentro_sezione,0.0
2026-07-29T17:57:13+00:00,150990000006,Dairago,0.7709685518618672,Secondary road,one_side,0.35199999809265137,45.5777463162237,8.860049850307782,dentro_sezione,0.0
2026-07-29T17:57:13+00:00,150990000006,Dairago,0.7709685518618672,Secondary road,one_side,0.15399998426437378,45.57550377845801,8.861572145141743,dentro_sezione,0.0
2026-07-29T17:57:13+00:00,150990000006,Dairago,0.7709685518618672,Secondary road,one_side,0.07200002670288086,45.57550593488915,8.861569898674606,dentro_sezione,0.0
2026-07-29T17:57:13+00:00,150990000006,Dairago,0.7709685518618672,Secondary road,one_side,0.8270000070333481,45.576266444336554,8.861078712573057,dentro_sezione,0.0
2026-07-29T17:57:13+00:00,150990000006,Dairago,0.7709685518618672,Secondary road,one_side,0.35199999809265137,45.576270458340744,8.861078470945358,dentro_sezione,0.0
2026-07-29T17:57:13+00:00,150990000006,Dairago,0.7709685518618672,Secondary road,full,0.22699999809265137,45.57379030956311,8.862627446651459,dentro_sezione,0.0
2026-07-29T17:57:13+00:00,150990000005,Dairago,0.7542589327199739,Secondary road,one_side,0.22699999809265137,45.570433449813656,8.864192014930888,dentro_sezione,0.0
2026-07-29T17:57:13+00:00,150990000001,Dairago,0.7159220448648945,Secondary road,one_side,0.22699999809265137,45.570433449813656,8.864192014930888,dentro_sezione,0.0
2026-07-29T17:57:13+00:00,150990000002,Dairago,0.6942688026504515,Secondary road,one_side,0.22699999809265137,45.570433449813656,8.864192014930888,dentro_sezione,0.0
2026-07-29T17:57:13+00:00,150990000006,Dairago,0.7709685518618672,Secondary road,one_side,0.22699999809265137,45.570433449813656,8.864192014930888,dentro_sezione,0.0
2026-07-29T17:57:13+00:00,150990000006,Dairago,0.7709685518618672,Secondary road,full,0.15399998426437378,45.574130222271364,8.862384773534133,dentro_sezione,0.0
2026-07-29T17:57:13+00:00,150990000006,Dairago,0.7709685518618672,Secondary road,one_side,0.15399998426437378,45.5752231718279,8.861740512995713,dentro_sezione,0.0
2026-07-29T17:57:13+00:00,150990000006,Dairago,0.7709685518618672,Secondary road,full,0.07200002670288086,45.57413880688018,8.862438694596689,dentro_sezione,0.0
2026-07-29T17:57:13+00:00,150990000006,Dairago,0.7709685518618672,Secondary road,one_side,0.07200002670288086,45.575225457456405,8.86173846888984,dentro_sezione,0.0
2026-07-29T17:57:13+00:00,150990000006,Dairago,0.7709685518618672,Secondary road,full,0.0,45.573889576547714,8.86254585473303,dentro_sezione,0.0
2026-07-29T17:57:13+00:00,150990000005,Dairago,0.7542589327199739,Secondary road,one_side,0.0,45.57043338237761,8.864191860129752,dentro_sezione,0.0
2026-07-29T17:57:13+00:00,150990000001,Dairago,0.7159220448648945,Secondary road,one_side,0.0,45.57043338237761,8.864191860129752,dentro_sezione,0.0
2026-07-29T17:57:13+00:00,150990000002,Dairago,0.6942688026504515,Secondary road,one_side,0.0,45.57043338237761,8.864191860129752,dentro_sezione,0.0
2026-07-29T17:57:13+00:00,150990000006,Dairago,0.7709685518618672,Secondary road,one_side,0.0,45.57043338237761,8.864191860129752,dentro_sezione,0.0
2026-07-29T17:57:13+00:00,150990000005,Dairago,0.7542589327199739,Connecting road,one_side,0.0,45.56869535247887,8.862106087174277,dentro_sezione,0.0
2026-07-29T17:57:13+00:00,150990000001,Dairago,0.7159220448648945,Connecting road,one_side,0.0,45.56869535247887,8.862106087174277,dentro_sezione,0.0
2026-07-29T17:57:13+00:00,150990000002,Dairago,0.6942688026504515,Connecting road,one_side,0.0,45.56869535247887,8.862106087174277,dentro_sezione,0.0
2026-07-29T17:57:13+00:00,150990000006,Dairago,0.7709685518618672,Connecting road,one_side,0.0,45.56869535247887,8.862106087174277,dentro_sezione,0.0
2026-07-29T17:57:13+00:00,150990000005,Dairago,0.7542589327199739,Local road,full,0.0,45.57115044782316,8.861418408582644,dentro_sezione,0.0
2026-07-29T17:57:13+00:00,150990000006,Dairago,0.7709685518618672,Local road,full,0.0,45.57115044782316,8.861418408582644,dentro_sezione,0.0
2026-07-29T17:57:13+00:00,150990000005,Dairago,0.7542589327199739,Local road,one_side,0.0,45.57092412688219,8.861752614264068,dentro_sezione,0.0
2026-07-29T17:57:13+00:00,150990000006,Dairago,0.7709685518618672,Local road,one_side,0.0,45.57092412688219,8.861752614264068,dentro_sezione,0.0
2026-07-29T17:57:13+00:00,150990000006,Dairago,0.7709685518618672,Minor local road,full,0.0,45.57390108315492,8.862335085868835,dentro_sezione,0.0
2026-07-29T17:57:13+00:00,150990000006,Dairago,0.7709685518618672,Minor local road,one_side,0.0,45.57342910946712,8.861447226380976,dentro_sezione,0.0
2026-07-29T17:57:13+00:00,150990000004,Dairago,0.7676872328697544,Secondary road,one_side,0.22699999809265137,45.56754907344413,8.865468281462599,dentro_sezione,0.0
2026-07-29T17:57:13+00:00,150990000001,Dairago,0.7159220448648945,Secondary road,one_side,0.22699999809265137,45.56754907344413,8.865468281462599,dentro_sezione,0.0
2026-07-29T17:57:13+00:00,150990000002,Dairago,0.6942688026504515,Secondary road,one_side,0.22699999809265137,45.56754907344413,8.865468281462599,dentro_sezione,0.0
2026-07-29T17:57:13+00:00,150990000004,Dairago,0.7676872328697544,Secondary road,one_side,0.0,45.565675664297586,8.866151684405883,dentro_sezione,0.0
2026-07-29T17:57:13+00:00,150990000001,Dairago,0.7159220448648945,Secondary road,one_side,0.0,45.565675664297586,8.866151684405883,dentro_sezione,0.0
2026-07-29T17:57:13+00:00,150990000002,Dairago,0.6942688026504515,Secondary road,one_side,0.0,45.565675664297586,8.866151684405883,dentro_sezione,0.0
2026-07-29T17:57:13+00:00,150990000004,Dairago,0.7676872328697544,Connecting road,full,0.0,45.56559331224461,8.864327222945509,dentro_sezione,0.0
2026-07-29T17:57:13+00:00,150990000005,Dairago,0.7542589327199739,Connecting road,full,0.0,45.56559331224461,8.864327222945509,dentro_sezione,0.0
2026-07-29T17:57:13+00:00,150990000001,Dairago,0.7159220448648945,Connecting road,full,0.0,45.56559331224461,8.864327222945509,dentro_sezione,0.0
2026-07-29T17:57:13+00:00,150990000002,Dairago,0.6942688026504515,Connecting road,full,0.0,45.56559331224461,8.864327222945509,dentro_sezione,0.0
2026-07-29T17:57:13+00:00,150990000004,Dairago,0.7676872328697544,Connecting road,one_side,0.0,45.564686052346,8.860306390456056,dentro_sezione,0.0
2026-07-29T17:57:13+00:00,150990000005,Dairago,0.7542589327199739,Connecting road,one_side,0.0,45.564686052346,8.860306390456056,dentro_sezione,0.0
2026-07-29T17:57:13+00:00,150990000001,Dairago,0.7159220448648945,Connecting road,one_side,0.0,45.564686052346,8.860306390456056,dentro_sezione,0.0
2026-07-29T17:57:13+00:00,150990000002,Dairago,0.6942688026504515,Connecting road,one_side,0.0,45.564686052346,8.860306390456056,dentro_sezione,0.0
2026-07-29T17:57:13+00:00,150990000004,Dairago,0.7676872328697544,Major local road,one_side,0.0,45.563239021472114,8.860581830730837,dentro_sezione,0.0
2026-07-29T17:57:13+00:00,150990000005,Dairago,0.7542589327199739,Major local road,one_side,0.0,45.563239021472114,8.860581830730837,dentro_sezione,0.0
2026-07-29T17:57:13+00:00,150990000001,Dairago,0.7159220448648945,Secondary road,one_side,0.22699999809265137,45.56793643860762,8.865308032085537,dentro_sezione,0.0
2026-07-29T17:57:13+00:00,150990000002,Dairago,0.6942688026504515,Secondary road,one_side,0.22699999809265137,45.56793643860762,8.865308032085537,dentro_sezione,0.0
2026-07-29T17:57:13+00:00,150990000001,Dairago,0.7159220448648945,Secondary road,one_side,0.0,45.56793608713956,8.865307163391256,dentro_sezione,0.0
2026-07-29T17:57:13+00:00,150990000002,Dairago,0.6942688026504515,Secondary road,one_side,0.0,45.56793608713956,8.865307163391256,dentro_sezione,0.0
2026-07-29T17:57:13+00:00,150990000004,Dairago,0.7676872328697544,Secondary road,one_side,0.22699999809265137,45.56754869645032,8.86546906182961,dentro_sezione,0.0
2026-07-29T17:57:13+00:00,150990000001,Dairago,0.7159220448648945,Secondary road,one_side,0.22699999809265137,45.56754869645032,8.86546906182961,dentro_sezione,0.0
2026-07-29T17:57:13+00:00,150990000002,Dairago,0.6942688026504515,Secondary road,one_side,0.22699999809265137,45.56754869645032,8.86546906182961,dentro_sezione,0.0
2026-07-29T17:57:13+00:00,150990000004,Dairago,0.7676872328697544,Secondary road,one_side,0.0,45.56350375152398,8.867135362175203,dentro_sezione,0.0
2026-07-29T17:57:13+00:00,150990000001,Dairago,0.7159220448648945,Secondary road,one_side,0.0,45.56350375152398,8.867135362175203,dentro_sezione,0.0
2026-07-29T17:57:13+00:00,150990000002,Dairago,0.6942688026504515,Secondary road,one_side,0.0,45.56350375152398,8.867135362175203,dentro_sezione,0.0
2026-07-29T17:57:13+00:00,150990000004,Dairago,0.7676872328697544,Connecting road,full,0.0,45.566236844428026,8.865384249111933,dentro_sezione,0.0
2026-07-29T17:57:13+00:00,150990000001,Dairago,0.7159220448648945,Connecting road,full,0.0,45.566236844428026,8.865384249111933,dentro_sezione,0.0
2026-07-29T17:57:13+00:00,150990000002,Dairago,0.6942688026504515,Connecting road,full,0.0,45.566236844428026,8.865384249111933,dentro_sezione,0.0
2026-07-29T17:57:13+00:00,150990000004,Dairago,0.7676872328697544,Connecting road,one_side,0.0,45.565772277047955,8.87122243071949,dentro_sezione,0.0
2026-07-29T17:57:13+00:00,150990000001,Dairago,0.7159220448648945,Connecting road,one_side,0.0,45.565772277047955,8.87122243071949,dentro_sezione,0.0
2026-07-29T17:57:13+00:00,150990000002,Dairago,0.6942688026504515,Connecting road,one_side,0.0,45.565772277047955,8.87122243071949,dentro_sezione,0.0
2026-07-29T17:57:13+00:00,151840000003,Robecco sul Naviglio,0.7196016242096119,Secondary road,full,0.0,45.43738004527872,8.884716475393938,dentro_sezione,0.0
2026-07-29T17:57:13+00:00,151840000006,Robecco sul Naviglio,0.7230185825971769,Secondary road,full,0.0,45.43738004527872,8.884716475393938,dentro_sezione,0.0
2026-07-29T17:57:13+00:00,151840000004,Robecco sul Naviglio,0.7107590900039538,Secondary road,full,0.0,45.43738004527872,8.884716475393938,dentro_sezione,0.0
2026-07-29T17:57:13+00:00,151840000006,Robecco sul Naviglio,0.7230185825971769,Secondary road,one_side,0.0,45.441021454681305,8.886726811167174,dentro_sezione,0.0
2026-07-29T17:57:13+00:00,151840000004,Robecco sul Naviglio,0.7107590900039538,Secondary road,one_side,0.0,45.441021454681305,8.886726811167174,dentro_sezione,0.0
2026-07-29T17:57:13+00:00,151840000004,Robecco sul Naviglio,0.7107590900039538,Connecting road,one_side,0.0,45.44215302778418,8.881694311544635,dentro_sezione,0.0
2026-07-29T17:57:13+00:00,151840000008,Robecco sul Naviglio,0.7257111688941349,Connecting road,one_side,0.0,45.44215302778418,8.881694311544635,dentro_sezione,0.0
2026-07-29T17:57:13+00:00,151840000008,Robecco sul Naviglio,0.7257111688941349,Minor local road,one_side,0.0,45.44305633774382,8.87880615453956,dentro_sezione,0.0
2026-07-29T17:57:13+00:00,151840000003,Robecco sul Naviglio,0.7196016242096119,Secondary road,full,0.0,45.436020247875916,8.88427360275287,dentro_sezione,0.0
2026-07-29T17:57:13+00:00,151840000006,Robecco sul Naviglio,0.7230185825971769,Secondary road,full,0.0,45.436020247875916,8.88427360275287,dentro_sezione,0.0
2026-07-29T17:57:13+00:00,151840000004,Robecco sul Naviglio,0.7107590900039538,Secondary road,full,0.0,45.436020247875916,8.88427360275287,dentro_sezione,0.0
2026-07-29T17:57:13+00:00,151840000003,Robecco sul Naviglio,0.7196016242096119,Secondary road,one_side,0.0,45.432741752237355,8.885387574658592,dentro_sezione,0.0
2026-07-29T17:57:13+00:00,151840000006,Robecco sul Naviglio,0.7230185825971769,Secondary road,one_side,0.0,45.432741752237355,8.885387574658592,dentro_sezione,0.0
2026-07-29T17:57:13+00:00,151840000004,Robecco sul Naviglio,0.7107590900039538,Secondary road,one_side,0.0,45.432741752237355,8.885387574658592,dentro_sezione,0.0
2026-07-29T17:57:13+00:00,151840000003,Robecco sul Naviglio,0.7196016242096119,Connecting road,full,0.0,45.434818033444905,8.888212023960996,dentro_sezione,0.0
2026-07-29T17:57:13+00:00,151840000004,Robecco sul Naviglio,0.7107590900039538,Connecting road,full,0.0,45.434818033444905,8.888212023960996,dentro_sezione,0.0
2026-07-29T17:57:13+00:00,151840000003,Robecco sul Naviglio,0.7196016242096119,Connecting road,one_side,0.0,45.43218495639539,8.879627085051737,dentro_sezione,0.0
2026-07-29T17:57:13+00:00,151840000006,Robecco sul Naviglio,0.7230185825971769,Connecting road,one_side,0.0,45.43218495639539,8.879627085051737,dentro_sezione,0.0
2026-07-29T17:57:13+00:00,150410000011,Busto Garolfo,0.7031690557477914,Local road,one_side,0.3880000114440918,45.544972559851566,8.890237233490335,dentro_sezione,0.0
2026-07-29T17:57:13+00:00,150410000011,Busto Garolfo,0.7031690557477914,Major local road,one_side,0.0,45.547462481839126,8.892937891739695,dentro_sezione,0.0
2026-07-29T17:57:13+00:00,150410000011,Busto Garolfo,0.7031690557477914,Local road,one_side,0.0,45.54939605649458,8.888692897569367,dentro_sezione,0.0
2026-07-29T17:57:13+00:00,150410000011,Busto Garolfo,0.7031690557477914,Local road,one_side,0.3880000114440918,45.54407600412062,8.890929616471169,dentro_sezione,0.0
2026-07-29T17:57:13+00:00,150410000011,Busto Garolfo,0.7031690557477914,Connecting road,one_side,0.05699998140335083,45.54289285084927,8.891958382844583,dentro_sezione,0.0
2026-07-29T17:57:13+00:00,150410000011,Busto Garolfo,0.7031690557477914,Connecting road,one_side,0.0,45.54167564311591,8.895527322486277,dentro_sezione,0.0
2026-07-29T17:57:13+00:00,150410000011,Busto Garolfo,0.7031690557477914,Major local road,one_side,0.0,45.544562915692,8.895608895264767,dentro_sezione,0.0
2026-07-29T17:57:13+00:00,150410000011,Busto Garolfo,0.7031690557477914,Local road,one_side,0.0,45.54049505829869,8.891599000579392,dentro_sezione,0.0
2026-07-29T17:57:13+00:00,151840000003,Robecco sul Naviglio,0.7196016242096119,Secondary road,full,0.0,45.43673429376078,8.88704731701488,dentro_sezione,0.0
2026-07-29T17:57:13+00:00,151840000004,Robecco sul Naviglio,0.7107590900039538,Secondary road,full,0.0,45.43673429376078,8.88704731701488,dentro_sezione,0.0
2026-07-29T17:57:13+00:00,151840000004,Robecco sul Naviglio,0.7107590900039538,Secondary road,one_side,0.0,45.44129080099548,8.887639896752052,dentro_sezione,0.0
2026-07-29T17:57:13+00:00,151840000003,Robecco sul Naviglio,0.7196016242096119,Secondary road,full,0.0,45.43465511634912,8.88814045588459,dentro_sezione,0.0
2026-07-29T17:57:13+00:00,151840000004,Robecco sul Naviglio,0.7107590900039538,Secondary road,full,0.0,45.43465511634912,8.88814045588459,dentro_sezione,0.0
2026-07-29T17:57:13+00:00,151840000003,Robecco sul Naviglio,0.7196016242096119,Connecting road,full,0.0,45.433208070156475,8.889242619884701,dentro_sezione,0.0
2026-07-29T17:57:13+00:00,151840000004,Robecco sul Naviglio,0.7107590900039538,Connecting road,full,0.0,45.433208070156475,8.889242619884701,dentro_sezione,0.0
2026-07-29T17:57:13+00:00,150720000017,Cerro Maggiore,0.6999223680906879,Secondary road,one_side,0.0,45.59436108289236,8.957078559801907,dentro_sezione,0.0
2026-07-29T17:57:13+00:00,150720000017,Cerro Maggiore,0.6999223680906879,Secondary road,full,0.0,45.58848035915598,8.9642983740158,dentro_sezione,0.0
2026-07-29T17:57:13+00:00,150720000017,Cerro Maggiore,0.6999223680906879,Secondary road,one_side,0.0,45.59053028893129,8.961361051470247,dentro_sezione,0.0
2026-07-29T17:57:13+00:00,150720000017,Cerro Maggiore,0.6999223680906879,Major local road,one_side,0.0,45.58829146872337,8.959288092130175,dentro_sezione,0.0
2026-07-29T17:57:13+00:00,150720000017,Cerro Maggiore,0.6999223680906879,Secondary road,full,0.0,45.58756210472569,8.966193376164924,dentro_sezione,0.0
2026-07-29T17:57:13+00:00,150720000017,Cerro Maggiore,0.6999223680906879,Secondary road,one_side,0.0,45.58536762844651,8.971044060006122,dentro_sezione,0.0
2026-07-29T17:57:13+00:00,150720000017,Cerro Maggiore,0.6999223680906879,Connecting road,one_side,0.0,45.58803245184286,8.973497377206987,dentro_sezione,0.0
2026-07-29T17:57:13+00:00,150220000001,Besate,0.8066359409766615,Secondary road,full,0.0,45.31397405974819,8.970680438795323,dentro_sezione,0.0
2026-07-29T17:57:13+00:00,150220000002,Besate,0.8457837792598706,Secondary road,full,0.0,45.31397405974819,8.970680438795323,dentro_sezione,0.0
2026-07-29T17:57:13+00:00,150220000001,Besate,0.8066359409766615,Secondary road,one_side,0.0,45.31693428516195,8.970520214464711,dentro_sezione,0.0
2026-07-29T17:57:13+00:00,150220000002,Besate,0.8457837792598706,Secondary road,one_side,0.0,45.31693428516195,8.970520214464711,dentro_sezione,0.0
2026-07-29T17:57:13+00:00,150220000001,Besate,0.8066359409766615,Secondary road,full,0.0,45.31230807897691,8.970803137994647,dentro_sezione,0.0
2026-07-29T17:57:13+00:00,150220000002,Besate,0.8457837792598706,Secondary road,full,0.0,45.31230807897691,8.970803137994647,dentro_sezione,0.0
2026-07-29T17:57:13+00:00,150220000001,Besate,0.8066359409766615,Secondary road,one_side,0.0,45.30850050611067,8.971050499191625,dentro_sezione,0.0
2026-07-29T17:57:13+00:00,150220000002,Besate,0.8457837792598706,Secondary road,one_side,0.0,45.30850050611067,8.971050499191625,dentro_sezione,0.0
2026-07-29T17:57:13+00:00,150220000002,Besate,0.8457837792598706,Connecting road,one_side,0.0,45.31011677645614,8.97243897841263,dentro_sezione,0.0
2026-07-29T17:57:13+00:00,151030000093,Gaggiano,0.7171341415902132,Connecting road,full,0.0,45.37753558005545,9.02820117450363,dentro_sezione,0.0
2026-07-29T17:57:13+00:00,151030000093,Gaggiano,0.7171341415902132,Connecting road,one_side,0.0,45.37922478434031,9.025526004065227,dentro_sezione,0.0
2026-07-29T17:57:13+00:00,152360000001,Vernate,0.7404237143838364,Major road,full,0.0,45.33115422928388,9.051982675890759,dentro_sezione,0.0
2026-07-29T17:57:13+00:00,152360000001,Vernate,0.7404237143838364,Major road,one_side,0.0,45.333667378972784,9.04899330877629,dentro_sezione,0.0
2026-07-29T17:57:13+00:00,152360000001,Vernate,0.7404237143838364,Secondary road,full,0.0,45.33085582197837,9.05174506782142,dentro_sezione,0.0
2026-07-29T17:57:13+00:00,152360000001,Vernate,0.7404237143838364,Secondary road,one_side,0.0,45.3294711922926,9.049540764120502,dentro_sezione,0.0
2026-07-29T17:57:13+00:00,152360000004,Vernate,0.7248915606322527,Connecting road,full,0.0,45.31713370461864,9.060332435953853,dentro_sezione,0.0
2026-07-29T17:57:13+00:00,152360000004,Vernate,0.7248915606322527,Connecting road,one_side,0.0,45.31685556517416,9.058201381824388,dentro_sezione,0.0
2026-07-29T17:57:13+00:00,150270000044,Bollate,0.7092237674852166,Local road,full,0.1850000023841858,45.54861129336342,9.137811389214903,dentro_sezione,0.0
2026-07-29T17:57:13+00:00,150270000044,Bollate,0.7092237674852166,Local road,one_side,0.1850000023841858,45.548096123422596,9.134779363975165,dentro_sezione,0.0
2026-07-29T17:57:13+00:00,150270000044,Bollate,0.7092237674852166,Connecting road,full,0.0,45.551101576535864,9.141299958119559,dentro_sezione,0.0
2026-07-29T17:57:13+00:00,150270000044,Bollate,0.7092237674852166,Connecting road,one_side,0.0,45.54765211863531,9.13664998664483,dentro_sezione,0.0
2026-07-29T17:57:13+00:00,150270000044,Bollate,0.7092237674852166,Local road,full,0.0,45.548615190060424,9.138082011503977,dentro_sezione,0.0
2026-07-29T17:57:13+00:00,150270000044,Bollate,0.7092237674852166,Local road,one_side,0.0,45.54834455342,9.135163919267848,dentro_sezione,0.0
2026-07-29T17:57:13+00:00,150270000046,Bollate,0.7233042911110021,Connecting road,one_side,0.5379999876022339,45.54699075836586,9.143249107939155,dentro_sezione,0.0
2026-07-29T17:57:13+00:00,150270000044,Bollate,0.7092237674852166,Local road,full,0.1850000023841858,45.5491123577824,9.141229615730014,dentro_sezione,0.0
2026-07-29T17:57:13+00:00,150270000044,Bollate,0.7092237674852166,Local road,one_side,0.1850000023841858,45.54892623237079,9.140229535470008,dentro_sezione,0.0
2026-07-29T17:57:13+00:00,150270000046,Bollate,0.7233042911110021,Connecting road,one_side,0.10399997234344482,45.54748317850967,9.148074167322996,dentro_sezione,0.0
2026-07-29T17:57:13+00:00,150270000046,Bollate,0.7233042911110021,Motorway,full,0.0,45.548637494915916,9.147269678190169,dentro_sezione,0.0
2026-07-29T17:57:13+00:00,150270000046,Bollate,0.7233042911110021,Secondary road,full,0.0,45.55070810723628,9.146664038825996,dentro_sezione,0.0
2026-07-29T17:57:13+00:00,150270000044,Bollate,0.7092237674852166,Connecting road,full,0.0,45.55017918548694,9.146031515963527,dentro_sezione,0.0
2026-07-29T17:57:13+00:00,150270000046,Bollate,0.7233042911110021,Connecting road,one_side,0.0,45.54868725305985,9.143685927031306,dentro_sezione,0.0
2026-07-29T17:57:13+00:00,150270000044,Bollate,0.7092237674852166,Connecting road,one_side,0.0,45.54868725305985,9.143685927031306,dentro_sezione,0.0
2026-07-29T17:57:13+00:00,150270000046,Bollate,0.7233042911110021,Major local road,one_side,0.0,45.547104666833036,9.147278688778757,dentro_sezione,0.0
2026-07-29T17:57:13+00:00,150270000044,Bollate,0.7092237674852166,Local road,full,0.0,45.54914500065825,9.141324042274013,dentro_sezione,0.0
2026-07-29T17:57:13+00:00,150270000044,Bollate,0.7092237674852166,Local road,one_side,0.0,45.55143582064673,9.141206676152695,dentro_sezione,0.0
2026-07-29T17:57:13+00:00,151660000079,Paderno Dugnano,0.7118644067796609,Major local road,full,0.0,45.57182786079618,9.158215086509971,dentro_sezione,0.0
2026-07-29T17:57:13+00:00,151660000079,Paderno Dugnano,0.7118644067796609,Major local road,one_side,0.0,45.571564446427,9.155176461510562,dentro_sezione,0.0
2026-07-29T17:57:13+00:00,151660000079,Paderno Dugnano,0.7118644067796609,Local road,one_side,0.0,45.569182139068495,9.154652628451949,dentro_sezione,0.0
2026-07-29T17:57:13+00:00,151660000079,Paderno Dugnano,0.7118644067796609,Minor local road,full,0.0,45.569569956181454,9.157563682162007,dentro_sezione,0.0
2026-07-29T17:57:13+00:00,151660000079,Paderno Dugnano,0.7118644067796609,Major local road,full,0.0,45.56779093435091,9.160789902677447,dentro_sezione,0.0
2026-07-29T17:57:13+00:00,150770000455,Cinisello Balsamo,0.7342939680872247,Connecting road,full,0.0,45.5628198241358,9.20016664943403,dentro_sezione,0.0
2026-07-29T17:57:13+00:00,150770000308,Cinisello Balsamo,0.7375002525201512,Connecting road,full,0.0,45.5628198241358,9.20016664943403,dentro_sezione,0.0
2026-07-29T17:57:13+00:00,150770000455,Cinisello Balsamo,0.7342939680872247,Local road,one_side,0.0,45.56207030894774,9.204732755630442,dentro_sezione,0.0
2026-07-29T17:57:13+00:00,150770000370,Cinisello Balsamo,0.7379158285402604,Major local road,one_side,0.02799999713897705,45.57088853270369,9.21266910696619,dentro_sezione,0.0
2026-07-29T17:57:13+00:00,150770000308,Cinisello Balsamo,0.7375002525201512,Connecting road,one_side,0.0,45.57128500494079,9.209350914619835,dentro_sezione,0.0
2026-07-29T17:57:13+00:00,150770000310,Cinisello Balsamo,0.7121097120693088,Connecting road,one_side,0.0,45.57128500494079,9.209350914619835,dentro_sezione,0.0
2026-07-29T17:57:13+00:00,150770000370,Cinisello Balsamo,0.7379158285402604,Connecting road,one_side,0.0,45.57128500494079,9.209350914619835,dentro_sezione,0.0
2026-07-29T17:57:13+00:00,150770000370,Cinisello Balsamo,0.7379158285402604,Major local road,full,0.0,45.57156966721451,9.211245054264982,dentro_sezione,0.0
2026-07-29T17:57:13+00:00,150770000370,Cinisello Balsamo,0.7379158285402604,Major local road,one_side,0.0,45.569831809616325,9.214462823251177,dentro_sezione,0.0
2026-07-29T17:57:13+00:00,150770000308,Cinisello Balsamo,0.7375002525201512,Local road,full,0.0,45.56759310544539,9.21333004495521,dentro_sezione,0.0
2026-07-29T17:57:13+00:00,150770000455,Cinisello Balsamo,0.7342939680872247,Local road,one_side,0.23799997568130493,45.565198121991756,9.20792430639267,dentro_sezione,0.0
2026-07-29T17:57:13+00:00,150770000308,Cinisello Balsamo,0.7375002525201512,Local road,one_side,0.23799997568130493,45.565198121991756,9.20792430639267,dentro_sezione,0.0
2026-07-29T17:57:13+00:00,150770000455,Cinisello Balsamo,0.7342939680872247,Connecting road,full,0.0,45.565241334929205,9.208139213088042,dentro_sezione,0.0
2026-07-29T17:57:13+00:00,150770000308,Cinisello Balsamo,0.7375002525201512,Connecting road,full,0.0,45.565241334929205,9.208139213088042,dentro_sezione,0.0
2026-07-29T17:57:13+00:00,150770000308,Cinisello Balsamo,0.7375002525201512,Connecting road,one_side,0.0,45.567370928132085,9.210477903628986,dentro_sezione,0.0
2026-07-29T17:57:13+00:00,150770000310,Cinisello Balsamo,0.7121097120693088,Connecting road,one_side,0.0,45.567370928132085,9.210477903628986,dentro_sezione,0.0
2026-07-29T17:57:13+00:00,150770000308,Cinisello Balsamo,0.7375002525201512,Local road,full,0.0,45.56369204745294,9.212910239029103,dentro_sezione,0.0
2026-07-29T17:57:13+00:00,150770000455,Cinisello Balsamo,0.7342939680872247,Local road,one_side,0.0,45.56380518663108,9.211345875924794,dentro_sezione,0.0
2026-07-29T17:57:13+00:00,150770000308,Cinisello Balsamo,0.7375002525201512,Local road,one_side,0.0,45.56380518663108,9.211345875924794,dentro_sezione,0.0
2026-07-29T17:57:13+00:00,151590000022,Opera,0.730949158314262,Secondary road,full,0.0,45.40172941918723,9.209231428856178,dentro_sezione,0.0
2026-07-29T17:57:13+00:00,151460002842,Milano,0.741696415945421,Secondary road,full,0.0,45.40172941918723,9.209231428856178,dentro_sezione,0.0
2026-07-29T17:57:13+00:00,151590000022,Opera,0.730949158314262,Secondary road,full,0.0,45.39225546547591,9.211072481355576,dentro_sezione,0.0
2026-07-29T17:57:13+00:00,151460002842,Milano,0.741696415945421,Secondary road,full,0.0,45.39225546547591,9.211072481355576,dentro_sezione,0.0
2026-07-29T17:57:13+00:00,151590000022,Opera,0.730949158314262,Minor local road,full,0.0,45.39381965364314,9.211481553911986,dentro_sezione,0.0
2026-07-29T17:57:13+00:00,151590000014,Opera,0.7350933747370183,Minor local road,full,0.0,45.39381965364314,9.211481553911986,dentro_sezione,0.0
2026-07-29T17:57:13+00:00,151590000013,Opera,0.7339534266263019,Minor local road,one_side,0.0,45.39336750739379,9.211614956889422,dentro_sezione,0.0
2026-07-29T17:57:13+00:00,151590000022,Opera,0.730949158314262,Minor local road,one_side,0.0,45.39336750739379,9.211614956889422,dentro_sezione,0.0
2026-07-29T17:57:13+00:00,151590000014,Opera,0.7350933747370183,Minor local road,one_side,0.0,45.39336750739379,9.211614956889422,dentro_sezione,0.0
2026-07-29T17:57:13+00:00,151460002739,Milano,0.7105830473843242,Local road,one_side,0.0,45.416399000279455,9.239352252220206,dentro_sezione,0.0
2026-07-29T17:57:13+00:00,151460002738,Milano,0.694095645975406,Local road,one_side,0.0,45.416399000279455,9.239352252220206,dentro_sezione,0.0
2026-07-29T17:57:13+00:00,151460002739,Milano,0.7105830473843242,Local road,one_side,0.0,45.41530469682335,9.241945604240724,dentro_sezione,0.0
2026-07-29T17:57:13+00:00,151460002738,Milano,0.694095645975406,Local road,one_side,0.0,45.41530469682335,9.241945604240724,dentro_sezione,0.0
2026-07-29T17:57:13+00:00,150700000003,Cernusco sul Naviglio,0.69710280023203,Connecting road,full,0.0,45.525951341677704,9.322179209606428,dentro_sezione,0.0
2026-07-29T17:57:13+00:00,150700000003,Cernusco sul Naviglio,0.69710280023203,Connecting road,one_side,0.0,45.52364054950547,9.323323644564404,dentro_sezione,0.0
2026-07-29T17:57:13+00:00,151390000001,Mediglia,0.726435540984742,Major local road,full,0.1119999885559082,45.40064114100411,9.322325726723347,dentro_sezione,0.0
2026-07-29T17:57:13+00:00,151390000001,Mediglia,0.726435540984742,Major local road,one_side,0.1119999885559082,45.40011597345246,9.325435218185865,dentro_sezione,0.0
2026-07-29T17:57:13+00:00,151390000001,Mediglia,0.726435540984742,Connecting road,one_side,0.0,45.40120559797648,9.320046818976916,dentro_sezione,0.0
2026-07-29T17:57:13+00:00,151390000003,Mediglia,0.7112179551928244,Major local road,full,0.0,45.401448728766425,9.325190080103233,dentro_sezione,0.0
2026-07-29T17:57:13+00:00,151390000004,Mediglia,0.7585618760948553,Major local road,full,0.0,45.401448728766425,9.325190080103233,dentro_sezione,0.0
2026-07-29T17:57:13+00:00,151390000001,Mediglia,0.726435540984742,Major local road,full,0.0,45.401448728766425,9.325190080103233,dentro_sezione,0.0
2026-07-29T17:57:13+00:00,151390000003,Mediglia,0.7112179551928244,Major local road,one_side,0.0,45.400479126074,9.325556586796566,dentro_sezione,0.0
2026-07-29T17:57:13+00:00,151390000001,Mediglia,0.726435540984742,Major local road,one_side,0.0,45.400479126074,9.325556586796566,dentro_sezione,0.0
2026-07-29T17:57:13+00:00,151390000001,Mediglia,0.726435540984742,Minor local road,one_side,0.0,45.4006120470024,9.322143495082855,dentro_sezione,0.0
2026-07-29T17:57:13+00:00,151390000005,Mediglia,0.7604290822407629,Connecting road,full,0.0,45.3963907308835,9.326313621966435,dentro_sezione,0.0
2026-07-29T17:57:13+00:00,151390000005,Mediglia,0.7604290822407629,Connecting road,one_side,0.0,45.39679434052438,9.32338812732594,dentro_sezione,0.0
2026-07-29T17:57:13+00:00,151390000005,Mediglia,0.7604290822407629,Local road,one_side,0.0,45.396140404746596,9.327497611614783,dentro_sezione,0.0
2026-07-29T17:57:13+00:00,151390000005,Mediglia,0.7604290822407629,Minor local road,one_side,0.0,45.39511055682533,9.328355728091662,dentro_sezione,0.0
2026-07-29T17:57:13+00:00,150700000003,Cernusco sul Naviglio,0.69710280023203,Connecting road,full,0.0,45.52576863285696,9.334861391479718,dentro_sezione,0.0
2026-07-29T17:57:13+00:00,150700000003,Cernusco sul Naviglio,0.69710280023203,Connecting road,one_side,0.0,45.524771461211785,9.331391066137858,dentro_sezione,0.0
2026-07-29T17:57:13+00:00,151390000005,Mediglia,0.7604290822407629,Major local road,one_side,0.1119999885559082,45.39905295930202,9.328756515713911,dentro_sezione,0.0
2026-07-29T17:57:13+00:00,151390000005,Mediglia,0.7604290822407629,Major local road,one_side,0.08499997854232788,45.39772631217181,9.33117829360357,dentro_sezione,0.0
2026-07-29T17:57:13+00:00,151390000003,Mediglia,0.7112179551928244,Major local road,full,0.0,45.40269867414756,9.332973177694676,dentro_sezione,0.0
2026-07-29T17:57:13+00:00,151390000004,Mediglia,0.7585618760948553,Major local road,full,0.0,45.40269867414756,9.332973177694676,dentro_sezione,0.0
2026-07-29T17:57:13+00:00,151390000005,Mediglia,0.7604290822407629,Major local road,one_side,0.0,45.399015751571405,9.328824437964816,dentro_sezione,0.0
2026-07-29T17:57:13+00:00,151390000005,Mediglia,0.7604290822407629,Local road,one_side,0.5,45.391661927242566,9.333920217428222,dentro_sezione,0.0
2026-07-29T17:57:13+00:00,151390000005,Mediglia,0.7604290822407629,Major local road,one_side,0.1119999885559082,45.3984879629764,9.32982427184603,dentro_sezione,0.0
2026-07-29T17:57:13+00:00,151390000006,Mediglia,0.7320891064249785,Major local road,full,0.08499997854232788,45.39695368826313,9.331997118685997,dentro_sezione,0.0
2026-07-29T17:57:13+00:00,151390000005,Mediglia,0.7604290822407629,Major local road,full,0.08499997854232788,45.39695368826313,9.331997118685997,dentro_sezione,0.0
2026-07-29T17:57:13+00:00,151390000006,Mediglia,0.7320891064249785,Major local road,one_side,0.08499997854232788,45.397397408578335,9.33153051912404,dentro_sezione,0.0
2026-07-29T17:57:13+00:00,151390000005,Mediglia,0.7604290822407629,Major local road,one_side,0.08499997854232788,45.397397408578335,9.33153051912404,dentro_sezione,0.0
2026-07-29T17:57:13+00:00,151390000006,Mediglia,0.7320891064249785,Local road,full,0.08499997854232788,45.39608792001459,9.332509194682364,dentro_sezione,0.0
2026-07-29T17:57:13+00:00,151390000005,Mediglia,0.7604290822407629,Local road,full,0.08499997854232788,45.39608792001459,9.332509194682364,dentro_sezione,0.0
2026-07-29T17:57:13+00:00,151390000006,Mediglia,0.7320891064249785,Local road,one_side,0.08499997854232788,45.39428627919032,9.333137880280193,dentro_sezione,0.0
2026-07-29T17:57:13+00:00,151390000005,Mediglia,0.7604290822407629,Local road,one_side,0.08499997854232788,45.39428627919032,9.333137880280193,dentro_sezione,0.0
2026-07-29T17:57:13+00:00,151390000005,Mediglia,0.7604290822407629,Connecting road,full,0.0,45.39638593209097,9.326481688905965,dentro_sezione,0.0
2026-07-29T17:57:13+00:00,151390000005,Mediglia,0.7604290822407629,Connecting road,one_side,0.0,45.393074928382816,9.32979317581705,dentro_sezione,0.0
2026-07-29T17:57:13+00:00,151390000006,Mediglia,0.7320891064249785,Major local road,one_side,0.0,45.39818837607181,9.330292670001704,dentro_sezione,0.0
2026-07-29T17:57:13+00:00,151390000005,Mediglia,0.7604290822407629,Major local road,one_side,0.0,45.39818837607181,9.330292670001704,dentro_sezione,0.0
2026-07-29T17:57:13+00:00,151390000006,Mediglia,0.7320891064249785,Local road,one_side,0.0,45.39371967141698,9.331700542470275,dentro_sezione,0.0
2026-07-29T17:57:13+00:00,151390000005,Mediglia,0.7604290822407629,Local road,one_side,0.0,45.39371967141698,9.331700542470275,dentro_sezione,0.0
2026-07-29T17:57:13+00:00,151390000006,Mediglia,0.7320891064249785,Minor local road,full,0.0,45.39522836417661,9.332302120406032,dentro_sezione,0.0
2026-07-29T17:57:13+00:00,151390000005,Mediglia,0.7604290822407629,Minor local road,full,0.0,45.39522836417661,9.332302120406032,dentro_sezione,0.0
2026-07-29T17:57:13+00:00,151390000005,Mediglia,0.7604290822407629,Minor local road,one_side,0.0,45.39511987030326,9.329358166936347,dentro_sezione,0.0
2026-07-29T17:57:13+00:00,151390000012,Mediglia,0.8052276000196243,Major local road,full,0.0,45.40192324569242,9.33925038288648,dentro_sezione,0.0
2026-07-29T17:57:13+00:00,151390000012,Mediglia,0.8052276000196243,Major local road,one_side,0.0,45.39971558766529,9.340347647666931,dentro_sezione,0.0
2026-07-29T17:57:13+00:00,151720000033,Pessano con Bornago,0.6917868903081323,Connecting road,full,0.0,45.550503057218656,9.371199885655058,dentro_sezione,0.0
2026-07-29T17:57:13+00:00,151720000033,Pessano con Bornago,0.6917868903081323,Connecting road,one_side,0.0,45.55027066137421,9.366442433084678,dentro_sezione,0.0
2026-07-29T17:57:13+00:00,151720000033,Pessano con Bornago,0.6917868903081323,Connecting road,full,0.0,45.55021564954799,9.374260413846567,dentro_sezione,0.0
2026-07-29T17:57:13+00:00,151720000033,Pessano con Bornago,0.6917868903081323,Connecting road,one_side,0.0,45.549440986687095,9.37537659177772,dentro_sezione,0.0
2026-07-29T17:57:13+00:00,151060000002,Gessate,0.7425160242073031,Secondary road,one_side,0.0,45.56467958054513,9.42994085278958,dentro_sezione,0.0
2026-07-29T17:57:13+00:00,151060000002,Gessate,0.7425160242073031,Local road,full,0.0,45.560255313571915,9.432396762804721,dentro_sezione,0.0
2026-07-29T17:57:13+00:00,151060000002,Gessate,0.7425160242073031,Local road,one_side,0.0,45.56454053580137,9.429751142185447,dentro_sezione,0.0
2026-07-29T17:57:13+00:00,151060000001,Gessate,0.6955934512145499,Secondary road,one_side,0.0,45.556528542306786,9.434336921465553,dentro_sezione,0.0
2026-07-29T17:57:13+00:00,151060000002,Gessate,0.7425160242073031,Secondary road,one_side,0.0,45.556528542306786,9.434336921465553,dentro_sezione,0.0
2026-07-29T17:57:13+00:00,151060000001,Gessate,0.6955934512145499,Connecting road,one_side,0.0,45.55590896681553,9.431484338768323,dentro_sezione,0.0
2026-07-29T17:57:13+00:00,151060000024,Gessate,0.7259449304054464,Connecting road,one_side,0.0,45.55590896681553,9.431484338768323,dentro_sezione,0.0
2026-07-29T17:57:13+00:00,151060000001,Gessate,0.6955934512145499,Major local road,one_side,0.0,45.55422279576027,9.432760444383911,dentro_sezione,0.0
2026-07-29T17:57:13+00:00,151060000002,Gessate,0.7425160242073031,Local road,full,0.0,45.560255313571915,9.432396762804721,dentro_sezione,0.0
2026-07-29T17:57:13+00:00,151060000001,Gessate,0.6955934512145499,Local road,one_side,0.0,45.555846588990775,9.43116296524165,dentro_sezione,0.0
2026-07-29T17:57:13+00:00,151060000024,Gessate,0.7259449304054464,Local road,one_side,0.0,45.555846588990775,9.43116296524165,dentro_sezione,0.0
2026-07-29T17:57:13+00:00,151060000002,Gessate,0.7425160242073031,Local road,one_side,0.0,45.555846588990775,9.43116296524165,dentro_sezione,0.0
2026-07-29T17:57:13+00:00,151780000007,Pozzuolo Martesana,0.6870828006360621,Major local road,one_side,0.0,45.5162997071174,9.452851839905524,dentro_sezione,0.0
2026-07-29T17:57:13+00:00,151780000006,Pozzuolo Martesana,0.7249463935793504,Local road,one_side,0.0,45.51383675500905,9.455127776174606,dentro_sezione,0.0
2026-07-29T17:57:13+00:00,151780000010,Pozzuolo Martesana,0.7180720735800431,Local road,one_side,0.0,45.51383675500905,9.455127776174606,dentro_sezione,0.0
2026-07-29T17:57:13+00:00,151780000006,Pozzuolo Martesana,0.7249463935793504,Local road,one_side,0.0,45.51352177880894,9.45403040996121,dentro_sezione,0.0
2026-07-29T17:57:13+00:00,151780000010,Pozzuolo Martesana,0.7180720735800431,Local road,one_side,0.0,45.51352177880894,9.45403040996121,dentro_sezione,0.0
2026-07-29T17:57:13+00:00,151780000010,Pozzuolo Martesana,0.7180720735800431,Connecting road,full,0.0,45.513599351573255,9.460939502465216,dentro_sezione,0.0
2026-07-29T17:57:13+00:00,151780000007,Pozzuolo Martesana,0.6870828006360621,Connecting road,full,0.0,45.513599351573255,9.460939502465216,dentro_sezione,0.0
2026-07-29T17:57:13+00:00,151780000010,Pozzuolo Martesana,0.7180720735800431,Connecting road,one_side,0.0,45.51563145821439,9.465520992389205,dentro_sezione,0.0
2026-07-29T17:57:13+00:00,151780000007,Pozzuolo Martesana,0.6870828006360621,Connecting road,one_side,0.0,45.51563145821439,9.465520992389205,dentro_sezione,0.0
2026-07-29T17:57:13+00:00,151780000010,Pozzuolo Martesana,0.7180720735800431,Major local road,one_side,0.0,45.51532070853119,9.459851812271916,dentro_sezione,0.0
2026-07-29T17:57:13+00:00,151780000007,Pozzuolo Martesana,0.6870828006360621,Major local road,one_side,0.0,45.51532070853119,9.459851812271916,dentro_sezione,0.0
2026-07-29T17:57:13+00:00,151780000006,Pozzuolo Martesana,0.7249463935793504,Local road,one_side,0.0,45.51362060641403,9.459314526874598,dentro_sezione,0.0
2026-07-29T17:57:13+00:00,151780000010,Pozzuolo Martesana,0.7180720735800431,Local road,one_side,0.0,45.51362060641403,9.459314526874598,dentro_sezione,0.0
2026-07-29T17:57:13+00:00,151780000010,Pozzuolo Martesana,0.7180720735800431,Connecting road,full,0.0,45.513599351573255,9.460939502465216,dentro_sezione,0.0
2026-07-29T17:57:13+00:00,151780000007,Pozzuolo Martesana,0.6870828006360621,Connecting road,full,0.0,45.513599351573255,9.460939502465216,dentro_sezione,0.0
2026-07-29T17:57:13+00:00,151780000010,Pozzuolo Martesana,0.7180720735800431,Connecting road,one_side,0.0,45.51201985358216,9.463432597695672,dentro_sezione,0.0
2026-07-29T17:57:13+00:00,151780000007,Pozzuolo Martesana,0.6870828006360621,Connecting road,one_side,0.0,45.51201985358216,9.463432597695672,dentro_sezione,0.0
2026-07-29T17:57:13+00:00,151780000010,Pozzuolo Martesana,0.7180720735800431,Major local road,one_side,0.0,45.514391786615064,9.460879607557235,dentro_sezione,0.0
2026-07-29T17:57:13+00:00,151780000007,Pozzuolo Martesana,0.6870828006360621,Major local road,one_side,0.0,45.514391786615064,9.460879607557235,dentro_sezione,0.0
2026-07-29T17:57:13+00:00,151780000006,Pozzuolo Martesana,0.7249463935793504,Local road,one_side,0.0,45.51362060641403,9.459314526874598,dentro_sezione,0.0
2026-07-29T17:57:13+00:00,151780000010,Pozzuolo Martesana,0.7180720735800431,Local road,one_side,0.0,45.51362060641403,9.459314526874598,dentro_sezione,0.0
2026-07-29T17:57:13+00:00,152240000010,Truccazzano,0.7476905228465803,Connecting road,one_side,0.0,45.463656188833134,9.475532115410585,dentro_sezione,0.0
2026-07-29T17:57:13+00:00,150590000040,Cassano d'Adda,0.8090312749814579,Connecting road,full,0.0,45.50586857074825,9.527646386145808,dentro_sezione,0.0
2026-07-29T17:57:13+00:00,150590000040,Cassano d'Adda,0.8090312749814579,Connecting road,one_side,0.0,45.506227865561726,9.526025437081474,dentro_sezione,0.0
2026-07-29T17:57:13+00:00,150590000040,Cassano d'Adda,0.8090312749814579,Connecting road,full,0.0,45.50465141333191,9.53149248144333,dentro_sezione,0.0
2026-07-29T17:57:13+00:00,150590000040,Cassano d'Adda,0.8090312749814579,Connecting road,one_side,0.0,45.50481444915567,9.530592811924295,dentro_sezione,0.0
2026-07-29T17:57:13+00:00,150990000018,Dairago,0.7297543772564479,Connecting road,one_side,0.0,45.564686052346,8.860306390456056,piu_vicino_esterno,163.7
2026-07-29T17:57:13+00:00,150770000392,Cinisello Balsamo,0.7272782368032968,Connecting road,one_side,0.0,45.57128500494079,9.209350914619835,piu_vicino_esterno,251.1
2026-07-29T17:57:13+00:00,150770000393,Cinisello Balsamo,0.714057724663571,Connecting road,one_side,0.0,45.57128500494079,9.209350914619835,piu_vicino_esterno,263.7
2026-07-29T18:12:13+00:00,151830000004,Robecchetto con Induno,0.7553527057173448,Connecting road,one_side,0.05500000715255737,45.522959213220155,8.775098022241199,dentro_sezione,0.0
2026-07-29T18:12:13+00:00,151830000005,Robecchetto con Induno,0.7359793597243346,Connecting road,one_side,0.05500000715255737,45.522959213220155,8.775098022241199,dentro_sezione,0.0
2026-07-29T18:12:13+00:00,151830000004,Robecchetto con Induno,0.7553527057173448,Connecting road,one_side,0.0,45.52479544595511,8.771081509134973,dentro_sezione,0.0
2026-07-29T18:12:13+00:00,151830000005,Robecchetto con Induno,0.7359793597243346,Connecting road,one_side,0.0,45.52479544595511,8.771081509134973,dentro_sezione,0.0
2026-07-29T18:12:13+00:00,151830000004,Robecchetto con Induno,0.7553527057173448,Major local road,one_side,0.0,45.52593707033944,8.774034097590642,dentro_sezione,0.0
2026-07-29T18:12:13+00:00,151830000005,Robecchetto con Induno,0.7359793597243346,Major local road,one_side,0.0,45.52593707033944,8.774034097590642,dentro_sezione,0.0
2026-07-29T18:12:13+00:00,151830000004,Robecchetto con Induno,0.7553527057173448,Local road,full,0.0,45.52665341304878,8.77813513370993,dentro_sezione,0.0
2026-07-29T18:12:13+00:00,151830000005,Robecchetto con Induno,0.7359793597243346,Local road,full,0.0,45.52665341304878,8.77813513370993,dentro_sezione,0.0
2026-07-29T18:12:13+00:00,151830000004,Robecchetto con Induno,0.7553527057173448,Local road,one_side,0.0,45.52750090024759,8.777482354636556,dentro_sezione,0.0
2026-07-29T18:12:13+00:00,151830000005,Robecchetto con Induno,0.7359793597243346,Local road,one_side,0.0,45.52750090024759,8.777482354636556,dentro_sezione,0.0
2026-07-29T18:12:13+00:00,151830000004,Robecchetto con Induno,0.7553527057173448,Minor local road,one_side,0.0,45.5246629407847,8.777006510696419,dentro_sezione,0.0
2026-07-29T18:12:13+00:00,151830000005,Robecchetto con Induno,0.7359793597243346,Minor local road,one_side,0.0,45.5246629407847,8.777006510696419,dentro_sezione,0.0
2026-07-29T18:12:13+00:00,151830000004,Robecchetto con Induno,0.7553527057173448,Connecting road,one_side,0.05500000715255737,45.52127531795456,8.77769623001356,dentro_sezione,0.0
2026-07-29T18:12:13+00:00,151830000005,Robecchetto con Induno,0.7359793597243346,Connecting road,one_side,0.05500000715255737,45.52127531795456,8.77769623001356,dentro_sezione,0.0
2026-07-29T18:12:13+00:00,151830000004,Robecchetto con Induno,0.7553527057173448,Connecting road,one_side,0.0,45.52127513594969,8.777697367403958,dentro_sezione,0.0
2026-07-29T18:12:13+00:00,151830000005,Robecchetto con Induno,0.7359793597243346,Connecting road,one_side,0.0,45.52127513594969,8.777697367403958,dentro_sezione,0.0
2026-07-29T18:12:13+00:00,151830000004,Robecchetto con Induno,0.7553527057173448,Major local road,one_side,0.0,45.52003006239406,8.771803302455004,dentro_sezione,0.0
2026-07-29T18:12:13+00:00,151830000004,Robecchetto con Induno,0.7553527057173448,Connecting road,one_side,0.05500000715255737,45.52138429939102,8.777471672389858,dentro_sezione,0.0
2026-07-29T18:12:13+00:00,151830000005,Robecchetto con Induno,0.7359793597243346,Connecting road,one_side,0.05500000715255737,45.52138429939102,8.777471672389858,dentro_sezione,0.0
2026-07-29T18:12:13+00:00,151830000004,Robecchetto con Induno,0.7553527057173448,Connecting road,one_side,0.0,45.52138429939102,8.777471672389858,dentro_sezione,0.0
2026-07-29T18:12:13+00:00,151830000005,Robecchetto con Induno,0.7359793597243346,Connecting road,one_side,0.0,45.52138429939102,8.777471672389858,dentro_sezione,0.0
2026-07-29T18:12:13+00:00,151830000005,Robecchetto con Induno,0.7359793597243346,Major local road,full,0.0,45.52572185698712,8.781758926879993,dentro_sezione,0.0
2026-07-29T18:12:13+00:00,151830000004,Robecchetto con Induno,0.7553527057173448,Major local road,one_side,0.0,45.52545606758585,8.783235613334185,dentro_sezione,0.0
2026-07-29T18:12:13+00:00,151830000005,Robecchetto con Induno,0.7359793597243346,Major local road,one_side,0.0,45.52545606758585,8.783235613334185,dentro_sezione,0.0
2026-07-29T18:12:13+00:00,151830000004,Robecchetto con Induno,0.7553527057173448,Local road,full,0.0,45.52665017246545,8.778138354718036,dentro_sezione,0.0
2026-07-29T18:12:13+00:00,151830000005,Robecchetto con Induno,0.7359793597243346,Local road,full,0.0,45.52665017246545,8.778138354718036,dentro_sezione,0.0
2026-07-29T18:12:13+00:00,151830000004,Robecchetto con Induno,0.7553527057173448,Local road,one_side,0.0,45.52614843665075,8.779160738634744,dentro_sezione,0.0
2026-07-29T18:12:13+00:00,151830000005,Robecchetto con Induno,0.7359793597243346,Local road,one_side,0.0,45.52614843665075,8.779160738634744,dentro_sezione,0.0
2026-07-29T18:12:13+00:00,151830000004,Robecchetto con Induno,0.7553527057173448,Minor local road,one_side,0.0,45.524831941765086,8.777906603428388,dentro_sezione,0.0
2026-07-29T18:12:13+00:00,151830000005,Robecchetto con Induno,0.7359793597243346,Minor local road,one_side,0.0,45.524831941765086,8.777906603428388,dentro_sezione,0.0
2026-07-29T18:12:13+00:00,151830000004,Robecchetto con Induno,0.7553527057173448,Connecting road,one_side,0.05500000715255737,45.51961521008448,8.779372786390145,dentro_sezione,0.0
2026-07-29T18:12:13+00:00,151830000005,Robecchetto con Induno,0.7359793597243346,Connecting road,one_side,0.05500000715255737,45.51961521008448,8.779372786390145,dentro_sezione,0.0
2026-07-29T18:12:13+00:00,151830000004,Robecchetto con Induno,0.7553527057173448,Connecting road,one_side,0.008000016212463379,45.51500790823353,8.780879796678562,dentro_sezione,0.0
2026-07-29T18:12:13+00:00,151830000004,Robecchetto con Induno,0.7553527057173448,Connecting road,one_side,0.0,45.51795214783448,8.779916742229418,dentro_sezione,0.0
2026-07-29T18:12:13+00:00,151830000005,Robecchetto con Induno,0.7359793597243346,Connecting road,one_side,0.0,45.51795214783448,8.779916742229418,dentro_sezione,0.0
2026-07-29T18:12:13+00:00,151830000004,Robecchetto con Induno,0.7553527057173448,Major local road,one_side,0.0,45.52129064980628,8.777203055737562,dentro_sezione,0.0
2026-07-29T18:12:13+00:00,150990000004,Dairago,0.7676872328697544,Connecting road,one_side,0.0,45.559969756077514,8.855855576146451,dentro_sezione,0.0
2026-07-29T18:12:13+00:00,150990000005,Dairago,0.7542589327199739,Connecting road,one_side,0.0,45.559969756077514,8.855855576146451,dentro_sezione,0.0
2026-07-29T18:12:13+00:00,150990000006,Dairago,0.7709685518618672,Secondary road,one_side,0.6680000126361847,45.5777463162237,8.860049850307782,dentro_sezione,0.0
2026-07-29T18:12:13+00:00,150990000006,Dairago,0.7709685518618672,Secondary road,one_side,0.597000002861023,45.577741311180816,8.860052659197983,dentro_sezione,0.0
2026-07-29T18:12:13+00:00,150990000006,Dairago,0.7709685518618672,Secondary road,one_side,0.07599997520446777,45.57550377845801,8.861572145141743,dentro_sezione,0.0
2026-07-29T18:12:13+00:00,150990000006,Dairago,0.7709685518618672,Secondary road,one_side,0.046999990940093994,45.57550593488915,8.861569898674606,dentro_sezione,0.0
2026-07-29T18:12:13+00:00,150990000006,Dairago,0.7709685518618672,Secondary road,one_side,0.6680000126361847,45.576270458340744,8.861078470945358,dentro_sezione,0.0
2026-07-29T18:12:13+00:00,150990000006,Dairago,0.7709685518618672,Secondary road,one_side,0.597000002861023,45.576266444336554,8.861078712573057,dentro_sezione,0.0
2026-07-29T18:12:13+00:00,150990000006,Dairago,0.7709685518618672,Secondary road,full,0.07599997520446777,45.574130222271364,8.862384773534133,dentro_sezione,0.0
2026-07-29T18:12:13+00:00,150990000006,Dairago,0.7709685518618672,Secondary road,one_side,0.07599997520446777,45.5752231718279,8.861740512995713,dentro_sezione,0.0
2026-07-29T18:12:13+00:00,150990000006,Dairago,0.7709685518618672,Secondary road,full,0.046999990940093994,45.57413880688018,8.862438694596689,dentro_sezione,0.0
2026-07-29T18:12:13+00:00,150990000006,Dairago,0.7709685518618672,Secondary road,one_side,0.046999990940093994,45.575225457456405,8.86173846888984,dentro_sezione,0.0
2026-07-29T18:12:13+00:00,150990000006,Dairago,0.7709685518618672,Secondary road,full,0.0,45.57386472233244,8.862566283510171,dentro_sezione,0.0
2026-07-29T18:12:13+00:00,150990000005,Dairago,0.7542589327199739,Secondary road,one_side,0.0,45.57043341609905,8.864191937538157,dentro_sezione,0.0
2026-07-29T18:12:13+00:00,150990000001,Dairago,0.7159220448648945,Secondary road,one_side,0.0,45.57043341609905,8.864191937538157,dentro_sezione,0.0
2026-07-29T18:12:13+00:00,150990000002,Dairago,0.6942688026504515,Secondary road,one_side,0.0,45.57043341609905,8.864191937538157,dentro_sezione,0.0
2026-07-29T18:12:13+00:00,150990000006,Dairago,0.7709685518618672,Secondary road,one_side,0.0,45.57043341609905,8.864191937538157,dentro_sezione,0.0
2026-07-29T18:12:13+00:00,150990000005,Dairago,0.7542589327199739,Connecting road,one_side,0.0,45.56869535247887,8.862106087174277,dentro_sezione,0.0
2026-07-29T18:12:13+00:00,150990000001,Dairago,0.7159220448648945,Connecting road,one_side,0.0,45.56869535247887,8.862106087174277,dentro_sezione,0.0
2026-07-29T18:12:13+00:00,150990000002,Dairago,0.6942688026504515,Connecting road,one_side,0.0,45.56869535247887,8.862106087174277,dentro_sezione,0.0
2026-07-29T18:12:13+00:00,150990000006,Dairago,0.7709685518618672,Connecting road,one_side,0.0,45.56869535247887,8.862106087174277,dentro_sezione,0.0
2026-07-29T18:12:13+00:00,150990000005,Dairago,0.7542589327199739,Local road,full,0.0,45.57115044782316,8.861418408582644,dentro_sezione,0.0
2026-07-29T18:12:13+00:00,150990000006,Dairago,0.7709685518618672,Local road,full,0.0,45.57115044782316,8.861418408582644,dentro_sezione,0.0
2026-07-29T18:12:13+00:00,150990000005,Dairago,0.7542589327199739,Local road,one_side,0.0,45.57092412688219,8.861752614264068,dentro_sezione,0.0
2026-07-29T18:12:13+00:00,150990000006,Dairago,0.7709685518618672,Local road,one_side,0.0,45.57092412688219,8.861752614264068,dentro_sezione,0.0
2026-07-29T18:12:13+00:00,150990000006,Dairago,0.7709685518618672,Minor local road,full,0.0,45.57390108315492,8.862335085868835,dentro_sezione,0.0
2026-07-29T18:12:13+00:00,150990000006,Dairago,0.7709685518618672,Minor local road,one_side,0.0,45.57342910946712,8.861447226380976,dentro_sezione,0.0
2026-07-29T18:12:13+00:00,150990000004,Dairago,0.7676872328697544,Secondary road,one_side,0.5300000011920929,45.56544009492621,8.866201355388734,dentro_sezione,0.0
2026-07-29T18:12:13+00:00,150990000001,Dairago,0.7159220448648945,Secondary road,one_side,0.5300000011920929,45.56544009492621,8.866201355388734,dentro_sezione,0.0
2026-07-29T18:12:13+00:00,150990000002,Dairago,0.6942688026504515,Secondary road,one_side,0.5300000011920929,45.56544009492621,8.866201355388734,dentro_sezione,0.0
2026-07-29T18:12:13+00:00,150990000005,Dairago,0.7542589327199739,Connecting road,one_side,0.2639999985694885,45.5661952286511,8.859628736972809,dentro_sezione,0.0
2026-07-29T18:12:13+00:00,150990000001,Dairago,0.7159220448648945,Connecting road,one_side,0.2639999985694885,45.5661952286511,8.859628736972809,dentro_sezione,0.0
2026-07-29T18:12:13+00:00,150990000004,Dairago,0.7676872328697544,Secondary road,one_side,0.021000027656555176,45.56401942637264,8.866815464609585,dentro_sezione,0.0
2026-07-29T18:12:13+00:00,150990000004,Dairago,0.7676872328697544,Secondary road,one_side,0.0,45.566551210878806,8.865832443350866,dentro_sezione,0.0
2026-07-29T18:12:13+00:00,150990000001,Dairago,0.7159220448648945,Secondary road,one_side,0.0,45.566551210878806,8.865832443350866,dentro_sezione,0.0
2026-07-29T18:12:13+00:00,150990000002,Dairago,0.6942688026504515,Secondary road,one_side,0.0,45.566551210878806,8.865832443350866,dentro_sezione,0.0
2026-07-29T18:12:13+00:00,150990000004,Dairago,0.7676872328697544,Connecting road,full,0.0,45.56559331224461,8.864327222945509,dentro_sezione,0.0
2026-07-29T18:12:13+00:00,150990000005,Dairago,0.7542589327199739,Connecting road,full,0.0,45.56559331224461,8.864327222945509,dentro_sezione,0.0
2026-07-29T18:12:13+00:00,150990000001,Dairago,0.7159220448648945,Connecting road,full,0.0,45.56559331224461,8.864327222945509,dentro_sezione,0.0
2026-07-29T18:12:13+00:00,150990000002,Dairago,0.6942688026504515,Connecting road,full,0.0,45.56559331224461,8.864327222945509,dentro_sezione,0.0
2026-07-29T18:12:13+00:00,150990000004,Dairago,0.7676872328697544,Connecting road,one_side,0.0,45.564663171232475,8.86031666458123,dentro_sezione,0.0
2026-07-29T18:12:13+00:00,150990000005,Dairago,0.7542589327199739,Connecting road,one_side,0.0,45.564663171232475,8.86031666458123,dentro_sezione,0.0
2026-07-29T18:12:13+00:00,150990000001,Dairago,0.7159220448648945,Connecting road,one_side,0.0,45.564663171232475,8.86031666458123,dentro_sezione,0.0
2026-07-29T18:12:13+00:00,150990000002,Dairago,0.6942688026504515,Connecting road,one_side,0.0,45.564663171232475,8.86031666458123,dentro_sezione,0.0
2026-07-29T18:12:13+00:00,150990000004,Dairago,0.7676872328697544,Major local road,one_side,0.0,45.563239021472114,8.860581830730837,dentro_sezione,0.0
2026-07-29T18:12:13+00:00,150990000005,Dairago,0.7542589327199739,Major local road,one_side,0.0,45.563239021472114,8.860581830730837,dentro_sezione,0.0
2026-07-29T18:12:13+00:00,150990000001,Dairago,0.7159220448648945,Secondary road,one_side,0.0,45.567936262877204,8.86530759774731,dentro_sezione,0.0
2026-07-29T18:12:13+00:00,150990000002,Dairago,0.6942688026504515,Secondary road,one_side,0.0,45.567936262877204,8.86530759774731,dentro_sezione,0.0
2026-07-29T18:12:13+00:00,150990000004,Dairago,0.7676872328697544,Secondary road,one_side,0.5300000011920929,45.56544009492621,8.866201355388734,dentro_sezione,0.0
2026-07-29T18:12:13+00:00,150990000001,Dairago,0.7159220448648945,Secondary road,one_side,0.5300000011920929,45.56544009492621,8.866201355388734,dentro_sezione,0.0
2026-07-29T18:12:13+00:00,150990000002,Dairago,0.6942688026504515,Secondary road,one_side,0.5300000011920929,45.56544009492621,8.866201355388734,dentro_sezione,0.0
2026-07-29T18:12:13+00:00,150990000004,Dairago,0.7676872328697544,Secondary road,one_side,0.021000027656555176,45.56195757899555,8.867818518860028,dentro_sezione,0.0
2026-07-29T18:12:13+00:00,150990000004,Dairago,0.7676872328697544,Secondary road,one_side,0.0,45.56471722896413,8.866635284090814,dentro_sezione,0.0
2026-07-29T18:12:13+00:00,150990000001,Dairago,0.7159220448648945,Secondary road,one_side,0.0,45.56471722896413,8.866635284090814,dentro_sezione,0.0
2026-07-29T18:12:13+00:00,150990000002,Dairago,0.6942688026504515,Secondary road,one_side,0.0,45.56471722896413,8.866635284090814,dentro_sezione,0.0
2026-07-29T18:12:13+00:00,150990000004,Dairago,0.7676872328697544,Connecting road,full,0.0,45.566236844428026,8.865384249111933,dentro_sezione,0.0
2026-07-29T18:12:13+00:00,150990000001,Dairago,0.7159220448648945,Connecting road,full,0.0,45.566236844428026,8.865384249111933,dentro_sezione,0.0
2026-07-29T18:12:13+00:00,150990000002,Dairago,0.6942688026504515,Connecting road,full,0.0,45.566236844428026,8.865384249111933,dentro_sezione,0.0
2026-07-29T18:12:13+00:00,150990000004,Dairago,0.7676872328697544,Connecting road,one_side,0.0,45.565772277047955,8.87122243071949,dentro_sezione,0.0
2026-07-29T18:12:13+00:00,150990000001,Dairago,0.7159220448648945,Connecting road,one_side,0.0,45.565772277047955,8.87122243071949,dentro_sezione,0.0
2026-07-29T18:12:13+00:00,150990000002,Dairago,0.6942688026504515,Connecting road,one_side,0.0,45.565772277047955,8.87122243071949,dentro_sezione,0.0
2026-07-29T18:12:13+00:00,151840000003,Robecco sul Naviglio,0.7196016242096119,Secondary road,full,0.0,45.43738004527872,8.884716475393938,dentro_sezione,0.0
2026-07-29T18:12:13+00:00,151840000006,Robecco sul Naviglio,0.7230185825971769,Secondary road,full,0.0,45.43738004527872,8.884716475393938,dentro_sezione,0.0
2026-07-29T18:12:13+00:00,151840000004,Robecco sul Naviglio,0.7107590900039538,Secondary road,full,0.0,45.43738004527872,8.884716475393938,dentro_sezione,0.0
2026-07-29T18:12:13+00:00,151840000006,Robecco sul Naviglio,0.7230185825971769,Secondary road,one_side,0.0,45.441021454681305,8.886726811167174,dentro_sezione,0.0
2026-07-29T18:12:13+00:00,151840000004,Robecco sul Naviglio,0.7107590900039538,Secondary road,one_side,0.0,45.441021454681305,8.886726811167174,dentro_sezione,0.0
2026-07-29T18:12:13+00:00,151840000004,Robecco sul Naviglio,0.7107590900039538,Connecting road,one_side,0.0,45.44215302778418,8.881694311544635,dentro_sezione,0.0
2026-07-29T18:12:13+00:00,151840000008,Robecco sul Naviglio,0.7257111688941349,Connecting road,one_side,0.0,45.44215302778418,8.881694311544635,dentro_sezione,0.0
2026-07-29T18:12:13+00:00,151840000008,Robecco sul Naviglio,0.7257111688941349,Minor local road,one_side,0.0,45.44305633774382,8.87880615453956,dentro_sezione,0.0
2026-07-29T18:12:13+00:00,151840000003,Robecco sul Naviglio,0.7196016242096119,Secondary road,full,0.0,45.436020247875916,8.88427360275287,dentro_sezione,0.0
2026-07-29T18:12:13+00:00,151840000006,Robecco sul Naviglio,0.7230185825971769,Secondary road,full,0.0,45.436020247875916,8.88427360275287,dentro_sezione,0.0
2026-07-29T18:12:13+00:00,151840000004,Robecco sul Naviglio,0.7107590900039538,Secondary road,full,0.0,45.436020247875916,8.88427360275287,dentro_sezione,0.0
2026-07-29T18:12:13+00:00,151840000003,Robecco sul Naviglio,0.7196016242096119,Secondary road,one_side,0.0,45.432741752237355,8.885387574658592,dentro_sezione,0.0
2026-07-29T18:12:13+00:00,151840000006,Robecco sul Naviglio,0.7230185825971769,Secondary road,one_side,0.0,45.432741752237355,8.885387574658592,dentro_sezione,0.0
2026-07-29T18:12:13+00:00,151840000004,Robecco sul Naviglio,0.7107590900039538,Secondary road,one_side,0.0,45.432741752237355,8.885387574658592,dentro_sezione,0.0
2026-07-29T18:12:13+00:00,151840000003,Robecco sul Naviglio,0.7196016242096119,Connecting road,full,0.0,45.434818033444905,8.888212023960996,dentro_sezione,0.0
2026-07-29T18:12:13+00:00,151840000004,Robecco sul Naviglio,0.7107590900039538,Connecting road,full,0.0,45.434818033444905,8.888212023960996,dentro_sezione,0.0
2026-07-29T18:12:13+00:00,151840000003,Robecco sul Naviglio,0.7196016242096119,Connecting road,one_side,0.0,45.43218495639539,8.879627085051737,dentro_sezione,0.0
2026-07-29T18:12:13+00:00,151840000006,Robecco sul Naviglio,0.7230185825971769,Connecting road,one_side,0.0,45.43218495639539,8.879627085051737,dentro_sezione,0.0
2026-07-29T18:12:13+00:00,150410000011,Busto Garolfo,0.7031690557477914,Major local road,one_side,0.0,45.547462481839126,8.892937891739695,dentro_sezione,0.0
2026-07-29T18:12:13+00:00,150410000011,Busto Garolfo,0.7031690557477914,Local road,one_side,0.0,45.54847842090824,8.888772558313534,dentro_sezione,0.0
2026-07-29T18:12:13+00:00,150410000011,Busto Garolfo,0.7031690557477914,Connecting road,one_side,0.0,45.54197439189159,8.89465136982906,dentro_sezione,0.0
2026-07-29T18:12:13+00:00,150410000011,Busto Garolfo,0.7031690557477914,Major local road,one_side,0.0,45.544562915692,8.895608895264767,dentro_sezione,0.0
2026-07-29T18:12:13+00:00,150410000011,Busto Garolfo,0.7031690557477914,Local road,one_side,0.0,45.540993787214255,8.89150577347488,dentro_sezione,0.0
2026-07-29T18:12:13+00:00,151840000003,Robecco sul Naviglio,0.7196016242096119,Secondary road,full,0.0,45.43673429376078,8.88704731701488,dentro_sezione,0.0
2026-07-29T18:12:13+00:00,151840000004,Robecco sul Naviglio,0.7107590900039538,Secondary road,full,0.0,45.43673429376078,8.88704731701488,dentro_sezione,0.0
2026-07-29T18:12:13+00:00,151840000004,Robecco sul Naviglio,0.7107590900039538,Secondary road,one_side,0.0,45.44129080099548,8.887639896752052,dentro_sezione,0.0
2026-07-29T18:12:13+00:00,151840000003,Robecco sul Naviglio,0.7196016242096119,Secondary road,full,0.0,45.43465511634912,8.88814045588459,dentro_sezione,0.0
2026-07-29T18:12:13+00:00,151840000004,Robecco sul Naviglio,0.7107590900039538,Secondary road,full,0.0,45.43465511634912,8.88814045588459,dentro_sezione,0.0
2026-07-29T18:12:13+00:00,151840000003,Robecco sul Naviglio,0.7196016242096119,Connecting road,full,0.0,45.433208070156475,8.889242619884701,dentro_sezione,0.0
2026-07-29T18:12:13+00:00,151840000004,Robecco sul Naviglio,0.7107590900039538,Connecting road,full,0.0,45.433208070156475,8.889242619884701,dentro_sezione,0.0
2026-07-29T18:12:13+00:00,150720000017,Cerro Maggiore,0.6999223680906879,Secondary road,one_side,0.0,45.59469927159379,8.956787134794192,dentro_sezione,0.0
2026-07-29T18:12:13+00:00,150720000017,Cerro Maggiore,0.6999223680906879,Secondary road,full,0.0,45.58848035915598,8.9642983740158,dentro_sezione,0.0
2026-07-29T18:12:13+00:00,150720000017,Cerro Maggiore,0.6999223680906879,Secondary road,one_side,0.0,45.59053028893129,8.961361051470247,dentro_sezione,0.0
2026-07-29T18:12:13+00:00,150720000017,Cerro Maggiore,0.6999223680906879,Major local road,one_side,0.0,45.58829146872337,8.959288092130175,dentro_sezione,0.0
2026-07-29T18:12:13+00:00,150720000017,Cerro Maggiore,0.6999223680906879,Secondary road,full,0.0,45.58756210472569,8.966193376164924,dentro_sezione,0.0
2026-07-29T18:12:13+00:00,150720000017,Cerro Maggiore,0.6999223680906879,Secondary road,one_side,0.0,45.58536762844651,8.971044060006122,dentro_sezione,0.0
2026-07-29T18:12:13+00:00,150720000017,Cerro Maggiore,0.6999223680906879,Connecting road,one_side,0.0,45.58803245184286,8.973497377206987,dentro_sezione,0.0
2026-07-29T18:12:13+00:00,150220000001,Besate,0.8066359409766615,Secondary road,full,0.0,45.31397405974819,8.970680438795323,dentro_sezione,0.0
2026-07-29T18:12:13+00:00,150220000002,Besate,0.8457837792598706,Secondary road,full,0.0,45.31397405974819,8.970680438795323,dentro_sezione,0.0
2026-07-29T18:12:13+00:00,150220000001,Besate,0.8066359409766615,Secondary road,one_side,0.0,45.31693428516195,8.970520214464711,dentro_sezione,0.0
2026-07-29T18:12:13+00:00,150220000002,Besate,0.8457837792598706,Secondary road,one_side,0.0,45.31693428516195,8.970520214464711,dentro_sezione,0.0
2026-07-29T18:12:13+00:00,150220000001,Besate,0.8066359409766615,Secondary road,full,0.0,45.31230807897691,8.970803137994647,dentro_sezione,0.0
2026-07-29T18:12:13+00:00,150220000002,Besate,0.8457837792598706,Secondary road,full,0.0,45.31230807897691,8.970803137994647,dentro_sezione,0.0
2026-07-29T18:12:13+00:00,150220000001,Besate,0.8066359409766615,Secondary road,one_side,0.0,45.30850050611067,8.971050499191625,dentro_sezione,0.0
2026-07-29T18:12:13+00:00,150220000002,Besate,0.8457837792598706,Secondary road,one_side,0.0,45.30850050611067,8.971050499191625,dentro_sezione,0.0
2026-07-29T18:12:13+00:00,150220000002,Besate,0.8457837792598706,Connecting road,one_side,0.0,45.31011677645614,8.97243897841263,dentro_sezione,0.0
2026-07-29T18:12:13+00:00,151030000093,Gaggiano,0.7171341415902132,Connecting road,full,0.0,45.37753558005545,9.02820117450363,dentro_sezione,0.0
2026-07-29T18:12:13+00:00,151030000093,Gaggiano,0.7171341415902132,Connecting road,one_side,0.0,45.37922478434031,9.025526004065227,dentro_sezione,0.0
2026-07-29T18:12:13+00:00,152360000001,Vernate,0.7404237143838364,Major road,full,0.0,45.33115422928388,9.051982675890759,dentro_sezione,0.0
2026-07-29T18:12:13+00:00,152360000001,Vernate,0.7404237143838364,Major road,one_side,0.0,45.333667378972784,9.04899330877629,dentro_sezione,0.0
2026-07-29T18:12:13+00:00,152360000001,Vernate,0.7404237143838364,Secondary road,full,0.0,45.33085582197837,9.05174506782142,dentro_sezione,0.0
2026-07-29T18:12:13+00:00,152360000001,Vernate,0.7404237143838364,Secondary road,one_side,0.0,45.3294711922926,9.049540764120502,dentro_sezione,0.0
2026-07-29T18:12:13+00:00,152360000004,Vernate,0.7248915606322527,Connecting road,full,0.0,45.31713370461864,9.060332435953853,dentro_sezione,0.0
2026-07-29T18:12:13+00:00,152360000004,Vernate,0.7248915606322527,Connecting road,one_side,0.0,45.31685556517416,9.058201381824388,dentro_sezione,0.0
2026-07-29T18:12:13+00:00,150270000044,Bollate,0.7092237674852166,Connecting road,full,0.0,45.551101576535864,9.141299958119559,dentro_sezione,0.0
2026-07-29T18:12:13+00:00,150270000044,Bollate,0.7092237674852166,Connecting road,one_side,0.0,45.54765211863531,9.13664998664483,dentro_sezione,0.0
2026-07-29T18:12:13+00:00,150270000044,Bollate,0.7092237674852166,Local road,full,0.0,45.5486136227763,9.137978497546188,dentro_sezione,0.0
2026-07-29T18:12:13+00:00,150270000044,Bollate,0.7092237674852166,Local road,one_side,0.0,45.548053546812085,9.134701202311362,dentro_sezione,0.0
2026-07-29T18:12:13+00:00,150270000046,Bollate,0.7233042911110021,Connecting road,one_side,0.5539999902248383,45.54699075836586,9.143249107939155,dentro_sezione,0.0
2026-07-29T18:12:13+00:00,150270000046,Bollate,0.7233042911110021,Connecting road,one_side,0.09299999475479126,45.54748317850967,9.148074167322996,dentro_sezione,0.0
2026-07-29T18:12:13+00:00,150270000046,Bollate,0.7233042911110021,Motorway,full,0.0,45.548637494915916,9.147269678190169,dentro_sezione,0.0
2026-07-29T18:12:13+00:00,150270000046,Bollate,0.7233042911110021,Secondary road,full,0.0,45.55070810723628,9.146664038825996,dentro_sezione,0.0
2026-07-29T18:12:13+00:00,150270000044,Bollate,0.7092237674852166,Connecting road,full,0.0,45.55017918548694,9.146031515963527,dentro_sezione,0.0
2026-07-29T18:12:13+00:00,150270000046,Bollate,0.7233042911110021,Connecting road,one_side,0.0,45.54868725305985,9.143685927031306,dentro_sezione,0.0
2026-07-29T18:12:13+00:00,150270000044,Bollate,0.7092237674852166,Connecting road,one_side,0.0,45.54868725305985,9.143685927031306,dentro_sezione,0.0
2026-07-29T18:12:13+00:00,150270000046,Bollate,0.7233042911110021,Major local road,one_side,0.0,45.547104666833036,9.147278688778757,dentro_sezione,0.0
2026-07-29T18:12:13+00:00,150270000044,Bollate,0.7092237674852166,Local road,full,0.0,45.549132817135515,9.14128879881228,dentro_sezione,0.0
2026-07-29T18:12:13+00:00,150270000044,Bollate,0.7092237674852166,Local road,one_side,0.0,45.550272630178966,9.140753786890018,dentro_sezione,0.0
2026-07-29T18:12:13+00:00,151660000079,Paderno Dugnano,0.7118644067796609,Major local road,full,0.28299999237060547,45.57025751085275,9.156672853073523,dentro_sezione,0.0
2026-07-29T18:12:13+00:00,151660000079,Paderno Dugnano,0.7118644067796609,Minor local road,full,0.28299999237060547,45.570663212564014,9.156505794939457,dentro_sezione,0.0
2026-07-29T18:12:13+00:00,151660000079,Paderno Dugnano,0.7118644067796609,Major local road,full,0.0,45.571838100598896,9.158225142972992,dentro_sezione,0.0
2026-07-29T18:12:13+00:00,151660000079,Paderno Dugnano,0.7118644067796609,Major local road,one_side,0.0,45.57115547810489,9.15556725583581,dentro_sezione,0.0
2026-07-29T18:12:13+00:00,151660000079,Paderno Dugnano,0.7118644067796609,Local road,one_side,0.0,45.5697584120831,9.154184216067337,dentro_sezione,0.0
2026-07-29T18:12:13+00:00,151660000079,Paderno Dugnano,0.7118644067796609,Major local road,full,0.0,45.56765660396396,9.16061173142433,dentro_sezione,0.0
2026-07-29T18:12:13+00:00,150770000455,Cinisello Balsamo,0.7342939680872247,Connecting road,full,0.0,45.5628198241358,9.20016664943403,dentro_sezione,0.0
2026-07-29T18:12:13+00:00,150770000308,Cinisello Balsamo,0.7375002525201512,Connecting road,full,0.0,45.5628198241358,9.20016664943403,dentro_sezione,0.0
2026-07-29T18:12:13+00:00,150770000455,Cinisello Balsamo,0.7342939680872247,Local road,one_side,0.0,45.56207030894774,9.204732755630442,dentro_sezione,0.0
2026-07-29T18:12:13+00:00,150770000308,Cinisello Balsamo,0.7375002525201512,Connecting road,one_side,0.0,45.57128500494079,9.209350914619835,dentro_sezione,0.0
2026-07-29T18:12:13+00:00,150770000310,Cinisello Balsamo,0.7121097120693088,Connecting road,one_side,0.0,45.57128500494079,9.209350914619835,dentro_sezione,0.0
2026-07-29T18:12:13+00:00,150770000370,Cinisello Balsamo,0.7379158285402604,Connecting road,one_side,0.0,45.57128500494079,9.209350914619835,dentro_sezione,0.0
2026-07-29T18:12:13+00:00,150770000370,Cinisello Balsamo,0.7379158285402604,Major local road,full,0.0,45.57139631159235,9.211628724443395,dentro_sezione,0.0
2026-07-29T18:12:13+00:00,150770000370,Cinisello Balsamo,0.7379158285402604,Major local road,one_side,0.0,45.57017707105753,9.213775088261608,dentro_sezione,0.0
2026-07-29T18:12:13+00:00,150770000308,Cinisello Balsamo,0.7375002525201512,Local road,full,0.0,45.56759310544539,9.21333004495521,dentro_sezione,0.0
2026-07-29T18:12:13+00:00,150770000308,Cinisello Balsamo,0.7375002525201512,Connecting road,full,0.23199999332427979,45.56591399061943,9.210893623933801,dentro_sezione,0.0
2026-07-29T18:12:13+00:00,150770000455,Cinisello Balsamo,0.7342939680872247,Local road,one_side,0.20399999618530273,45.565198121991756,9.20792430639267,dentro_sezione,0.0
2026-07-29T18:12:13+00:00,150770000308,Cinisello Balsamo,0.7375002525201512,Local road,one_side,0.20399999618530273,45.565198121991756,9.20792430639267,dentro_sezione,0.0
2026-07-29T18:12:13+00:00,150770000455,Cinisello Balsamo,0.7342939680872247,Connecting road,full,0.0,45.56523726246639,9.208122537044257,dentro_sezione,0.0
2026-07-29T18:12:13+00:00,150770000308,Cinisello Balsamo,0.7375002525201512,Connecting road,full,0.0,45.56523726246639,9.208122537044257,dentro_sezione,0.0
2026-07-29T18:12:13+00:00,150770000308,Cinisello Balsamo,0.7375002525201512,Connecting road,one_side,0.0,45.567370928132085,9.210477903628986,dentro_sezione,0.0
2026-07-29T18:12:13+00:00,150770000310,Cinisello Balsamo,0.7121097120693088,Connecting road,one_side,0.0,45.567370928132085,9.210477903628986,dentro_sezione,0.0
2026-07-29T18:12:13+00:00,150770000308,Cinisello Balsamo,0.7375002525201512,Local road,full,0.0,45.56384641423085,9.2129889677086,dentro_sezione,0.0
2026-07-29T18:12:13+00:00,150770000455,Cinisello Balsamo,0.7342939680872247,Local road,one_side,0.0,45.56389575317828,9.211497292683664,dentro_sezione,0.0
2026-07-29T18:12:13+00:00,150770000308,Cinisello Balsamo,0.7375002525201512,Local road,one_side,0.0,45.56389575317828,9.211497292683664,dentro_sezione,0.0
2026-07-29T18:12:13+00:00,151590000022,Opera,0.730949158314262,Secondary road,full,0.0,45.40077442250908,9.209469310683023,dentro_sezione,0.0
2026-07-29T18:12:13+00:00,151460002842,Milano,0.741696415945421,Secondary road,full,0.0,45.40077442250908,9.209469310683023,dentro_sezione,0.0
2026-07-29T18:12:13+00:00,151590000022,Opera,0.730949158314262,Minor local road,full,0.27399998903274536,45.39534490000107,9.211142824161739,dentro_sezione,0.0
2026-07-29T18:12:13+00:00,151590000014,Opera,0.7350933747370183,Minor local road,full,0.27399998903274536,45.39534490000107,9.211142824161739,dentro_sezione,0.0
2026-07-29T18:12:13+00:00,151590000013,Opera,0.7339534266263019,Minor local road,one_side,0.27399998903274536,45.395523430109826,9.211680808033528,dentro_sezione,0.0
2026-07-29T18:12:13+00:00,151590000022,Opera,0.730949158314262,Minor local road,one_side,0.27399998903274536,45.395523430109826,9.211680808033528,dentro_sezione,0.0
2026-07-29T18:12:13+00:00,151590000014,Opera,0.7350933747370183,Minor local road,one_side,0.27399998903274536,45.395523430109826,9.211680808033528,dentro_sezione,0.0
2026-07-29T18:12:13+00:00,151590000022,Opera,0.730949158314262,Secondary road,full,0.0,45.39225546547591,9.211072481355576,dentro_sezione,0.0
2026-07-29T18:12:13+00:00,151460002842,Milano,0.741696415945421,Secondary road,full,0.0,45.39225546547591,9.211072481355576,dentro_sezione,0.0
2026-07-29T18:12:13+00:00,151590000022,Opera,0.730949158314262,Minor local road,full,0.0,45.39362464967241,9.211524860782351,dentro_sezione,0.0
2026-07-29T18:12:13+00:00,151590000014,Opera,0.7350933747370183,Minor local road,full,0.0,45.39362464967241,9.211524860782351,dentro_sezione,0.0
2026-07-29T18:12:13+00:00,151590000013,Opera,0.7339534266263019,Minor local road,one_side,0.0,45.393274362807496,9.211612111853498,dentro_sezione,0.0
2026-07-29T18:12:13+00:00,151590000022,Opera,0.730949158314262,Minor local road,one_side,0.0,45.393274362807496,9.211612111853498,dentro_sezione,0.0
2026-07-29T18:12:13+00:00,151590000014,Opera,0.7350933747370183,Minor local road,one_side,0.0,45.393274362807496,9.211612111853498,dentro_sezione,0.0
2026-07-29T18:12:13+00:00,151460002739,Milano,0.7105830473843242,Local road,one_side,0.0,45.416399000279455,9.239352252220206,dentro_sezione,0.0
2026-07-29T18:12:13+00:00,151460002738,Milano,0.694095645975406,Local road,one_side,0.0,45.416399000279455,9.239352252220206,dentro_sezione,0.0
2026-07-29T18:12:13+00:00,151460002739,Milano,0.7105830473843242,Local road,one_side,0.0,45.41530469682335,9.241945604240724,dentro_sezione,0.0
2026-07-29T18:12:13+00:00,151460002738,Milano,0.694095645975406,Local road,one_side,0.0,45.41530469682335,9.241945604240724,dentro_sezione,0.0
2026-07-29T18:12:13+00:00,150700000003,Cernusco sul Naviglio,0.69710280023203,Connecting road,full,0.0,45.526320116081415,9.322236627355936,dentro_sezione,0.0
2026-07-29T18:12:13+00:00,150700000003,Cernusco sul Naviglio,0.69710280023203,Connecting road,one_side,0.0,45.52385482525997,9.32355774741958,dentro_sezione,0.0
2026-07-29T18:12:13+00:00,151390000001,Mediglia,0.726435540984742,Major local road,full,0.014999985694885254,45.40064114100411,9.322325726723347,dentro_sezione,0.0
2026-07-29T18:12:13+00:00,151390000001,Mediglia,0.726435540984742,Major local road,one_side,0.014999985694885254,45.40011597345246,9.325435218185865,dentro_sezione,0.0
2026-07-29T18:12:13+00:00,151390000001,Mediglia,0.726435540984742,Connecting road,one_side,0.0,45.40120559797648,9.320046818976916,dentro_sezione,0.0
2026-07-29T18:12:13+00:00,151390000003,Mediglia,0.7112179551928244,Major local road,full,0.0,45.401448728766425,9.325190080103233,dentro_sezione,0.0
2026-07-29T18:12:13+00:00,151390000004,Mediglia,0.7585618760948553,Major local road,full,0.0,45.401448728766425,9.325190080103233,dentro_sezione,0.0
2026-07-29T18:12:13+00:00,151390000001,Mediglia,0.726435540984742,Major local road,full,0.0,45.401448728766425,9.325190080103233,dentro_sezione,0.0
2026-07-29T18:12:13+00:00,151390000003,Mediglia,0.7112179551928244,Major local road,one_side,0.0,45.400479126074,9.325556586796566,dentro_sezione,0.0
2026-07-29T18:12:13+00:00,151390000001,Mediglia,0.726435540984742,Major local road,one_side,0.0,45.400479126074,9.325556586796566,dentro_sezione,0.0
2026-07-29T18:12:13+00:00,151390000001,Mediglia,0.726435540984742,Minor local road,one_side,0.0,45.4006120470024,9.322143495082855,dentro_sezione,0.0
2026-07-29T18:12:13+00:00,151390000005,Mediglia,0.7604290822407629,Minor local road,one_side,0.23600000143051147,45.39511055682532,9.328355728091656,dentro_sezione,0.0
2026-07-29T18:12:13+00:00,151390000005,Mediglia,0.7604290822407629,Connecting road,full,0.0,45.3963907308835,9.326313621966435,dentro_sezione,0.0
2026-07-29T18:12:13+00:00,151390000005,Mediglia,0.7604290822407629,Connecting road,one_side,0.0,45.39679434052438,9.32338812732594,dentro_sezione,0.0
2026-07-29T18:12:13+00:00,151390000005,Mediglia,0.7604290822407629,Local road,one_side,0.0,45.396140404746596,9.327497611614783,dentro_sezione,0.0
2026-07-29T18:12:13+00:00,151390000005,Mediglia,0.7604290822407629,Minor local road,one_side,0.0,45.39511055682533,9.32835572809166,dentro_sezione,0.0
2026-07-29T18:12:13+00:00,150700000003,Cernusco sul Naviglio,0.69710280023203,Connecting road,full,0.0,45.52576863285696,9.334861391479718,dentro_sezione,0.0
2026-07-29T18:12:13+00:00,150700000003,Cernusco sul Naviglio,0.69710280023203,Connecting road,one_side,0.0,45.524771461211785,9.331391066137858,dentro_sezione,0.0
2026-07-29T18:12:13+00:00,151390000005,Mediglia,0.7604290822407629,Major local road,one_side,0.046000003814697266,45.39772631217181,9.33117829360357,dentro_sezione,0.0
2026-07-29T18:12:13+00:00,151390000005,Mediglia,0.7604290822407629,Major local road,one_side,0.014999985694885254,45.39905295930202,9.328756515713911,dentro_sezione,0.0
2026-07-29T18:12:13+00:00,151390000003,Mediglia,0.7112179551928244,Major local road,full,0.0,45.40269867414756,9.332973177694676,dentro_sezione,0.0
2026-07-29T18:12:13+00:00,151390000004,Mediglia,0.7585618760948553,Major local road,full,0.0,45.40269867414756,9.332973177694676,dentro_sezione,0.0
2026-07-29T18:12:13+00:00,151390000005,Mediglia,0.7604290822407629,Major local road,one_side,0.0,45.399015751571405,9.328824437964816,dentro_sezione,0.0
2026-07-29T18:12:13+00:00,151390000005,Mediglia,0.7604290822407629,Minor local road,one_side,0.23600000143051147,45.39490806882062,9.328462980029421,dentro_sezione,0.0
2026-07-29T18:12:13+00:00,151390000006,Mediglia,0.7320891064249785,Major local road,full,0.046000003814697266,45.39695368826313,9.331997118685997,dentro_sezione,0.0
2026-07-29T18:12:13+00:00,151390000005,Mediglia,0.7604290822407629,Major local road,full,0.046000003814697266,45.39695368826313,9.331997118685997,dentro_sezione,0.0
2026-07-29T18:12:13+00:00,151390000006,Mediglia,0.7320891064249785,Major local road,one_side,0.046000003814697266,45.397397408578335,9.33153051912404,dentro_sezione,0.0
2026-07-29T18:12:13+00:00,151390000005,Mediglia,0.7604290822407629,Major local road,one_side,0.046000003814697266,45.397397408578335,9.33153051912404,dentro_sezione,0.0
2026-07-29T18:12:13+00:00,151390000006,Mediglia,0.7320891064249785,Local road,full,0.046000003814697266,45.39608792001459,9.332509194682364,dentro_sezione,0.0
2026-07-29T18:12:13+00:00,151390000005,Mediglia,0.7604290822407629,Local road,full,0.046000003814697266,45.39608792001459,9.332509194682364,dentro_sezione,0.0
2026-07-29T18:12:13+00:00,151390000006,Mediglia,0.7320891064249785,Local road,one_side,0.046000003814697266,45.394033181412354,9.333216005363909,dentro_sezione,0.0
2026-07-29T18:12:13+00:00,151390000005,Mediglia,0.7604290822407629,Local road,one_side,0.046000003814697266,45.394033181412354,9.333216005363909,dentro_sezione,0.0
2026-07-29T18:12:13+00:00,151390000005,Mediglia,0.7604290822407629,Major local road,one_side,0.014999985694885254,45.3984879629764,9.32982427184603,dentro_sezione,0.0
2026-07-29T18:12:13+00:00,151390000005,Mediglia,0.7604290822407629,Connecting road,full,0.0,45.39638593209097,9.326481688905965,dentro_sezione,0.0
2026-07-29T18:12:13+00:00,151390000005,Mediglia,0.7604290822407629,Connecting road,one_side,0.0,45.393074928382816,9.32979317581705,dentro_sezione,0.0
2026-07-29T18:12:13+00:00,151390000006,Mediglia,0.7320891064249785,Major local road,one_side,0.0,45.39818837607181,9.330292670001704,dentro_sezione,0.0
2026-07-29T18:12:13+00:00,151390000005,Mediglia,0.7604290822407629,Major local road,one_side,0.0,45.39818837607181,9.330292670001704,dentro_sezione,0.0
2026-07-29T18:12:13+00:00,151390000006,Mediglia,0.7320891064249785,Local road,one_side,0.0,45.39371967141698,9.331700542470275,dentro_sezione,0.0
2026-07-29T18:12:13+00:00,151390000005,Mediglia,0.7604290822407629,Local road,one_side,0.0,45.39371967141698,9.331700542470275,dentro_sezione,0.0
2026-07-29T18:12:13+00:00,151390000006,Mediglia,0.7320891064249785,Minor local road,full,0.0,45.39522836417661,9.332302120406032,dentro_sezione,0.0
2026-07-29T18:12:13+00:00,151390000005,Mediglia,0.7604290822407629,Minor local road,full,0.0,45.39522836417661,9.332302120406032,dentro_sezione,0.0
2026-07-29T18:12:13+00:00,151390000005,Mediglia,0.7604290822407629,Minor local road,one_side,0.0,45.39519400092816,9.329671482801606,dentro_sezione,0.0
2026-07-29T18:12:13+00:00,151390000012,Mediglia,0.8052276000196243,Major local road,full,0.0,45.40192324569242,9.33925038288648,dentro_sezione,0.0
2026-07-29T18:12:13+00:00,151390000012,Mediglia,0.8052276000196243,Major local road,one_side,0.0,45.39971558766529,9.340347647666931,dentro_sezione,0.0
2026-07-29T18:12:13+00:00,151720000033,Pessano con Bornago,0.6917868903081323,Connecting road,full,0.0,45.550503057218656,9.371199885655058,dentro_sezione,0.0
2026-07-29T18:12:13+00:00,151720000033,Pessano con Bornago,0.6917868903081323,Connecting road,one_side,0.0,45.55027066137421,9.366442433084678,dentro_sezione,0.0
2026-07-29T18:12:13+00:00,151720000033,Pessano con Bornago,0.6917868903081323,Connecting road,full,0.0,45.54997239764829,9.375375151996868,dentro_sezione,0.0
2026-07-29T18:12:13+00:00,151720000033,Pessano con Bornago,0.6917868903081323,Connecting road,one_side,0.0,45.54934355939635,9.376151642930555,dentro_sezione,0.0
2026-07-29T18:12:13+00:00,151060000002,Gessate,0.7425160242073031,Secondary road,one_side,0.0,45.56467958054513,9.42994085278958,dentro_sezione,0.0
2026-07-29T18:12:13+00:00,151060000002,Gessate,0.7425160242073031,Local road,full,0.0,45.560255313571915,9.432396762804721,dentro_sezione,0.0
2026-07-29T18:12:13+00:00,151060000002,Gessate,0.7425160242073031,Local road,one_side,0.0,45.56454053580137,9.429751142185447,dentro_sezione,0.0
2026-07-29T18:12:13+00:00,151060000001,Gessate,0.6955934512145499,Secondary road,one_side,0.37199997901916504,45.55416798473077,9.435293616542523,dentro_sezione,0.0
2026-07-29T18:12:13+00:00,151060000001,Gessate,0.6955934512145499,Secondary road,one_side,0.0,45.557251092637316,9.434043921857496,dentro_sezione,0.0
2026-07-29T18:12:13+00:00,151060000002,Gessate,0.7425160242073031,Secondary road,one_side,0.0,45.557251092637316,9.434043921857496,dentro_sezione,0.0
2026-07-29T18:12:13+00:00,151060000001,Gessate,0.6955934512145499,Connecting road,one_side,0.0,45.55590896681553,9.431484338768323,dentro_sezione,0.0
2026-07-29T18:12:13+00:00,151060000024,Gessate,0.7259449304054464,Connecting road,one_side,0.0,45.55590896681553,9.431484338768323,dentro_sezione,0.0
2026-07-29T18:12:13+00:00,151060000001,Gessate,0.6955934512145499,Major local road,one_side,0.0,45.55422279576027,9.432760444383911,dentro_sezione,0.0
2026-07-29T18:12:13+00:00,151060000002,Gessate,0.7425160242073031,Local road,full,0.0,45.560255313571915,9.432396762804721,dentro_sezione,0.0
2026-07-29T18:12:13+00:00,151060000001,Gessate,0.6955934512145499,Local road,one_side,0.0,45.555846588990775,9.43116296524165,dentro_sezione,0.0
2026-07-29T18:12:13+00:00,151060000024,Gessate,0.7259449304054464,Local road,one_side,0.0,45.555846588990775,9.43116296524165,dentro_sezione,0.0
2026-07-29T18:12:13+00:00,151060000002,Gessate,0.7425160242073031,Local road,one_side,0.0,45.555846588990775,9.43116296524165,dentro_sezione,0.0
2026-07-29T18:12:13+00:00,151780000007,Pozzuolo Martesana,0.6870828006360621,Major local road,one_side,0.0,45.5162997071174,9.452851839905524,dentro_sezione,0.0
2026-07-29T18:12:13+00:00,151780000006,Pozzuolo Martesana,0.7249463935793504,Local road,one_side,0.0,45.51383675500905,9.455127776174606,dentro_sezione,0.0
2026-07-29T18:12:13+00:00,151780000010,Pozzuolo Martesana,0.7180720735800431,Local road,one_side,0.0,45.51383675500905,9.455127776174606,dentro_sezione,0.0
2026-07-29T18:12:13+00:00,151780000006,Pozzuolo Martesana,0.7249463935793504,Local road,one_side,0.0,45.51352177880894,9.45403040996121,dentro_sezione,0.0
2026-07-29T18:12:13+00:00,151780000010,Pozzuolo Martesana,0.7180720735800431,Local road,one_side,0.0,45.51352177880894,9.45403040996121,dentro_sezione,0.0
2026-07-29T18:12:13+00:00,151780000010,Pozzuolo Martesana,0.7180720735800431,Connecting road,full,0.0,45.513599351573255,9.460939502465216,dentro_sezione,0.0
2026-07-29T18:12:13+00:00,151780000007,Pozzuolo Martesana,0.6870828006360621,Connecting road,full,0.0,45.513599351573255,9.460939502465216,dentro_sezione,0.0
2026-07-29T18:12:13+00:00,151780000010,Pozzuolo Martesana,0.7180720735800431,Connecting road,one_side,0.0,45.51563145821439,9.465520992389205,dentro_sezione,0.0
2026-07-29T18:12:13+00:00,151780000007,Pozzuolo Martesana,0.6870828006360621,Connecting road,one_side,0.0,45.51563145821439,9.465520992389205,dentro_sezione,0.0
2026-07-29T18:12:13+00:00,151780000010,Pozzuolo Martesana,0.7180720735800431,Major local road,one_side,0.0,45.51532070853119,9.459851812271916,dentro_sezione,0.0
2026-07-29T18:12:13+00:00,151780000007,Pozzuolo Martesana,0.6870828006360621,Major local road,one_side,0.0,45.51532070853119,9.459851812271916,dentro_sezione,0.0
2026-07-29T18:12:13+00:00,151780000006,Pozzuolo Martesana,0.7249463935793504,Local road,one_side,0.0,45.51362060641403,9.459314526874598,dentro_sezione,0.0
2026-07-29T18:12:13+00:00,151780000010,Pozzuolo Martesana,0.7180720735800431,Local road,one_side,0.0,45.51362060641403,9.459314526874598,dentro_sezione,0.0
2026-07-29T18:12:13+00:00,151780000010,Pozzuolo Martesana,0.7180720735800431,Connecting road,full,0.0,45.513599351573255,9.460939502465216,dentro_sezione,0.0
2026-07-29T18:12:13+00:00,151780000007,Pozzuolo Martesana,0.6870828006360621,Connecting road,full,0.0,45.513599351573255,9.460939502465216,dentro_sezione,0.0
2026-07-29T18:12:13+00:00,151780000010,Pozzuolo Martesana,0.7180720735800431,Connecting road,one_side,0.0,45.51201985358216,9.463432597695672,dentro_sezione,0.0
2026-07-29T18:12:13+00:00,151780000007,Pozzuolo Martesana,0.6870828006360621,Connecting road,one_side,0.0,45.51201985358216,9.463432597695672,dentro_sezione,0.0
2026-07-29T18:12:13+00:00,151780000010,Pozzuolo Martesana,0.7180720735800431,Major local road,one_side,0.0,45.514391786615064,9.460879607557235,dentro_sezione,0.0
2026-07-29T18:12:13+00:00,151780000007,Pozzuolo Martesana,0.6870828006360621,Major local road,one_side,0.0,45.514391786615064,9.460879607557235,dentro_sezione,0.0
2026-07-29T18:12:13+00:00,151780000006,Pozzuolo Martesana,0.7249463935793504,Local road,one_side,0.0,45.51362060641403,9.459314526874598,dentro_sezione,0.0
2026-07-29T18:12:13+00:00,151780000010,Pozzuolo Martesana,0.7180720735800431,Local road,one_side,0.0,45.51362060641403,9.459314526874598,dentro_sezione,0.0
2026-07-29T18:12:13+00:00,152240000010,Truccazzano,0.7476905228465803,Connecting road,one_side,0.0,45.463656188833134,9.475532115410585,dentro_sezione,0.0
2026-07-29T18:12:13+00:00,150590000040,Cassano d'Adda,0.8090312749814579,Connecting road,full,0.0,45.50586857074825,9.527646386145808,dentro_sezione,0.0
2026-07-29T18:12:13+00:00,150590000040,Cassano d'Adda,0.8090312749814579,Connecting road,one_side,0.0,45.506227865561726,9.526025437081474,dentro_sezione,0.0
2026-07-29T18:12:13+00:00,150590000040,Cassano d'Adda,0.8090312749814579,Connecting road,full,0.0,45.50465141333191,9.53149248144333,dentro_sezione,0.0
2026-07-29T18:12:13+00:00,150590000040,Cassano d'Adda,0.8090312749814579,Connecting road,one_side,0.0,45.50481444915567,9.530592811924295,dentro_sezione,0.0
2026-07-29T18:12:13+00:00,150990000018,Dairago,0.7297543772564479,Connecting road,one_side,0.0,45.564663171232475,8.86031666458123,piu_vicino_esterno,163.7
2026-07-29T18:12:13+00:00,150770000392,Cinisello Balsamo,0.7272782368032968,Connecting road,one_side,0.0,45.57128500494079,9.209350914619835,piu_vicino_esterno,251.1
2026-07-29T18:12:13+00:00,150770000393,Cinisello Balsamo,0.714057724663571,Connecting road,one_side,0.0,45.57128500494079,9.209350914619835,piu_vicino_esterno,263.7
2026-07-29T18:15:57+00:00,151830000004,Robecchetto con Induno,0.7553527057173448,Connecting road,one_side,0.05900001525878906,45.522959213220155,8.775098022241199,dentro_sezione,0.0
2026-07-29T18:15:57+00:00,151830000005,Robecchetto con Induno,0.7359793597243346,Connecting road,one_side,0.05900001525878906,45.522959213220155,8.775098022241199,dentro_sezione,0.0
2026-07-29T18:15:57+00:00,151830000004,Robecchetto con Induno,0.7553527057173448,Connecting road,one_side,0.0,45.52479544595511,8.771081509134973,dentro_sezione,0.0
2026-07-29T18:15:57+00:00,151830000005,Robecchetto con Induno,0.7359793597243346,Connecting road,one_side,0.0,45.52479544595511,8.771081509134973,dentro_sezione,0.0
2026-07-29T18:15:57+00:00,151830000004,Robecchetto con Induno,0.7553527057173448,Major local road,one_side,0.0,45.52593707033944,8.774034097590642,dentro_sezione,0.0
2026-07-29T18:15:57+00:00,151830000005,Robecchetto con Induno,0.7359793597243346,Major local road,one_side,0.0,45.52593707033944,8.774034097590642,dentro_sezione,0.0
2026-07-29T18:15:57+00:00,151830000004,Robecchetto con Induno,0.7553527057173448,Local road,full,0.0,45.52665341304878,8.77813513370993,dentro_sezione,0.0
2026-07-29T18:15:57+00:00,151830000005,Robecchetto con Induno,0.7359793597243346,Local road,full,0.0,45.52665341304878,8.77813513370993,dentro_sezione,0.0
2026-07-29T18:15:57+00:00,151830000004,Robecchetto con Induno,0.7553527057173448,Local road,one_side,0.0,45.52750090024759,8.777482354636556,dentro_sezione,0.0
2026-07-29T18:15:57+00:00,151830000005,Robecchetto con Induno,0.7359793597243346,Local road,one_side,0.0,45.52750090024759,8.777482354636556,dentro_sezione,0.0
2026-07-29T18:15:57+00:00,151830000004,Robecchetto con Induno,0.7553527057173448,Minor local road,one_side,0.0,45.5246629407847,8.777006510696419,dentro_sezione,0.0
2026-07-29T18:15:57+00:00,151830000005,Robecchetto con Induno,0.7359793597243346,Minor local road,one_side,0.0,45.5246629407847,8.777006510696419,dentro_sezione,0.0
2026-07-29T18:15:57+00:00,151830000004,Robecchetto con Induno,0.7553527057173448,Connecting road,one_side,0.05900001525878906,45.52127531795456,8.77769623001356,dentro_sezione,0.0
2026-07-29T18:15:57+00:00,151830000005,Robecchetto con Induno,0.7359793597243346,Connecting road,one_side,0.05900001525878906,45.52127531795456,8.77769623001356,dentro_sezione,0.0
2026-07-29T18:15:57+00:00,151830000004,Robecchetto con Induno,0.7553527057173448,Connecting road,one_side,0.0,45.52127513594969,8.777697367403958,dentro_sezione,0.0
2026-07-29T18:15:57+00:00,151830000005,Robecchetto con Induno,0.7359793597243346,Connecting road,one_side,0.0,45.52127513594969,8.777697367403958,dentro_sezione,0.0
2026-07-29T18:15:57+00:00,151830000004,Robecchetto con Induno,0.7553527057173448,Major local road,one_side,0.0,45.52003006239406,8.771803302455004,dentro_sezione,0.0
2026-07-29T18:15:57+00:00,151830000004,Robecchetto con Induno,0.7553527057173448,Connecting road,one_side,0.05900001525878906,45.52138429939102,8.777471672389858,dentro_sezione,0.0
2026-07-29T18:15:57+00:00,151830000005,Robecchetto con Induno,0.7359793597243346,Connecting road,one_side,0.05900001525878906,45.52138429939102,8.777471672389858,dentro_sezione,0.0
2026-07-29T18:15:57+00:00,151830000004,Robecchetto con Induno,0.7553527057173448,Connecting road,one_side,0.0,45.52138429939102,8.777471672389858,dentro_sezione,0.0
2026-07-29T18:15:57+00:00,151830000005,Robecchetto con Induno,0.7359793597243346,Connecting road,one_side,0.0,45.52138429939102,8.777471672389858,dentro_sezione,0.0
2026-07-29T18:15:57+00:00,151830000005,Robecchetto con Induno,0.7359793597243346,Major local road,full,0.0,45.52572185698712,8.781758926879993,dentro_sezione,0.0
2026-07-29T18:15:57+00:00,151830000004,Robecchetto con Induno,0.7553527057173448,Major local road,one_side,0.0,45.52545606758585,8.783235613334185,dentro_sezione,0.0
2026-07-29T18:15:57+00:00,151830000005,Robecchetto con Induno,0.7359793597243346,Major local road,one_side,0.0,45.52545606758585,8.783235613334185,dentro_sezione,0.0
2026-07-29T18:15:57+00:00,151830000004,Robecchetto con Induno,0.7553527057173448,Local road,full,0.0,45.52665017246545,8.778138354718036,dentro_sezione,0.0
2026-07-29T18:15:57+00:00,151830000005,Robecchetto con Induno,0.7359793597243346,Local road,full,0.0,45.52665017246545,8.778138354718036,dentro_sezione,0.0
2026-07-29T18:15:57+00:00,151830000004,Robecchetto con Induno,0.7553527057173448,Local road,one_side,0.0,45.52614843665075,8.779160738634744,dentro_sezione,0.0
2026-07-29T18:15:57+00:00,151830000005,Robecchetto con Induno,0.7359793597243346,Local road,one_side,0.0,45.52614843665075,8.779160738634744,dentro_sezione,0.0
2026-07-29T18:15:57+00:00,151830000004,Robecchetto con Induno,0.7553527057173448,Minor local road,one_side,0.0,45.524831941765086,8.777906603428388,dentro_sezione,0.0
2026-07-29T18:15:57+00:00,151830000005,Robecchetto con Induno,0.7359793597243346,Minor local road,one_side,0.0,45.524831941765086,8.777906603428388,dentro_sezione,0.0
2026-07-29T18:15:57+00:00,151830000004,Robecchetto con Induno,0.7553527057173448,Connecting road,one_side,0.05900001525878906,45.51961521008448,8.779372786390145,dentro_sezione,0.0
2026-07-29T18:15:57+00:00,151830000005,Robecchetto con Induno,0.7359793597243346,Connecting road,one_side,0.05900001525878906,45.51961521008448,8.779372786390145,dentro_sezione,0.0
2026-07-29T18:15:57+00:00,151830000004,Robecchetto con Induno,0.7553527057173448,Connecting road,one_side,0.008000016212463379,45.51500790823353,8.780879796678562,dentro_sezione,0.0
2026-07-29T18:15:57+00:00,151830000004,Robecchetto con Induno,0.7553527057173448,Connecting road,one_side,0.0,45.51795215402408,8.779916655609492,dentro_sezione,0.0
2026-07-29T18:15:57+00:00,151830000005,Robecchetto con Induno,0.7359793597243346,Connecting road,one_side,0.0,45.51795215402408,8.779916655609492,dentro_sezione,0.0
2026-07-29T18:15:57+00:00,151830000004,Robecchetto con Induno,0.7553527057173448,Major local road,one_side,0.0,45.52129064980628,8.777203055737562,dentro_sezione,0.0
2026-07-29T18:15:57+00:00,150990000004,Dairago,0.7676872328697544,Connecting road,one_side,0.0,45.559969756077514,8.855855576146451,dentro_sezione,0.0
2026-07-29T18:15:57+00:00,150990000005,Dairago,0.7542589327199739,Connecting road,one_side,0.0,45.559969756077514,8.855855576146451,dentro_sezione,0.0
2026-07-29T18:15:57+00:00,150990000006,Dairago,0.7709685518618672,Secondary road,one_side,0.6759999990463257,45.577741311180816,8.860052659197983,dentro_sezione,0.0
2026-07-29T18:15:57+00:00,150990000006,Dairago,0.7709685518618672,Secondary road,one_side,0.6680000126361847,45.5777463162237,8.860049850307782,dentro_sezione,0.0
2026-07-29T18:15:57+00:00,150990000006,Dairago,0.7709685518618672,Secondary road,one_side,0.10900002717971802,45.575504858752794,8.861571019742145,dentro_sezione,0.0
2026-07-29T18:15:57+00:00,150990000006,Dairago,0.7709685518618672,Secondary road,one_side,0.6759999990463257,45.576266444336554,8.861078712573057,dentro_sezione,0.0
2026-07-29T18:15:57+00:00,150990000006,Dairago,0.7709685518618672,Secondary road,one_side,0.6680000126361847,45.576270458340744,8.861078470945358,dentro_sezione,0.0
2026-07-29T18:15:57+00:00,150990000006,Dairago,0.7709685518618672,Secondary road,full,0.20899999141693115,45.57379030956311,8.862627446651459,dentro_sezione,0.0
2026-07-29T18:15:57+00:00,150990000005,Dairago,0.7542589327199739,Secondary road,one_side,0.20899999141693115,45.570433449813656,8.864192014930888,dentro_sezione,0.0
2026-07-29T18:15:57+00:00,150990000001,Dairago,0.7159220448648945,Secondary road,one_side,0.20899999141693115,45.570433449813656,8.864192014930888,dentro_sezione,0.0
2026-07-29T18:15:57+00:00,150990000002,Dairago,0.6942688026504515,Secondary road,one_side,0.20899999141693115,45.570433449813656,8.864192014930888,dentro_sezione,0.0
2026-07-29T18:15:57+00:00,150990000006,Dairago,0.7709685518618672,Secondary road,one_side,0.20899999141693115,45.570433449813656,8.864192014930888,dentro_sezione,0.0
2026-07-29T18:15:57+00:00,150990000006,Dairago,0.7709685518618672,Secondary road,full,0.10900002717971802,45.574134779973086,8.86241340106102,dentro_sezione,0.0
2026-07-29T18:15:57+00:00,150990000006,Dairago,0.7709685518618672,Secondary road,one_side,0.10900002717971802,45.575224316197556,8.861739489551734,dentro_sezione,0.0
2026-07-29T18:15:57+00:00,150990000006,Dairago,0.7709685518618672,Secondary road,full,0.0,45.573889576547714,8.86254585473303,dentro_sezione,0.0
2026-07-29T18:15:57+00:00,150990000005,Dairago,0.7542589327199739,Secondary road,one_side,0.0,45.57043338237761,8.864191860129752,dentro_sezione,0.0
2026-07-29T18:15:57+00:00,150990000001,Dairago,0.7159220448648945,Secondary road,one_side,0.0,45.57043338237761,8.864191860129752,dentro_sezione,0.0
2026-07-29T18:15:57+00:00,150990000002,Dairago,0.6942688026504515,Secondary road,one_side,0.0,45.57043338237761,8.864191860129752,dentro_sezione,0.0
2026-07-29T18:15:57+00:00,150990000006,Dairago,0.7709685518618672,Secondary road,one_side,0.0,45.57043338237761,8.864191860129752,dentro_sezione,0.0
2026-07-29T18:15:57+00:00,150990000005,Dairago,0.7542589327199739,Connecting road,one_side,0.0,45.56869535247887,8.862106087174277,dentro_sezione,0.0
2026-07-29T18:15:57+00:00,150990000001,Dairago,0.7159220448648945,Connecting road,one_side,0.0,45.56869535247887,8.862106087174277,dentro_sezione,0.0
2026-07-29T18:15:57+00:00,150990000002,Dairago,0.6942688026504515,Connecting road,one_side,0.0,45.56869535247887,8.862106087174277,dentro_sezione,0.0
2026-07-29T18:15:57+00:00,150990000006,Dairago,0.7709685518618672,Connecting road,one_side,0.0,45.56869535247887,8.862106087174277,dentro_sezione,0.0
2026-07-29T18:15:57+00:00,150990000005,Dairago,0.7542589327199739,Local road,full,0.0,45.57115044782316,8.861418408582644,dentro_sezione,0.0
2026-07-29T18:15:57+00:00,150990000006,Dairago,0.7709685518618672,Local road,full,0.0,45.57115044782316,8.861418408582644,dentro_sezione,0.0
2026-07-29T18:15:57+00:00,150990000005,Dairago,0.7542589327199739,Local road,one_side,0.0,45.57092412688219,8.861752614264068,dentro_sezione,0.0
2026-07-29T18:15:57+00:00,150990000006,Dairago,0.7709685518618672,Local road,one_side,0.0,45.57092412688219,8.861752614264068,dentro_sezione,0.0
2026-07-29T18:15:57+00:00,150990000006,Dairago,0.7709685518618672,Minor local road,full,0.0,45.57390108315492,8.862335085868835,dentro_sezione,0.0
2026-07-29T18:15:57+00:00,150990000006,Dairago,0.7709685518618672,Minor local road,one_side,0.0,45.57342910946712,8.861447226380976,dentro_sezione,0.0
2026-07-29T18:15:57+00:00,150990000005,Dairago,0.7542589327199739,Connecting road,one_side,0.2639999985694885,45.5661952286511,8.859628736972809,dentro_sezione,0.0
2026-07-29T18:15:57+00:00,150990000001,Dairago,0.7159220448648945,Connecting road,one_side,0.2639999985694885,45.5661952286511,8.859628736972809,dentro_sezione,0.0
2026-07-29T18:15:57+00:00,150990000004,Dairago,0.7676872328697544,Secondary road,one_side,0.20899999141693115,45.56754907344413,8.865468281462599,dentro_sezione,0.0
2026-07-29T18:15:57+00:00,150990000001,Dairago,0.7159220448648945,Secondary road,one_side,0.20899999141693115,45.56754907344413,8.865468281462599,dentro_sezione,0.0
2026-07-29T18:15:57+00:00,150990000002,Dairago,0.6942688026504515,Secondary road,one_side,0.20899999141693115,45.56754907344413,8.865468281462599,dentro_sezione,0.0
2026-07-29T18:15:57+00:00,150990000004,Dairago,0.7676872328697544,Secondary road,one_side,0.0,45.565675664297586,8.866151684405883,dentro_sezione,0.0
2026-07-29T18:15:57+00:00,150990000001,Dairago,0.7159220448648945,Secondary road,one_side,0.0,45.565675664297586,8.866151684405883,dentro_sezione,0.0
2026-07-29T18:15:57+00:00,150990000002,Dairago,0.6942688026504515,Secondary road,one_side,0.0,45.565675664297586,8.866151684405883,dentro_sezione,0.0
2026-07-29T18:15:57+00:00,150990000004,Dairago,0.7676872328697544,Connecting road,full,0.0,45.56559331224461,8.864327222945509,dentro_sezione,0.0
2026-07-29T18:15:57+00:00,150990000005,Dairago,0.7542589327199739,Connecting road,full,0.0,45.56559331224461,8.864327222945509,dentro_sezione,0.0
2026-07-29T18:15:57+00:00,150990000001,Dairago,0.7159220448648945,Connecting road,full,0.0,45.56559331224461,8.864327222945509,dentro_sezione,0.0
2026-07-29T18:15:57+00:00,150990000002,Dairago,0.6942688026504515,Connecting road,full,0.0,45.56559331224461,8.864327222945509,dentro_sezione,0.0
2026-07-29T18:15:57+00:00,150990000004,Dairago,0.7676872328697544,Connecting road,one_side,0.0,45.564663171232475,8.86031666458123,dentro_sezione,0.0
2026-07-29T18:15:57+00:00,150990000005,Dairago,0.7542589327199739,Connecting road,one_side,0.0,45.564663171232475,8.86031666458123,dentro_sezione,0.0
2026-07-29T18:15:57+00:00,150990000001,Dairago,0.7159220448648945,Connecting road,one_side,0.0,45.564663171232475,8.86031666458123,dentro_sezione,0.0
2026-07-29T18:15:57+00:00,150990000002,Dairago,0.6942688026504515,Connecting road,one_side,0.0,45.564663171232475,8.86031666458123,dentro_sezione,0.0
2026-07-29T18:15:57+00:00,150990000004,Dairago,0.7676872328697544,Major local road,one_side,0.0,45.563239021472114,8.860581830730837,dentro_sezione,0.0
2026-07-29T18:15:57+00:00,150990000005,Dairago,0.7542589327199739,Major local road,one_side,0.0,45.563239021472114,8.860581830730837,dentro_sezione,0.0
2026-07-29T18:15:57+00:00,150990000001,Dairago,0.7159220448648945,Secondary road,one_side,0.20899999141693115,45.56793643860762,8.865308032085537,dentro_sezione,0.0
2026-07-29T18:15:57+00:00,150990000002,Dairago,0.6942688026504515,Secondary road,one_side,0.20899999141693115,45.56793643860762,8.865308032085537,dentro_sezione,0.0
2026-07-29T18:15:57+00:00,150990000001,Dairago,0.7159220448648945,Secondary road,one_side,0.0,45.56793608713956,8.865307163391256,dentro_sezione,0.0
2026-07-29T18:15:57+00:00,150990000002,Dairago,0.6942688026504515,Secondary road,one_side,0.0,45.56793608713956,8.865307163391256,dentro_sezione,0.0
2026-07-29T18:15:57+00:00,150990000004,Dairago,0.7676872328697544,Secondary road,one_side,0.20899999141693115,45.56754869645032,8.86546906182961,dentro_sezione,0.0
2026-07-29T18:15:57+00:00,150990000001,Dairago,0.7159220448648945,Secondary road,one_side,0.20899999141693115,45.56754869645032,8.86546906182961,dentro_sezione,0.0
2026-07-29T18:15:57+00:00,150990000002,Dairago,0.6942688026504515,Secondary road,one_side,0.20899999141693115,45.56754869645032,8.86546906182961,dentro_sezione,0.0
2026-07-29T18:15:57+00:00,150990000004,Dairago,0.7676872328697544,Secondary road,one_side,0.0,45.56350375152398,8.867135362175203,dentro_sezione,0.0
2026-07-29T18:15:57+00:00,150990000001,Dairago,0.7159220448648945,Secondary road,one_side,0.0,45.56350375152398,8.867135362175203,dentro_sezione,0.0
2026-07-29T18:15:57+00:00,150990000002,Dairago,0.6942688026504515,Secondary road,one_side,0.0,45.56350375152398,8.867135362175203,dentro_sezione,0.0
2026-07-29T18:15:57+00:00,150990000004,Dairago,0.7676872328697544,Connecting road,full,0.0,45.566236844428026,8.865384249111933,dentro_sezione,0.0
2026-07-29T18:15:57+00:00,150990000001,Dairago,0.7159220448648945,Connecting road,full,0.0,45.566236844428026,8.865384249111933,dentro_sezione,0.0
2026-07-29T18:15:57+00:00,150990000002,Dairago,0.6942688026504515,Connecting road,full,0.0,45.566236844428026,8.865384249111933,dentro_sezione,0.0
2026-07-29T18:15:57+00:00,150990000004,Dairago,0.7676872328697544,Connecting road,one_side,0.0,45.565772277047955,8.87122243071949,dentro_sezione,0.0
2026-07-29T18:15:57+00:00,150990000001,Dairago,0.7159220448648945,Connecting road,one_side,0.0,45.565772277047955,8.87122243071949,dentro_sezione,0.0
2026-07-29T18:15:57+00:00,150990000002,Dairago,0.6942688026504515,Connecting road,one_side,0.0,45.565772277047955,8.87122243071949,dentro_sezione,0.0
2026-07-29T18:15:57+00:00,151840000003,Robecco sul Naviglio,0.7196016242096119,Secondary road,full,0.0,45.43738004527872,8.884716475393938,dentro_sezione,0.0
2026-07-29T18:15:57+00:00,151840000006,Robecco sul Naviglio,0.7230185825971769,Secondary road,full,0.0,45.43738004527872,8.884716475393938,dentro_sezione,0.0
2026-07-29T18:15:57+00:00,151840000004,Robecco sul Naviglio,0.7107590900039538,Secondary road,full,0.0,45.43738004527872,8.884716475393938,dentro_sezione,0.0
2026-07-29T18:15:57+00:00,151840000006,Robecco sul Naviglio,0.7230185825971769,Secondary road,one_side,0.0,45.441021454681305,8.886726811167174,dentro_sezione,0.0
2026-07-29T18:15:57+00:00,151840000004,Robecco sul Naviglio,0.7107590900039538,Secondary road,one_side,0.0,45.441021454681305,8.886726811167174,dentro_sezione,0.0
2026-07-29T18:15:57+00:00,151840000004,Robecco sul Naviglio,0.7107590900039538,Connecting road,one_side,0.0,45.44215302778418,8.881694311544635,dentro_sezione,0.0
2026-07-29T18:15:57+00:00,151840000008,Robecco sul Naviglio,0.7257111688941349,Connecting road,one_side,0.0,45.44215302778418,8.881694311544635,dentro_sezione,0.0
2026-07-29T18:15:57+00:00,151840000008,Robecco sul Naviglio,0.7257111688941349,Minor local road,one_side,0.0,45.44305633774382,8.87880615453956,dentro_sezione,0.0
2026-07-29T18:15:57+00:00,151840000003,Robecco sul Naviglio,0.7196016242096119,Secondary road,full,0.0,45.436020247875916,8.88427360275287,dentro_sezione,0.0
2026-07-29T18:15:57+00:00,151840000006,Robecco sul Naviglio,0.7230185825971769,Secondary road,full,0.0,45.436020247875916,8.88427360275287,dentro_sezione,0.0
2026-07-29T18:15:57+00:00,151840000004,Robecco sul Naviglio,0.7107590900039538,Secondary road,full,0.0,45.436020247875916,8.88427360275287,dentro_sezione,0.0
2026-07-29T18:15:57+00:00,151840000003,Robecco sul Naviglio,0.7196016242096119,Secondary road,one_side,0.0,45.432741752237355,8.885387574658592,dentro_sezione,0.0
2026-07-29T18:15:57+00:00,151840000006,Robecco sul Naviglio,0.7230185825971769,Secondary road,one_side,0.0,45.432741752237355,8.885387574658592,dentro_sezione,0.0
2026-07-29T18:15:57+00:00,151840000004,Robecco sul Naviglio,0.7107590900039538,Secondary road,one_side,0.0,45.432741752237355,8.885387574658592,dentro_sezione,0.0
2026-07-29T18:15:57+00:00,151840000003,Robecco sul Naviglio,0.7196016242096119,Connecting road,full,0.0,45.434818033444905,8.888212023960996,dentro_sezione,0.0
2026-07-29T18:15:57+00:00,151840000004,Robecco sul Naviglio,0.7107590900039538,Connecting road,full,0.0,45.434818033444905,8.888212023960996,dentro_sezione,0.0
2026-07-29T18:15:57+00:00,151840000003,Robecco sul Naviglio,0.7196016242096119,Connecting road,one_side,0.0,45.43218495639539,8.879627085051737,dentro_sezione,0.0
2026-07-29T18:15:57+00:00,151840000006,Robecco sul Naviglio,0.7230185825971769,Connecting road,one_side,0.0,45.43218495639539,8.879627085051737,dentro_sezione,0.0
2026-07-29T18:15:57+00:00,150410000011,Busto Garolfo,0.7031690557477914,Major local road,one_side,0.0,45.547462481839126,8.892937891739695,dentro_sezione,0.0
2026-07-29T18:15:57+00:00,150410000011,Busto Garolfo,0.7031690557477914,Local road,one_side,0.0,45.54847842090824,8.888772558313534,dentro_sezione,0.0
2026-07-29T18:15:57+00:00,150410000011,Busto Garolfo,0.7031690557477914,Connecting road,one_side,0.0,45.54197439189159,8.89465136982906,dentro_sezione,0.0
2026-07-29T18:15:57+00:00,150410000011,Busto Garolfo,0.7031690557477914,Major local road,one_side,0.0,45.544562915692,8.895608895264767,dentro_sezione,0.0
2026-07-29T18:15:57+00:00,150410000011,Busto Garolfo,0.7031690557477914,Local road,one_side,0.0,45.540993787214255,8.89150577347488,dentro_sezione,0.0
2026-07-29T18:15:57+00:00,151840000003,Robecco sul Naviglio,0.7196016242096119,Secondary road,full,0.0,45.43673429376078,8.88704731701488,dentro_sezione,0.0
2026-07-29T18:15:57+00:00,151840000004,Robecco sul Naviglio,0.7107590900039538,Secondary road,full,0.0,45.43673429376078,8.88704731701488,dentro_sezione,0.0
2026-07-29T18:15:57+00:00,151840000004,Robecco sul Naviglio,0.7107590900039538,Secondary road,one_side,0.0,45.44129080099548,8.887639896752052,dentro_sezione,0.0
2026-07-29T18:15:57+00:00,151840000003,Robecco sul Naviglio,0.7196016242096119,Secondary road,full,0.0,45.43465511634912,8.88814045588459,dentro_sezione,0.0
2026-07-29T18:15:57+00:00,151840000004,Robecco sul Naviglio,0.7107590900039538,Secondary road,full,0.0,45.43465511634912,8.88814045588459,dentro_sezione,0.0
2026-07-29T18:15:57+00:00,151840000003,Robecco sul Naviglio,0.7196016242096119,Connecting road,full,0.0,45.433208070156475,8.889242619884701,dentro_sezione,0.0
2026-07-29T18:15:57+00:00,151840000004,Robecco sul Naviglio,0.7107590900039538,Connecting road,full,0.0,45.433208070156475,8.889242619884701,dentro_sezione,0.0
2026-07-29T18:15:57+00:00,150720000017,Cerro Maggiore,0.6999223680906879,Secondary road,one_side,0.0,45.59469927159379,8.956787134794192,dentro_sezione,0.0
2026-07-29T18:15:57+00:00,150720000017,Cerro Maggiore,0.6999223680906879,Secondary road,full,0.0,45.58848035915598,8.9642983740158,dentro_sezione,0.0
2026-07-29T18:15:57+00:00,150720000017,Cerro Maggiore,0.6999223680906879,Secondary road,one_side,0.0,45.59053028893129,8.961361051470247,dentro_sezione,0.0
2026-07-29T18:15:57+00:00,150720000017,Cerro Maggiore,0.6999223680906879,Major local road,one_side,0.0,45.58829146872337,8.959288092130175,dentro_sezione,0.0
2026-07-29T18:15:57+00:00,150720000017,Cerro Maggiore,0.6999223680906879,Secondary road,full,0.0,45.58756210472569,8.966193376164924,dentro_sezione,0.0
2026-07-29T18:15:57+00:00,150720000017,Cerro Maggiore,0.6999223680906879,Secondary road,one_side,0.0,45.58536762844651,8.971044060006122,dentro_sezione,0.0
2026-07-29T18:15:57+00:00,150720000017,Cerro Maggiore,0.6999223680906879,Connecting road,one_side,0.0,45.58803245184286,8.973497377206987,dentro_sezione,0.0
2026-07-29T18:15:57+00:00,150220000001,Besate,0.8066359409766615,Secondary road,full,0.0,45.31397405974819,8.970680438795323,dentro_sezione,0.0
2026-07-29T18:15:57+00:00,150220000002,Besate,0.8457837792598706,Secondary road,full,0.0,45.31397405974819,8.970680438795323,dentro_sezione,0.0
2026-07-29T18:15:57+00:00,150220000001,Besate,0.8066359409766615,Secondary road,one_side,0.0,45.31693428516195,8.970520214464711,dentro_sezione,0.0
2026-07-29T18:15:57+00:00,150220000002,Besate,0.8457837792598706,Secondary road,one_side,0.0,45.31693428516195,8.970520214464711,dentro_sezione,0.0
2026-07-29T18:15:57+00:00,150220000001,Besate,0.8066359409766615,Secondary road,full,0.0,45.31230807897691,8.970803137994647,dentro_sezione,0.0
2026-07-29T18:15:57+00:00,150220000002,Besate,0.8457837792598706,Secondary road,full,0.0,45.31230807897691,8.970803137994647,dentro_sezione,0.0
2026-07-29T18:15:57+00:00,150220000001,Besate,0.8066359409766615,Secondary road,one_side,0.0,45.30850050611067,8.971050499191625,dentro_sezione,0.0
2026-07-29T18:15:57+00:00,150220000002,Besate,0.8457837792598706,Secondary road,one_side,0.0,45.30850050611067,8.971050499191625,dentro_sezione,0.0
2026-07-29T18:15:57+00:00,150220000002,Besate,0.8457837792598706,Connecting road,one_side,0.0,45.31011677645614,8.97243897841263,dentro_sezione,0.0
2026-07-29T18:15:57+00:00,151030000093,Gaggiano,0.7171341415902132,Connecting road,full,0.0,45.37753558005545,9.02820117450363,dentro_sezione,0.0
2026-07-29T18:15:57+00:00,151030000093,Gaggiano,0.7171341415902132,Connecting road,one_side,0.0,45.37922478434031,9.025526004065227,dentro_sezione,0.0
2026-07-29T18:15:57+00:00,152360000001,Vernate,0.7404237143838364,Major road,full,0.0,45.33115422928388,9.051982675890759,dentro_sezione,0.0
2026-07-29T18:15:57+00:00,152360000001,Vernate,0.7404237143838364,Major road,one_side,0.0,45.333667378972784,9.04899330877629,dentro_sezione,0.0
2026-07-29T18:15:57+00:00,152360000001,Vernate,0.7404237143838364,Secondary road,full,0.0,45.33085582197837,9.05174506782142,dentro_sezione,0.0
2026-07-29T18:15:57+00:00,152360000001,Vernate,0.7404237143838364,Secondary road,one_side,0.0,45.3294711922926,9.049540764120502,dentro_sezione,0.0
2026-07-29T18:15:57+00:00,152360000004,Vernate,0.7248915606322527,Connecting road,full,0.0,45.31713370461864,9.060332435953853,dentro_sezione,0.0
2026-07-29T18:15:57+00:00,152360000004,Vernate,0.7248915606322527,Connecting road,one_side,0.0,45.31685556517416,9.058201381824388,dentro_sezione,0.0
2026-07-29T18:15:57+00:00,150270000044,Bollate,0.7092237674852166,Connecting road,full,0.0,45.551101576535864,9.141299958119559,dentro_sezione,0.0
2026-07-29T18:15:57+00:00,150270000044,Bollate,0.7092237674852166,Connecting road,one_side,0.0,45.54765211863531,9.13664998664483,dentro_sezione,0.0
2026-07-29T18:15:57+00:00,150270000044,Bollate,0.7092237674852166,Local road,full,0.0,45.5486136227763,9.137978497546188,dentro_sezione,0.0
2026-07-29T18:15:57+00:00,150270000044,Bollate,0.7092237674852166,Local road,one_side,0.0,45.548053546812085,9.134701202311362,dentro_sezione,0.0
2026-07-29T18:15:57+00:00,150270000046,Bollate,0.7233042911110021,Connecting road,one_side,0.5999999940395355,45.54699075836586,9.143249107939155,dentro_sezione,0.0
2026-07-29T18:15:57+00:00,150270000046,Bollate,0.7233042911110021,Connecting road,one_side,0.078000009059906,45.54748317850967,9.148074167322996,dentro_sezione,0.0
2026-07-29T18:15:57+00:00,150270000046,Bollate,0.7233042911110021,Motorway,full,0.0,45.548637494915916,9.147269678190169,dentro_sezione,0.0
2026-07-29T18:15:57+00:00,150270000046,Bollate,0.7233042911110021,Secondary road,full,0.0,45.55070810723628,9.146664038825996,dentro_sezione,0.0
2026-07-29T18:15:57+00:00,150270000044,Bollate,0.7092237674852166,Connecting road,full,0.0,45.55017918548694,9.146031515963527,dentro_sezione,0.0
2026-07-29T18:15:57+00:00,150270000046,Bollate,0.7233042911110021,Connecting road,one_side,0.0,45.54868725305985,9.143685927031306,dentro_sezione,0.0
2026-07-29T18:15:57+00:00,150270000044,Bollate,0.7092237674852166,Connecting road,one_side,0.0,45.54868725305985,9.143685927031306,dentro_sezione,0.0
2026-07-29T18:15:57+00:00,150270000046,Bollate,0.7233042911110021,Major local road,one_side,0.0,45.547104666833036,9.147278688778757,dentro_sezione,0.0
2026-07-29T18:15:57+00:00,150270000044,Bollate,0.7092237674852166,Local road,full,0.0,45.549132817135515,9.14128879881228,dentro_sezione,0.0
2026-07-29T18:15:57+00:00,150270000044,Bollate,0.7092237674852166,Local road,one_side,0.0,45.550272630178966,9.140753786890018,dentro_sezione,0.0
2026-07-29T18:15:57+00:00,151660000079,Paderno Dugnano,0.7118644067796609,Major local road,full,0.28299999237060547,45.57025751085275,9.156672853073523,dentro_sezione,0.0
2026-07-29T18:15:57+00:00,151660000079,Paderno Dugnano,0.7118644067796609,Minor local road,full,0.28299999237060547,45.570663212564014,9.156505794939457,dentro_sezione,0.0
2026-07-29T18:15:57+00:00,151660000079,Paderno Dugnano,0.7118644067796609,Major local road,full,0.0,45.571838100598896,9.158225142972992,dentro_sezione,0.0
2026-07-29T18:15:57+00:00,151660000079,Paderno Dugnano,0.7118644067796609,Major local road,one_side,0.0,45.57115547810489,9.15556725583581,dentro_sezione,0.0
2026-07-29T18:15:57+00:00,151660000079,Paderno Dugnano,0.7118644067796609,Local road,one_side,0.0,45.5697584120831,9.154184216067337,dentro_sezione,0.0
2026-07-29T18:15:57+00:00,151660000079,Paderno Dugnano,0.7118644067796609,Major local road,full,0.0,45.56765660396396,9.16061173142433,dentro_sezione,0.0
2026-07-29T18:15:57+00:00,150770000455,Cinisello Balsamo,0.7342939680872247,Connecting road,full,0.0,45.56308193031871,9.200447223268348,dentro_sezione,0.0
2026-07-29T18:15:57+00:00,150770000308,Cinisello Balsamo,0.7375002525201512,Connecting road,full,0.0,45.56308193031871,9.200447223268348,dentro_sezione,0.0
2026-07-29T18:15:57+00:00,150770000455,Cinisello Balsamo,0.7342939680872247,Local road,one_side,0.0,45.56207030894774,9.204732755630442,dentro_sezione,0.0
2026-07-29T18:15:57+00:00,150770000308,Cinisello Balsamo,0.7375002525201512,Connecting road,one_side,0.0,45.57128500494079,9.209350914619835,dentro_sezione,0.0
2026-07-29T18:15:57+00:00,150770000310,Cinisello Balsamo,0.7121097120693088,Connecting road,one_side,0.0,45.57128500494079,9.209350914619835,dentro_sezione,0.0
2026-07-29T18:15:57+00:00,150770000370,Cinisello Balsamo,0.7379158285402604,Connecting road,one_side,0.0,45.57128500494079,9.209350914619835,dentro_sezione,0.0
2026-07-29T18:15:57+00:00,150770000370,Cinisello Balsamo,0.7379158285402604,Major local road,full,0.0,45.57139631159235,9.211628724443395,dentro_sezione,0.0
2026-07-29T18:15:57+00:00,150770000370,Cinisello Balsamo,0.7379158285402604,Major local road,one_side,0.0,45.57015685476648,9.213783784528827,dentro_sezione,0.0
2026-07-29T18:15:57+00:00,150770000308,Cinisello Balsamo,0.7375002525201512,Local road,full,0.0,45.56759310544539,9.21333004495521,dentro_sezione,0.0
2026-07-29T18:15:57+00:00,150770000308,Cinisello Balsamo,0.7375002525201512,Connecting road,full,0.2549999952316284,45.56591399061943,9.210893623933801,dentro_sezione,0.0
2026-07-29T18:15:57+00:00,150770000455,Cinisello Balsamo,0.7342939680872247,Local road,one_side,0.20399999618530273,45.565198121991756,9.20792430639267,dentro_sezione,0.0
2026-07-29T18:15:57+00:00,150770000308,Cinisello Balsamo,0.7375002525201512,Local road,one_side,0.20399999618530273,45.565198121991756,9.20792430639267,dentro_sezione,0.0
2026-07-29T18:15:57+00:00,150770000455,Cinisello Balsamo,0.7342939680872247,Connecting road,full,0.0,45.56523726246639,9.208122537044257,dentro_sezione,0.0
2026-07-29T18:15:57+00:00,150770000308,Cinisello Balsamo,0.7375002525201512,Connecting road,full,0.0,45.56523726246639,9.208122537044257,dentro_sezione,0.0
2026-07-29T18:15:57+00:00,150770000308,Cinisello Balsamo,0.7375002525201512,Connecting road,one_side,0.0,45.567370928132085,9.210477903628986,dentro_sezione,0.0
2026-07-29T18:15:57+00:00,150770000310,Cinisello Balsamo,0.7121097120693088,Connecting road,one_side,0.0,45.567370928132085,9.210477903628986,dentro_sezione,0.0
2026-07-29T18:15:57+00:00,150770000308,Cinisello Balsamo,0.7375002525201512,Local road,full,0.0,45.56384641423085,9.2129889677086,dentro_sezione,0.0
2026-07-29T18:15:57+00:00,150770000455,Cinisello Balsamo,0.7342939680872247,Local road,one_side,0.0,45.56389575317828,9.211497292683664,dentro_sezione,0.0
2026-07-29T18:15:57+00:00,150770000308,Cinisello Balsamo,0.7375002525201512,Local road,one_side,0.0,45.56389575317828,9.211497292683664,dentro_sezione,0.0
2026-07-29T18:15:57+00:00,151590000022,Opera,0.730949158314262,Secondary road,full,0.0,45.40077442250908,9.209469310683023,dentro_sezione,0.0
2026-07-29T18:15:57+00:00,151460002842,Milano,0.741696415945421,Secondary road,full,0.0,45.40077442250908,9.209469310683023,dentro_sezione,0.0
2026-07-29T18:15:57+00:00,151590000022,Opera,0.730949158314262,Minor local road,full,0.27399998903274536,45.39534490000107,9.211142824161739,dentro_sezione,0.0
2026-07-29T18:15:57+00:00,151590000014,Opera,0.7350933747370183,Minor local road,full,0.27399998903274536,45.39534490000107,9.211142824161739,dentro_sezione,0.0
2026-07-29T18:15:57+00:00,151590000013,Opera,0.7339534266263019,Minor local road,one_side,0.27399998903274536,45.395523430109826,9.211680808033528,dentro_sezione,0.0
2026-07-29T18:15:57+00:00,151590000022,Opera,0.730949158314262,Minor local road,one_side,0.27399998903274536,45.395523430109826,9.211680808033528,dentro_sezione,0.0
2026-07-29T18:15:57+00:00,151590000014,Opera,0.7350933747370183,Minor local road,one_side,0.27399998903274536,45.395523430109826,9.211680808033528,dentro_sezione,0.0
2026-07-29T18:15:57+00:00,151590000022,Opera,0.730949158314262,Secondary road,full,0.0,45.39225546547591,9.211072481355576,dentro_sezione,0.0
2026-07-29T18:15:57+00:00,151460002842,Milano,0.741696415945421,Secondary road,full,0.0,45.39225546547591,9.211072481355576,dentro_sezione,0.0
2026-07-29T18:15:57+00:00,151590000022,Opera,0.730949158314262,Minor local road,full,0.0,45.39362464967241,9.211524860782351,dentro_sezione,0.0
2026-07-29T18:15:57+00:00,151590000014,Opera,0.7350933747370183,Minor local road,full,0.0,45.39362464967241,9.211524860782351,dentro_sezione,0.0
2026-07-29T18:15:57+00:00,151590000013,Opera,0.7339534266263019,Minor local road,one_side,0.0,45.393274362807496,9.211612111853498,dentro_sezione,0.0
2026-07-29T18:15:57+00:00,151590000022,Opera,0.730949158314262,Minor local road,one_side,0.0,45.393274362807496,9.211612111853498,dentro_sezione,0.0
2026-07-29T18:15:57+00:00,151590000014,Opera,0.7350933747370183,Minor local road,one_side,0.0,45.393274362807496,9.211612111853498,dentro_sezione,0.0
2026-07-29T18:15:57+00:00,151460002739,Milano,0.7105830473843242,Local road,one_side,0.0,45.416399000279455,9.239352252220206,dentro_sezione,0.0
2026-07-29T18:15:57+00:00,151460002738,Milano,0.694095645975406,Local road,one_side,0.0,45.416399000279455,9.239352252220206,dentro_sezione,0.0
2026-07-29T18:15:57+00:00,151460002739,Milano,0.7105830473843242,Local road,one_side,0.0,45.41530469682335,9.241945604240724,dentro_sezione,0.0
2026-07-29T18:15:57+00:00,151460002738,Milano,0.694095645975406,Local road,one_side,0.0,45.41530469682335,9.241945604240724,dentro_sezione,0.0
2026-07-29T18:15:57+00:00,150700000003,Cernusco sul Naviglio,0.69710280023203,Connecting road,full,0.0,45.526320116081415,9.322236627355936,dentro_sezione,0.0
2026-07-29T18:15:57+00:00,150700000003,Cernusco sul Naviglio,0.69710280023203,Connecting road,one_side,0.0,45.52385482525997,9.32355774741958,dentro_sezione,0.0
2026-07-29T18:15:57+00:00,151390000001,Mediglia,0.726435540984742,Connecting road,one_side,0.0,45.40120559797648,9.320046818976916,dentro_sezione,0.0
2026-07-29T18:15:57+00:00,151390000003,Mediglia,0.7112179551928244,Major local road,full,0.0,45.40140869376171,9.325048126419558,dentro_sezione,0.0
2026-07-29T18:15:57+00:00,151390000004,Mediglia,0.7585618760948553,Major local road,full,0.0,45.40140869376171,9.325048126419558,dentro_sezione,0.0
2026-07-29T18:15:57+00:00,151390000001,Mediglia,0.726435540984742,Major local road,full,0.0,45.40140869376171,9.325048126419558,dentro_sezione,0.0
2026-07-29T18:15:57+00:00,151390000003,Mediglia,0.7112179551928244,Major local road,one_side,0.0,45.400344667152524,9.325511649512542,dentro_sezione,0.0
2026-07-29T18:15:57+00:00,151390000001,Mediglia,0.726435540984742,Major local road,one_side,0.0,45.400344667152524,9.325511649512542,dentro_sezione,0.0
2026-07-29T18:15:57+00:00,151390000001,Mediglia,0.726435540984742,Minor local road,one_side,0.0,45.4006120470024,9.322143495082855,dentro_sezione,0.0
2026-07-29T18:15:57+00:00,151390000005,Mediglia,0.7604290822407629,Minor local road,one_side,0.38499999046325684,45.39511055682533,9.32835572809166,dentro_sezione,0.0
2026-07-29T18:15:57+00:00,151390000005,Mediglia,0.7604290822407629,Minor local road,one_side,0.23600000143051147,45.39511055682532,9.328355728091656,dentro_sezione,0.0
2026-07-29T18:15:57+00:00,151390000005,Mediglia,0.7604290822407629,Connecting road,full,0.0,45.3963907308835,9.326313621966435,dentro_sezione,0.0
2026-07-29T18:15:57+00:00,151390000005,Mediglia,0.7604290822407629,Connecting road,one_side,0.0,45.39679434052438,9.32338812732594,dentro_sezione,0.0
2026-07-29T18:15:57+00:00,151390000005,Mediglia,0.7604290822407629,Local road,one_side,0.0,45.396140404746596,9.327497611614783,dentro_sezione,0.0
2026-07-29T18:15:57+00:00,150700000003,Cernusco sul Naviglio,0.69710280023203,Connecting road,full,0.0,45.52576863285696,9.334861391479718,dentro_sezione,0.0
2026-07-29T18:15:57+00:00,150700000003,Cernusco sul Naviglio,0.69710280023203,Connecting road,one_side,0.0,45.524771461211785,9.331391066137858,dentro_sezione,0.0
2026-07-29T18:15:57+00:00,151390000003,Mediglia,0.7112179551928244,Major local road,full,0.0,45.40269867414756,9.332973177694676,dentro_sezione,0.0
2026-07-29T18:15:57+00:00,151390000004,Mediglia,0.7585618760948553,Major local road,full,0.0,45.40269867414756,9.332973177694676,dentro_sezione,0.0
2026-07-29T18:15:57+00:00,151390000005,Mediglia,0.7604290822407629,Major local road,one_side,0.0,45.39901575157139,9.328824437964817,dentro_sezione,0.0
2026-07-29T18:15:57+00:00,151390000005,Mediglia,0.7604290822407629,Minor local road,one_side,0.38499999046325684,45.39490806882062,9.328462980029425,dentro_sezione,0.0
2026-07-29T18:15:57+00:00,151390000005,Mediglia,0.7604290822407629,Minor local road,one_side,0.23600000143051147,45.39490806882062,9.328462980029421,dentro_sezione,0.0
2026-07-29T18:15:57+00:00,151390000005,Mediglia,0.7604290822407629,Connecting road,full,0.0,45.39638593209097,9.326481688905965,dentro_sezione,0.0
2026-07-29T18:15:57+00:00,151390000005,Mediglia,0.7604290822407629,Connecting road,one_side,0.0,45.393074928382816,9.32979317581705,dentro_sezione,0.0
2026-07-29T18:15:57+00:00,151390000006,Mediglia,0.7320891064249785,Major local road,full,0.0,45.39695368826313,9.331997118685997,dentro_sezione,0.0
2026-07-29T18:15:57+00:00,151390000005,Mediglia,0.7604290822407629,Major local road,full,0.0,45.39695368826313,9.331997118685997,dentro_sezione,0.0
2026-07-29T18:15:57+00:00,151390000006,Mediglia,0.7320891064249785,Major local road,one_side,0.0,45.39818813703475,9.330293207015123,dentro_sezione,0.0
2026-07-29T18:15:57+00:00,151390000005,Mediglia,0.7604290822407629,Major local road,one_side,0.0,45.39818813703475,9.330293207015123,dentro_sezione,0.0
2026-07-29T18:15:57+00:00,151390000006,Mediglia,0.7320891064249785,Local road,full,0.0,45.39608792001459,9.332509194682364,dentro_sezione,0.0
2026-07-29T18:15:57+00:00,151390000005,Mediglia,0.7604290822407629,Local road,full,0.0,45.39608792001459,9.332509194682364,dentro_sezione,0.0
2026-07-29T18:15:57+00:00,151390000006,Mediglia,0.7320891064249785,Local road,one_side,0.0,45.39326670139134,9.332485365519153,dentro_sezione,0.0
2026-07-29T18:15:57+00:00,151390000005,Mediglia,0.7604290822407629,Local road,one_side,0.0,45.39326670139134,9.332485365519153,dentro_sezione,0.0
2026-07-29T18:15:57+00:00,151390000006,Mediglia,0.7320891064249785,Minor local road,full,0.0,45.39522836417661,9.332302120406032,dentro_sezione,0.0
2026-07-29T18:15:57+00:00,151390000005,Mediglia,0.7604290822407629,Minor local road,full,0.0,45.39522836417661,9.332302120406032,dentro_sezione,0.0
2026-07-29T18:15:57+00:00,151390000005,Mediglia,0.7604290822407629,Minor local road,one_side,0.0,45.395347964709245,9.330322216494508,dentro_sezione,0.0
2026-07-29T18:15:57+00:00,151390000012,Mediglia,0.8052276000196243,Major local road,full,0.0,45.40192324569242,9.33925038288648,dentro_sezione,0.0
2026-07-29T18:15:57+00:00,151390000012,Mediglia,0.8052276000196243,Major local road,one_side,0.0,45.39971558766529,9.340347647666931,dentro_sezione,0.0
2026-07-29T18:15:57+00:00,151720000033,Pessano con Bornago,0.6917868903081323,Connecting road,full,0.0,45.550503057218656,9.371199885655058,dentro_sezione,0.0
2026-07-29T18:15:57+00:00,151720000033,Pessano con Bornago,0.6917868903081323,Connecting road,one_side,0.0,45.55027066137421,9.366442433084678,dentro_sezione,0.0
2026-07-29T18:15:57+00:00,151720000033,Pessano con Bornago,0.6917868903081323,Connecting road,full,0.0,45.54997239764829,9.375375151996868,dentro_sezione,0.0
2026-07-29T18:15:57+00:00,151720000033,Pessano con Bornago,0.6917868903081323,Connecting road,one_side,0.0,45.54934355939635,9.376151642930555,dentro_sezione,0.0
2026-07-29T18:15:57+00:00,151060000002,Gessate,0.7425160242073031,Secondary road,one_side,0.0,45.56467958054513,9.42994085278958,dentro_sezione,0.0
2026-07-29T18:15:57+00:00,151060000002,Gessate,0.7425160242073031,Local road,full,0.0,45.560255313571915,9.432396762804721,dentro_sezione,0.0
2026-07-29T18:15:57+00:00,151060000002,Gessate,0.7425160242073031,Local road,one_side,0.0,45.56454053580137,9.429751142185447,dentro_sezione,0.0
2026-07-29T18:15:57+00:00,151060000001,Gessate,0.6955934512145499,Secondary road,one_side,0.36900001764297485,45.55416798473077,9.435293616542523,dentro_sezione,0.0
2026-07-29T18:15:57+00:00,151060000001,Gessate,0.6955934512145499,Secondary road,one_side,0.0,45.557251092637316,9.434043921857496,dentro_sezione,0.0
2026-07-29T18:15:57+00:00,151060000002,Gessate,0.7425160242073031,Secondary road,one_side,0.0,45.557251092637316,9.434043921857496,dentro_sezione,0.0
2026-07-29T18:15:57+00:00,151060000001,Gessate,0.6955934512145499,Connecting road,one_side,0.0,45.55590896681553,9.431484338768323,dentro_sezione,0.0
2026-07-29T18:15:57+00:00,151060000024,Gessate,0.7259449304054464,Connecting road,one_side,0.0,45.55590896681553,9.431484338768323,dentro_sezione,0.0
2026-07-29T18:15:57+00:00,151060000001,Gessate,0.6955934512145499,Major local road,one_side,0.0,45.55422279576027,9.432760444383911,dentro_sezione,0.0
2026-07-29T18:15:57+00:00,151060000002,Gessate,0.7425160242073031,Local road,full,0.0,45.560255313571915,9.432396762804721,dentro_sezione,0.0
2026-07-29T18:15:57+00:00,151060000001,Gessate,0.6955934512145499,Local road,one_side,0.0,45.555846588990775,9.43116296524165,dentro_sezione,0.0
2026-07-29T18:15:57+00:00,151060000024,Gessate,0.7259449304054464,Local road,one_side,0.0,45.555846588990775,9.43116296524165,dentro_sezione,0.0
2026-07-29T18:15:57+00:00,151060000002,Gessate,0.7425160242073031,Local road,one_side,0.0,45.555846588990775,9.43116296524165,dentro_sezione,0.0
2026-07-29T18:15:57+00:00,151780000007,Pozzuolo Martesana,0.6870828006360621,Major local road,one_side,0.0,45.5162997071174,9.452851839905524,dentro_sezione,0.0
2026-07-29T18:15:57+00:00,151780000006,Pozzuolo Martesana,0.7249463935793504,Local road,one_side,0.0,45.51383675500905,9.455127776174606,dentro_sezione,0.0
2026-07-29T18:15:57+00:00,151780000010,Pozzuolo Martesana,0.7180720735800431,Local road,one_side,0.0,45.51383675500905,9.455127776174606,dentro_sezione,0.0
2026-07-29T18:15:57+00:00,151780000006,Pozzuolo Martesana,0.7249463935793504,Local road,one_side,0.0,45.51352177880894,9.45403040996121,dentro_sezione,0.0
2026-07-29T18:15:57+00:00,151780000010,Pozzuolo Martesana,0.7180720735800431,Local road,one_side,0.0,45.51352177880894,9.45403040996121,dentro_sezione,0.0
2026-07-29T18:15:57+00:00,151780000010,Pozzuolo Martesana,0.7180720735800431,Connecting road,full,0.0,45.513599351573255,9.460939502465216,dentro_sezione,0.0
2026-07-29T18:15:57+00:00,151780000007,Pozzuolo Martesana,0.6870828006360621,Connecting road,full,0.0,45.513599351573255,9.460939502465216,dentro_sezione,0.0
2026-07-29T18:15:57+00:00,151780000010,Pozzuolo Martesana,0.7180720735800431,Connecting road,one_side,0.0,45.51563145821439,9.465520992389205,dentro_sezione,0.0
2026-07-29T18:15:57+00:00,151780000007,Pozzuolo Martesana,0.6870828006360621,Connecting road,one_side,0.0,45.51563145821439,9.465520992389205,dentro_sezione,0.0
2026-07-29T18:15:57+00:00,151780000010,Pozzuolo Martesana,0.7180720735800431,Major local road,one_side,0.0,45.51532070853119,9.459851812271916,dentro_sezione,0.0
2026-07-29T18:15:57+00:00,151780000007,Pozzuolo Martesana,0.6870828006360621,Major local road,one_side,0.0,45.51532070853119,9.459851812271916,dentro_sezione,0.0
2026-07-29T18:15:57+00:00,151780000006,Pozzuolo Martesana,0.7249463935793504,Local road,one_side,0.0,45.51362060641403,9.459314526874598,dentro_sezione,0.0
2026-07-29T18:15:57+00:00,151780000010,Pozzuolo Martesana,0.7180720735800431,Local road,one_side,0.0,45.51362060641403,9.459314526874598,dentro_sezione,0.0
2026-07-29T18:15:57+00:00,151780000010,Pozzuolo Martesana,0.7180720735800431,Connecting road,full,0.0,45.513599351573255,9.460939502465216,dentro_sezione,0.0
2026-07-29T18:15:57+00:00,151780000007,Pozzuolo Martesana,0.6870828006360621,Connecting road,full,0.0,45.513599351573255,9.460939502465216,dentro_sezione,0.0
2026-07-29T18:15:57+00:00,151780000010,Pozzuolo Martesana,0.7180720735800431,Connecting road,one_side,0.0,45.51201985358216,9.463432597695672,dentro_sezione,0.0
2026-07-29T18:15:57+00:00,151780000007,Pozzuolo Martesana,0.6870828006360621,Connecting road,one_side,0.0,45.51201985358216,9.463432597695672,dentro_sezione,0.0
2026-07-29T18:15:57+00:00,151780000010,Pozzuolo Martesana,0.7180720735800431,Major local road,one_side,0.0,45.514391786615064,9.460879607557235,dentro_sezione,0.0
2026-07-29T18:15:57+00:00,151780000007,Pozzuolo Martesana,0.6870828006360621,Major local road,one_side,0.0,45.514391786615064,9.460879607557235,dentro_sezione,0.0
2026-07-29T18:15:57+00:00,151780000006,Pozzuolo Martesana,0.7249463935793504,Local road,one_side,0.0,45.51362060641403,9.459314526874598,dentro_sezione,0.0
2026-07-29T18:15:57+00:00,151780000010,Pozzuolo Martesana,0.7180720735800431,Local road,one_side,0.0,45.51362060641403,9.459314526874598,dentro_sezione,0.0
2026-07-29T18:15:57+00:00,152240000010,Truccazzano,0.7476905228465803,Connecting road,one_side,0.0,45.463656188833134,9.475532115410585,dentro_sezione,0.0
2026-07-29T18:15:57+00:00,150590000040,Cassano d'Adda,0.8090312749814579,Connecting road,full,0.0,45.50586857074825,9.527646386145808,dentro_sezione,0.0
2026-07-29T18:15:57+00:00,150590000040,Cassano d'Adda,0.8090312749814579,Connecting road,one_side,0.0,45.506227865561726,9.526025437081474,dentro_sezione,0.0
2026-07-29T18:15:57+00:00,150590000040,Cassano d'Adda,0.8090312749814579,Connecting road,full,0.0,45.50465141333191,9.53149248144333,dentro_sezione,0.0
2026-07-29T18:15:57+00:00,150590000040,Cassano d'Adda,0.8090312749814579,Connecting road,one_side,0.0,45.50481444915567,9.530592811924295,dentro_sezione,0.0
2026-07-29T18:15:57+00:00,150990000018,Dairago,0.7297543772564479,Connecting road,one_side,0.0,45.564663171232475,8.86031666458123,piu_vicino_esterno,163.7
2026-07-29T18:15:57+00:00,150770000392,Cinisello Balsamo,0.7272782368032968,Connecting road,one_side,0.0,45.57128500494079,9.209350914619835,piu_vicino_esterno,251.1
2026-07-29T18:15:57+00:00,150770000393,Cinisello Balsamo,0.714057724663571,Connecting road,one_side,0.0,45.57128500494079,9.209350914619835,piu_vicino_esterno,263.7
2026-07-29T18:20:56+00:00,151830000004,Robecchetto con Induno,0.7553527057173448,Connecting road,one_side,0.050000011920928955,45.522959213220155,8.775098022241199,dentro_sezione,0.0
2026-07-29T18:20:56+00:00,151830000005,Robecchetto con Induno,0.7359793597243346,Connecting road,one_side,0.050000011920928955,45.522959213220155,8.775098022241199,dentro_sezione,0.0
2026-07-29T18:20:56+00:00,151830000004,Robecchetto con Induno,0.7553527057173448,Connecting road,one_side,0.0,45.52479544595511,8.771081509134973,dentro_sezione,0.0
2026-07-29T18:20:56+00:00,151830000005,Robecchetto con Induno,0.7359793597243346,Connecting road,one_side,0.0,45.52479544595511,8.771081509134973,dentro_sezione,0.0
2026-07-29T18:20:56+00:00,151830000004,Robecchetto con Induno,0.7553527057173448,Major local road,one_side,0.0,45.52593707033944,8.774034097590642,dentro_sezione,0.0
2026-07-29T18:20:56+00:00,151830000005,Robecchetto con Induno,0.7359793597243346,Major local road,one_side,0.0,45.52593707033944,8.774034097590642,dentro_sezione,0.0
2026-07-29T18:20:56+00:00,151830000004,Robecchetto con Induno,0.7553527057173448,Local road,full,0.0,45.52665341304878,8.77813513370993,dentro_sezione,0.0
2026-07-29T18:20:56+00:00,151830000005,Robecchetto con Induno,0.7359793597243346,Local road,full,0.0,45.52665341304878,8.77813513370993,dentro_sezione,0.0
2026-07-29T18:20:56+00:00,151830000004,Robecchetto con Induno,0.7553527057173448,Local road,one_side,0.0,45.52750090024759,8.777482354636556,dentro_sezione,0.0
2026-07-29T18:20:56+00:00,151830000005,Robecchetto con Induno,0.7359793597243346,Local road,one_side,0.0,45.52750090024759,8.777482354636556,dentro_sezione,0.0
2026-07-29T18:20:56+00:00,151830000004,Robecchetto con Induno,0.7553527057173448,Minor local road,one_side,0.0,45.5246629407847,8.777006510696419,dentro_sezione,0.0
2026-07-29T18:20:56+00:00,151830000005,Robecchetto con Induno,0.7359793597243346,Minor local road,one_side,0.0,45.5246629407847,8.777006510696419,dentro_sezione,0.0
2026-07-29T18:20:56+00:00,151830000004,Robecchetto con Induno,0.7553527057173448,Connecting road,one_side,0.050000011920928955,45.52127531795456,8.77769623001356,dentro_sezione,0.0
2026-07-29T18:20:56+00:00,151830000005,Robecchetto con Induno,0.7359793597243346,Connecting road,one_side,0.050000011920928955,45.52127531795456,8.77769623001356,dentro_sezione,0.0
2026-07-29T18:20:56+00:00,151830000004,Robecchetto con Induno,0.7553527057173448,Connecting road,one_side,0.0,45.52127513594969,8.777697367403958,dentro_sezione,0.0
2026-07-29T18:20:56+00:00,151830000005,Robecchetto con Induno,0.7359793597243346,Connecting road,one_side,0.0,45.52127513594969,8.777697367403958,dentro_sezione,0.0
2026-07-29T18:20:56+00:00,151830000004,Robecchetto con Induno,0.7553527057173448,Major local road,one_side,0.0,45.52003006239406,8.771803302455004,dentro_sezione,0.0
2026-07-29T18:20:56+00:00,151830000004,Robecchetto con Induno,0.7553527057173448,Connecting road,one_side,0.050000011920928955,45.52138429939102,8.777471672389858,dentro_sezione,0.0
2026-07-29T18:20:56+00:00,151830000005,Robecchetto con Induno,0.7359793597243346,Connecting road,one_side,0.050000011920928955,45.52138429939102,8.777471672389858,dentro_sezione,0.0
2026-07-29T18:20:56+00:00,151830000004,Robecchetto con Induno,0.7553527057173448,Connecting road,one_side,0.0,45.52138429939102,8.777471672389858,dentro_sezione,0.0
2026-07-29T18:20:56+00:00,151830000005,Robecchetto con Induno,0.7359793597243346,Connecting road,one_side,0.0,45.52138429939102,8.777471672389858,dentro_sezione,0.0
2026-07-29T18:20:56+00:00,151830000005,Robecchetto con Induno,0.7359793597243346,Major local road,full,0.0,45.52572185698712,8.781758926879993,dentro_sezione,0.0
2026-07-29T18:20:56+00:00,151830000004,Robecchetto con Induno,0.7553527057173448,Major local road,one_side,0.0,45.52545606758585,8.783235613334185,dentro_sezione,0.0
2026-07-29T18:20:56+00:00,151830000005,Robecchetto con Induno,0.7359793597243346,Major local road,one_side,0.0,45.52545606758585,8.783235613334185,dentro_sezione,0.0
2026-07-29T18:20:56+00:00,151830000004,Robecchetto con Induno,0.7553527057173448,Local road,full,0.0,45.52665017246545,8.778138354718036,dentro_sezione,0.0
2026-07-29T18:20:56+00:00,151830000005,Robecchetto con Induno,0.7359793597243346,Local road,full,0.0,45.52665017246545,8.778138354718036,dentro_sezione,0.0
2026-07-29T18:20:56+00:00,151830000004,Robecchetto con Induno,0.7553527057173448,Local road,one_side,0.0,45.52614843665075,8.779160738634744,dentro_sezione,0.0
2026-07-29T18:20:56+00:00,151830000005,Robecchetto con Induno,0.7359793597243346,Local road,one_side,0.0,45.52614843665075,8.779160738634744,dentro_sezione,0.0
2026-07-29T18:20:56+00:00,151830000004,Robecchetto con Induno,0.7553527057173448,Minor local road,one_side,0.0,45.524831941765086,8.777906603428388,dentro_sezione,0.0
2026-07-29T18:20:56+00:00,151830000005,Robecchetto con Induno,0.7359793597243346,Minor local road,one_side,0.0,45.524831941765086,8.777906603428388,dentro_sezione,0.0
2026-07-29T18:20:56+00:00,151830000004,Robecchetto con Induno,0.7553527057173448,Connecting road,one_side,0.09600001573562622,45.514767439361535,8.78093221662328,dentro_sezione,0.0
2026-07-29T18:20:56+00:00,151830000004,Robecchetto con Induno,0.7553527057173448,Connecting road,one_side,0.050000011920928955,45.51961521008448,8.779372786390145,dentro_sezione,0.0
2026-07-29T18:20:56+00:00,151830000005,Robecchetto con Induno,0.7359793597243346,Connecting road,one_side,0.050000011920928955,45.51961521008448,8.779372786390145,dentro_sezione,0.0
2026-07-29T18:20:56+00:00,151830000004,Robecchetto con Induno,0.7553527057173448,Connecting road,one_side,0.0,45.517892239286915,8.779944127852351,dentro_sezione,0.0
2026-07-29T18:20:56+00:00,151830000005,Robecchetto con Induno,0.7359793597243346,Connecting road,one_side,0.0,45.517892239286915,8.779944127852351,dentro_sezione,0.0
2026-07-29T18:20:56+00:00,151830000004,Robecchetto con Induno,0.7553527057173448,Major local road,one_side,0.0,45.52129064980628,8.777203055737562,dentro_sezione,0.0
2026-07-29T18:20:56+00:00,150990000004,Dairago,0.7676872328697544,Connecting road,one_side,0.0,45.559969756077514,8.855855576146451,dentro_sezione,0.0
2026-07-29T18:20:56+00:00,150990000005,Dairago,0.7542589327199739,Connecting road,one_side,0.0,45.559969756077514,8.855855576146451,dentro_sezione,0.0
2026-07-29T18:20:56+00:00,150990000006,Dairago,0.7709685518618672,Secondary road,one_side,0.6759999990463257,45.577741311180816,8.860052659197983,dentro_sezione,0.0
2026-07-29T18:20:56+00:00,150990000006,Dairago,0.7709685518618672,Secondary road,one_side,0.3659999966621399,45.5777463162237,8.860049850307782,dentro_sezione,0.0
2026-07-29T18:20:56+00:00,150990000006,Dairago,0.7709685518618672,Secondary road,one_side,0.10600000619888306,45.57550377845801,8.861572145141743,dentro_sezione,0.0
2026-07-29T18:20:56+00:00,150990000006,Dairago,0.7709685518618672,Secondary road,one_side,0.02499997615814209,45.57550593488915,8.861569898674606,dentro_sezione,0.0
2026-07-29T18:20:56+00:00,150990000006,Dairago,0.7709685518618672,Secondary road,one_side,0.6759999990463257,45.576266444336554,8.861078712573057,dentro_sezione,0.0
2026-07-29T18:20:56+00:00,150990000006,Dairago,0.7709685518618672,Secondary road,one_side,0.3659999966621399,45.576270458340744,8.861078470945358,dentro_sezione,0.0
2026-07-29T18:20:56+00:00,150990000006,Dairago,0.7709685518618672,Secondary road,full,0.2120000123977661,45.57379030956311,8.862627446651459,dentro_sezione,0.0
2026-07-29T18:20:56+00:00,150990000005,Dairago,0.7542589327199739,Secondary road,one_side,0.2120000123977661,45.570433449813656,8.864192014930888,dentro_sezione,0.0
2026-07-29T18:20:56+00:00,150990000001,Dairago,0.7159220448648945,Secondary road,one_side,0.2120000123977661,45.570433449813656,8.864192014930888,dentro_sezione,0.0
2026-07-29T18:20:56+00:00,150990000002,Dairago,0.6942688026504515,Secondary road,one_side,0.2120000123977661,45.570433449813656,8.864192014930888,dentro_sezione,0.0
2026-07-29T18:20:56+00:00,150990000006,Dairago,0.7709685518618672,Secondary road,one_side,0.2120000123977661,45.570433449813656,8.864192014930888,dentro_sezione,0.0
2026-07-29T18:20:56+00:00,150990000006,Dairago,0.7709685518618672,Secondary road,full,0.10600000619888306,45.574130222271364,8.862384773534133,dentro_sezione,0.0
2026-07-29T18:20:56+00:00,150990000006,Dairago,0.7709685518618672,Secondary road,one_side,0.10600000619888306,45.5752231718279,8.861740512995713,dentro_sezione,0.0
2026-07-29T18:20:56+00:00,150990000006,Dairago,0.7709685518618672,Secondary road,full,0.02499997615814209,45.57413880688018,8.862438694596689,dentro_sezione,0.0
2026-07-29T18:20:56+00:00,150990000006,Dairago,0.7709685518618672,Secondary road,one_side,0.02499997615814209,45.575225457456405,8.86173846888984,dentro_sezione,0.0
2026-07-29T18:20:56+00:00,150990000006,Dairago,0.7709685518618672,Secondary road,full,0.0,45.573889576547714,8.86254585473303,dentro_sezione,0.0
2026-07-29T18:20:56+00:00,150990000005,Dairago,0.7542589327199739,Secondary road,one_side,0.0,45.57043338237761,8.864191860129752,dentro_sezione,0.0
2026-07-29T18:20:56+00:00,150990000001,Dairago,0.7159220448648945,Secondary road,one_side,0.0,45.57043338237761,8.864191860129752,dentro_sezione,0.0
2026-07-29T18:20:56+00:00,150990000002,Dairago,0.6942688026504515,Secondary road,one_side,0.0,45.57043338237761,8.864191860129752,dentro_sezione,0.0
2026-07-29T18:20:56+00:00,150990000006,Dairago,0.7709685518618672,Secondary road,one_side,0.0,45.57043338237761,8.864191860129752,dentro_sezione,0.0
2026-07-29T18:20:56+00:00,150990000005,Dairago,0.7542589327199739,Connecting road,one_side,0.0,45.56869535247887,8.862106087174277,dentro_sezione,0.0
2026-07-29T18:20:56+00:00,150990000001,Dairago,0.7159220448648945,Connecting road,one_side,0.0,45.56869535247887,8.862106087174277,dentro_sezione,0.0
2026-07-29T18:20:56+00:00,150990000002,Dairago,0.6942688026504515,Connecting road,one_side,0.0,45.56869535247887,8.862106087174277,dentro_sezione,0.0
2026-07-29T18:20:56+00:00,150990000006,Dairago,0.7709685518618672,Connecting road,one_side,0.0,45.56869535247887,8.862106087174277,dentro_sezione,0.0
2026-07-29T18:20:56+00:00,150990000005,Dairago,0.7542589327199739,Local road,full,0.0,45.57115044782316,8.861418408582644,dentro_sezione,0.0
2026-07-29T18:20:56+00:00,150990000006,Dairago,0.7709685518618672,Local road,full,0.0,45.57115044782316,8.861418408582644,dentro_sezione,0.0
2026-07-29T18:20:56+00:00,150990000005,Dairago,0.7542589327199739,Local road,one_side,0.0,45.57092412688219,8.861752614264068,dentro_sezione,0.0
2026-07-29T18:20:56+00:00,150990000006,Dairago,0.7709685518618672,Local road,one_side,0.0,45.57092412688219,8.861752614264068,dentro_sezione,0.0
2026-07-29T18:20:56+00:00,150990000006,Dairago,0.7709685518618672,Minor local road,full,0.0,45.57390108315492,8.862335085868835,dentro_sezione,0.0
2026-07-29T18:20:56+00:00,150990000006,Dairago,0.7709685518618672,Minor local road,one_side,0.0,45.57342910946712,8.861447226380976,dentro_sezione,0.0
2026-07-29T18:20:56+00:00,150990000005,Dairago,0.7542589327199739,Connecting road,one_side,0.23600000143051147,45.5661952286511,8.859628736972809,dentro_sezione,0.0
2026-07-29T18:20:56+00:00,150990000001,Dairago,0.7159220448648945,Connecting road,one_side,0.23600000143051147,45.5661952286511,8.859628736972809,dentro_sezione,0.0
2026-07-29T18:20:56+00:00,150990000004,Dairago,0.7676872328697544,Secondary road,one_side,0.2120000123977661,45.56754907344413,8.865468281462599,dentro_sezione,0.0
2026-07-29T18:20:56+00:00,150990000001,Dairago,0.7159220448648945,Secondary road,one_side,0.2120000123977661,45.56754907344413,8.865468281462599,dentro_sezione,0.0
2026-07-29T18:20:56+00:00,150990000002,Dairago,0.6942688026504515,Secondary road,one_side,0.2120000123977661,45.56754907344413,8.865468281462599,dentro_sezione,0.0
2026-07-29T18:20:56+00:00,150990000004,Dairago,0.7676872328697544,Secondary road,one_side,0.0,45.565675664297586,8.866151684405883,dentro_sezione,0.0
2026-07-29T18:20:56+00:00,150990000001,Dairago,0.7159220448648945,Secondary road,one_side,0.0,45.565675664297586,8.866151684405883,dentro_sezione,0.0
2026-07-29T18:20:56+00:00,150990000002,Dairago,0.6942688026504515,Secondary road,one_side,0.0,45.565675664297586,8.866151684405883,dentro_sezione,0.0
2026-07-29T18:20:56+00:00,150990000004,Dairago,0.7676872328697544,Connecting road,full,0.0,45.56559331224461,8.864327222945509,dentro_sezione,0.0
2026-07-29T18:20:56+00:00,150990000005,Dairago,0.7542589327199739,Connecting road,full,0.0,45.56559331224461,8.864327222945509,dentro_sezione,0.0
2026-07-29T18:20:56+00:00,150990000001,Dairago,0.7159220448648945,Connecting road,full,0.0,45.56559331224461,8.864327222945509,dentro_sezione,0.0
2026-07-29T18:20:56+00:00,150990000002,Dairago,0.6942688026504515,Connecting road,full,0.0,45.56559331224461,8.864327222945509,dentro_sezione,0.0
2026-07-29T18:20:56+00:00,150990000004,Dairago,0.7676872328697544,Connecting road,one_side,0.0,45.564663171232475,8.86031666458123,dentro_sezione,0.0
2026-07-29T18:20:56+00:00,150990000005,Dairago,0.7542589327199739,Connecting road,one_side,0.0,45.564663171232475,8.86031666458123,dentro_sezione,0.0
2026-07-29T18:20:56+00:00,150990000001,Dairago,0.7159220448648945,Connecting road,one_side,0.0,45.564663171232475,8.86031666458123,dentro_sezione,0.0
2026-07-29T18:20:56+00:00,150990000002,Dairago,0.6942688026504515,Connecting road,one_side,0.0,45.564663171232475,8.86031666458123,dentro_sezione,0.0
2026-07-29T18:20:56+00:00,150990000004,Dairago,0.7676872328697544,Major local road,one_side,0.0,45.563239021472114,8.860581830730837,dentro_sezione,0.0
2026-07-29T18:20:56+00:00,150990000005,Dairago,0.7542589327199739,Major local road,one_side,0.0,45.563239021472114,8.860581830730837,dentro_sezione,0.0
2026-07-29T18:20:56+00:00,150990000001,Dairago,0.7159220448648945,Secondary road,one_side,0.2120000123977661,45.56793643860762,8.865308032085537,dentro_sezione,0.0
2026-07-29T18:20:56+00:00,150990000002,Dairago,0.6942688026504515,Secondary road,one_side,0.2120000123977661,45.56793643860762,8.865308032085537,dentro_sezione,0.0
2026-07-29T18:20:56+00:00,150990000001,Dairago,0.7159220448648945,Secondary road,one_side,0.0,45.56793608713956,8.865307163391256,dentro_sezione,0.0
2026-07-29T18:20:56+00:00,150990000002,Dairago,0.6942688026504515,Secondary road,one_side,0.0,45.56793608713956,8.865307163391256,dentro_sezione,0.0
2026-07-29T18:20:56+00:00,150990000004,Dairago,0.7676872328697544,Secondary road,one_side,0.2120000123977661,45.56754869645032,8.86546906182961,dentro_sezione,0.0
2026-07-29T18:20:56+00:00,150990000001,Dairago,0.7159220448648945,Secondary road,one_side,0.2120000123977661,45.56754869645032,8.86546906182961,dentro_sezione,0.0
2026-07-29T18:20:56+00:00,150990000002,Dairago,0.6942688026504515,Secondary road,one_side,0.2120000123977661,45.56754869645032,8.86546906182961,dentro_sezione,0.0
2026-07-29T18:20:56+00:00,150990000004,Dairago,0.7676872328697544,Secondary road,one_side,0.0,45.56350375152398,8.867135362175203,dentro_sezione,0.0
2026-07-29T18:20:56+00:00,150990000001,Dairago,0.7159220448648945,Secondary road,one_side,0.0,45.56350375152398,8.867135362175203,dentro_sezione,0.0
2026-07-29T18:20:56+00:00,150990000002,Dairago,0.6942688026504515,Secondary road,one_side,0.0,45.56350375152398,8.867135362175203,dentro_sezione,0.0
2026-07-29T18:20:56+00:00,150990000004,Dairago,0.7676872328697544,Connecting road,full,0.0,45.566236844428026,8.865384249111933,dentro_sezione,0.0
2026-07-29T18:20:56+00:00,150990000001,Dairago,0.7159220448648945,Connecting road,full,0.0,45.566236844428026,8.865384249111933,dentro_sezione,0.0
2026-07-29T18:20:56+00:00,150990000002,Dairago,0.6942688026504515,Connecting road,full,0.0,45.566236844428026,8.865384249111933,dentro_sezione,0.0
2026-07-29T18:20:56+00:00,150990000004,Dairago,0.7676872328697544,Connecting road,one_side,0.0,45.565772277047955,8.87122243071949,dentro_sezione,0.0
2026-07-29T18:20:56+00:00,150990000001,Dairago,0.7159220448648945,Connecting road,one_side,0.0,45.565772277047955,8.87122243071949,dentro_sezione,0.0
2026-07-29T18:20:56+00:00,150990000002,Dairago,0.6942688026504515,Connecting road,one_side,0.0,45.565772277047955,8.87122243071949,dentro_sezione,0.0
2026-07-29T18:20:56+00:00,151840000003,Robecco sul Naviglio,0.7196016242096119,Secondary road,full,0.0,45.43738004527872,8.884716475393938,dentro_sezione,0.0
2026-07-29T18:20:56+00:00,151840000006,Robecco sul Naviglio,0.7230185825971769,Secondary road,full,0.0,45.43738004527872,8.884716475393938,dentro_sezione,0.0
2026-07-29T18:20:56+00:00,151840000004,Robecco sul Naviglio,0.7107590900039538,Secondary road,full,0.0,45.43738004527872,8.884716475393938,dentro_sezione,0.0
2026-07-29T18:20:56+00:00,151840000006,Robecco sul Naviglio,0.7230185825971769,Secondary road,one_side,0.0,45.441021454681305,8.886726811167174,dentro_sezione,0.0
2026-07-29T18:20:56+00:00,151840000004,Robecco sul Naviglio,0.7107590900039538,Secondary road,one_side,0.0,45.441021454681305,8.886726811167174,dentro_sezione,0.0
2026-07-29T18:20:56+00:00,151840000004,Robecco sul Naviglio,0.7107590900039538,Connecting road,one_side,0.0,45.44215302778418,8.881694311544635,dentro_sezione,0.0
2026-07-29T18:20:56+00:00,151840000008,Robecco sul Naviglio,0.7257111688941349,Connecting road,one_side,0.0,45.44215302778418,8.881694311544635,dentro_sezione,0.0
2026-07-29T18:20:56+00:00,151840000008,Robecco sul Naviglio,0.7257111688941349,Minor local road,one_side,0.0,45.44305633774382,8.87880615453956,dentro_sezione,0.0
2026-07-29T18:20:56+00:00,151840000003,Robecco sul Naviglio,0.7196016242096119,Secondary road,full,0.0,45.436020247875916,8.88427360275287,dentro_sezione,0.0
2026-07-29T18:20:56+00:00,151840000006,Robecco sul Naviglio,0.7230185825971769,Secondary road,full,0.0,45.436020247875916,8.88427360275287,dentro_sezione,0.0
2026-07-29T18:20:56+00:00,151840000004,Robecco sul Naviglio,0.7107590900039538,Secondary road,full,0.0,45.436020247875916,8.88427360275287,dentro_sezione,0.0
2026-07-29T18:20:56+00:00,151840000003,Robecco sul Naviglio,0.7196016242096119,Secondary road,one_side,0.0,45.432741752237355,8.885387574658592,dentro_sezione,0.0
2026-07-29T18:20:56+00:00,151840000006,Robecco sul Naviglio,0.7230185825971769,Secondary road,one_side,0.0,45.432741752237355,8.885387574658592,dentro_sezione,0.0
2026-07-29T18:20:56+00:00,151840000004,Robecco sul Naviglio,0.7107590900039538,Secondary road,one_side,0.0,45.432741752237355,8.885387574658592,dentro_sezione,0.0
2026-07-29T18:20:56+00:00,151840000003,Robecco sul Naviglio,0.7196016242096119,Connecting road,full,0.0,45.434818033444905,8.888212023960996,dentro_sezione,0.0
2026-07-29T18:20:56+00:00,151840000004,Robecco sul Naviglio,0.7107590900039538,Connecting road,full,0.0,45.434818033444905,8.888212023960996,dentro_sezione,0.0
2026-07-29T18:20:56+00:00,151840000003,Robecco sul Naviglio,0.7196016242096119,Connecting road,one_side,0.0,45.43218495639539,8.879627085051737,dentro_sezione,0.0
2026-07-29T18:20:56+00:00,151840000006,Robecco sul Naviglio,0.7230185825971769,Connecting road,one_side,0.0,45.43218495639539,8.879627085051737,dentro_sezione,0.0
2026-07-29T18:20:56+00:00,150410000011,Busto Garolfo,0.7031690557477914,Major local road,one_side,0.0,45.547462481839126,8.892937891739695,dentro_sezione,0.0
2026-07-29T18:20:56+00:00,150410000011,Busto Garolfo,0.7031690557477914,Local road,one_side,0.0,45.54847842090824,8.888772558313534,dentro_sezione,0.0
2026-07-29T18:20:56+00:00,150410000011,Busto Garolfo,0.7031690557477914,Connecting road,one_side,0.0,45.54197439189159,8.89465136982906,dentro_sezione,0.0
2026-07-29T18:20:56+00:00,150410000011,Busto Garolfo,0.7031690557477914,Major local road,one_side,0.0,45.544562915692,8.895608895264767,dentro_sezione,0.0
2026-07-29T18:20:56+00:00,150410000011,Busto Garolfo,0.7031690557477914,Local road,one_side,0.0,45.540993787214255,8.89150577347488,dentro_sezione,0.0
2026-07-29T18:20:56+00:00,151840000003,Robecco sul Naviglio,0.7196016242096119,Secondary road,full,0.0,45.43673429376078,8.88704731701488,dentro_sezione,0.0
2026-07-29T18:20:56+00:00,151840000004,Robecco sul Naviglio,0.7107590900039538,Secondary road,full,0.0,45.43673429376078,8.88704731701488,dentro_sezione,0.0
2026-07-29T18:20:56+00:00,151840000004,Robecco sul Naviglio,0.7107590900039538,Secondary road,one_side,0.0,45.44129080099548,8.887639896752052,dentro_sezione,0.0
2026-07-29T18:20:56+00:00,151840000003,Robecco sul Naviglio,0.7196016242096119,Secondary road,full,0.0,45.43465511634912,8.88814045588459,dentro_sezione,0.0
2026-07-29T18:20:56+00:00,151840000004,Robecco sul Naviglio,0.7107590900039538,Secondary road,full,0.0,45.43465511634912,8.88814045588459,dentro_sezione,0.0
2026-07-29T18:20:56+00:00,151840000003,Robecco sul Naviglio,0.7196016242096119,Connecting road,full,0.0,45.433208070156475,8.889242619884701,dentro_sezione,0.0
2026-07-29T18:20:56+00:00,151840000004,Robecco sul Naviglio,0.7107590900039538,Connecting road,full,0.0,45.433208070156475,8.889242619884701,dentro_sezione,0.0
2026-07-29T18:20:56+00:00,150720000017,Cerro Maggiore,0.6999223680906879,Secondary road,one_side,0.0,45.59469927159379,8.956787134794192,dentro_sezione,0.0
2026-07-29T18:20:56+00:00,150720000017,Cerro Maggiore,0.6999223680906879,Secondary road,full,0.0,45.58848035915598,8.9642983740158,dentro_sezione,0.0
2026-07-29T18:20:56+00:00,150720000017,Cerro Maggiore,0.6999223680906879,Secondary road,one_side,0.0,45.59053028893129,8.961361051470247,dentro_sezione,0.0
2026-07-29T18:20:56+00:00,150720000017,Cerro Maggiore,0.6999223680906879,Major local road,one_side,0.0,45.58829146872337,8.959288092130175,dentro_sezione,0.0
2026-07-29T18:20:56+00:00,150720000017,Cerro Maggiore,0.6999223680906879,Secondary road,full,0.0,45.58756210472569,8.966193376164924,dentro_sezione,0.0
2026-07-29T18:20:56+00:00,150720000017,Cerro Maggiore,0.6999223680906879,Secondary road,one_side,0.0,45.58536762844651,8.971044060006122,dentro_sezione,0.0
2026-07-29T18:20:56+00:00,150720000017,Cerro Maggiore,0.6999223680906879,Connecting road,one_side,0.0,45.58803245184286,8.973497377206987,dentro_sezione,0.0
2026-07-29T18:20:56+00:00,150220000001,Besate,0.8066359409766615,Secondary road,full,0.0,45.31397405974819,8.970680438795323,dentro_sezione,0.0
2026-07-29T18:20:56+00:00,150220000002,Besate,0.8457837792598706,Secondary road,full,0.0,45.31397405974819,8.970680438795323,dentro_sezione,0.0
2026-07-29T18:20:56+00:00,150220000001,Besate,0.8066359409766615,Secondary road,one_side,0.0,45.31693428516195,8.970520214464711,dentro_sezione,0.0
2026-07-29T18:20:56+00:00,150220000002,Besate,0.8457837792598706,Secondary road,one_side,0.0,45.31693428516195,8.970520214464711,dentro_sezione,0.0
2026-07-29T18:20:56+00:00,150220000001,Besate,0.8066359409766615,Secondary road,full,0.0,45.31230807897691,8.970803137994647,dentro_sezione,0.0
2026-07-29T18:20:56+00:00,150220000002,Besate,0.8457837792598706,Secondary road,full,0.0,45.31230807897691,8.970803137994647,dentro_sezione,0.0
2026-07-29T18:20:56+00:00,150220000001,Besate,0.8066359409766615,Secondary road,one_side,0.0,45.30850050611067,8.971050499191625,dentro_sezione,0.0
2026-07-29T18:20:56+00:00,150220000002,Besate,0.8457837792598706,Secondary road,one_side,0.0,45.30850050611067,8.971050499191625,dentro_sezione,0.0
2026-07-29T18:20:56+00:00,150220000002,Besate,0.8457837792598706,Connecting road,one_side,0.0,45.31011677645614,8.97243897841263,dentro_sezione,0.0
2026-07-29T18:20:56+00:00,151030000093,Gaggiano,0.7171341415902132,Connecting road,full,0.0,45.37753558005545,9.02820117450363,dentro_sezione,0.0
2026-07-29T18:20:56+00:00,151030000093,Gaggiano,0.7171341415902132,Connecting road,one_side,0.0,45.37922478434031,9.025526004065227,dentro_sezione,0.0
2026-07-29T18:20:56+00:00,152360000001,Vernate,0.7404237143838364,Major road,full,0.0,45.33115422928388,9.051982675890759,dentro_sezione,0.0
2026-07-29T18:20:56+00:00,152360000001,Vernate,0.7404237143838364,Major road,one_side,0.0,45.333667378972784,9.04899330877629,dentro_sezione,0.0
2026-07-29T18:20:56+00:00,152360000001,Vernate,0.7404237143838364,Secondary road,full,0.0,45.33085582197837,9.05174506782142,dentro_sezione,0.0
2026-07-29T18:20:56+00:00,152360000001,Vernate,0.7404237143838364,Secondary road,one_side,0.0,45.3294711922926,9.049540764120502,dentro_sezione,0.0
2026-07-29T18:20:56+00:00,152360000004,Vernate,0.7248915606322527,Connecting road,full,0.0,45.31713370461864,9.060332435953853,dentro_sezione,0.0
2026-07-29T18:20:56+00:00,152360000004,Vernate,0.7248915606322527,Connecting road,one_side,0.0,45.31685556517416,9.058201381824388,dentro_sezione,0.0
2026-07-29T18:20:56+00:00,150270000044,Bollate,0.7092237674852166,Connecting road,full,0.0,45.551101576535864,9.141299958119559,dentro_sezione,0.0
2026-07-29T18:20:56+00:00,150270000044,Bollate,0.7092237674852166,Connecting road,one_side,0.0,45.54765211863531,9.13664998664483,dentro_sezione,0.0
2026-07-29T18:20:56+00:00,150270000044,Bollate,0.7092237674852166,Local road,full,0.0,45.5486136227763,9.137978497546188,dentro_sezione,0.0
2026-07-29T18:20:56+00:00,150270000044,Bollate,0.7092237674852166,Local road,one_side,0.0,45.54824986471238,9.135017346615326,dentro_sezione,0.0
2026-07-29T18:20:56+00:00,150270000046,Bollate,0.7233042911110021,Motorway,full,0.0,45.548637494915916,9.147269678190169,dentro_sezione,0.0
2026-07-29T18:20:56+00:00,150270000046,Bollate,0.7233042911110021,Secondary road,full,0.0,45.55070810723628,9.146664038825996,dentro_sezione,0.0
2026-07-29T18:20:56+00:00,150270000044,Bollate,0.7092237674852166,Connecting road,full,0.0,45.55017918548694,9.146031515963527,dentro_sezione,0.0
2026-07-29T18:20:56+00:00,150270000046,Bollate,0.7233042911110021,Connecting road,one_side,0.0,45.54844611685997,9.144391397351994,dentro_sezione,0.0
2026-07-29T18:20:56+00:00,150270000044,Bollate,0.7092237674852166,Connecting road,one_side,0.0,45.54844611685997,9.144391397351994,dentro_sezione,0.0
2026-07-29T18:20:56+00:00,150270000046,Bollate,0.7233042911110021,Major local road,one_side,0.0,45.547104666833036,9.147278688778757,dentro_sezione,0.0
2026-07-29T18:20:56+00:00,150270000044,Bollate,0.7092237674852166,Local road,full,0.0,45.549132817135515,9.14128879881228,dentro_sezione,0.0
2026-07-29T18:20:56+00:00,150270000044,Bollate,0.7092237674852166,Local road,one_side,0.0,45.55087472061718,9.140988204592569,dentro_sezione,0.0
2026-07-29T18:20:56+00:00,151660000079,Paderno Dugnano,0.7118644067796609,Major local road,full,0.28299999237060547,45.57025751085275,9.156672853073523,dentro_sezione,0.0
2026-07-29T18:20:56+00:00,151660000079,Paderno Dugnano,0.7118644067796609,Minor local road,full,0.28299999237060547,45.570663212564014,9.156505794939457,dentro_sezione,0.0
2026-07-29T18:20:56+00:00,151660000079,Paderno Dugnano,0.7118644067796609,Major local road,full,0.0,45.57125880925012,9.15920355891367,dentro_sezione,0.0
2026-07-29T18:20:56+00:00,151660000079,Paderno Dugnano,0.7118644067796609,Major local road,one_side,0.0,45.57047610119554,9.156263751450421,dentro_sezione,0.0
2026-07-29T18:20:56+00:00,151660000079,Paderno Dugnano,0.7118644067796609,Local road,one_side,0.0,45.5697584120831,9.154184216067337,dentro_sezione,0.0
2026-07-29T18:20:56+00:00,151660000079,Paderno Dugnano,0.7118644067796609,Major local road,full,0.0,45.56765660396396,9.16061173142433,dentro_sezione,0.0
2026-07-29T18:20:56+00:00,150770000455,Cinisello Balsamo,0.7342939680872247,Connecting road,full,0.0,45.5628198241358,9.20016664943403,dentro_sezione,0.0
2026-07-29T18:20:56+00:00,150770000308,Cinisello Balsamo,0.7375002525201512,Connecting road,full,0.0,45.5628198241358,9.20016664943403,dentro_sezione,0.0
2026-07-29T18:20:56+00:00,150770000455,Cinisello Balsamo,0.7342939680872247,Local road,one_side,0.0,45.56207030894774,9.204732755630442,dentro_sezione,0.0
2026-07-29T18:20:56+00:00,150770000370,Cinisello Balsamo,0.7379158285402604,Major local road,one_side,0.03799998760223389,45.57088853270369,9.21266910696619,dentro_sezione,0.0
2026-07-29T18:20:56+00:00,150770000308,Cinisello Balsamo,0.7375002525201512,Connecting road,one_side,0.0,45.57128500494079,9.209350914619835,dentro_sezione,0.0
2026-07-29T18:20:56+00:00,150770000310,Cinisello Balsamo,0.7121097120693088,Connecting road,one_side,0.0,45.57128500494079,9.209350914619835,dentro_sezione,0.0
2026-07-29T18:20:56+00:00,150770000370,Cinisello Balsamo,0.7379158285402604,Connecting road,one_side,0.0,45.57128500494079,9.209350914619835,dentro_sezione,0.0
2026-07-29T18:20:56+00:00,150770000370,Cinisello Balsamo,0.7379158285402604,Major local road,full,0.0,45.57156966721451,9.211245054264982,dentro_sezione,0.0
2026-07-29T18:20:56+00:00,150770000370,Cinisello Balsamo,0.7379158285402604,Major local road,one_side,0.0,45.56969350789178,9.21448967210412,dentro_sezione,0.0
2026-07-29T18:20:56+00:00,150770000308,Cinisello Balsamo,0.7375002525201512,Local road,full,0.0,45.56759310544539,9.21333004495521,dentro_sezione,0.0
2026-07-29T18:20:56+00:00,150770000455,Cinisello Balsamo,0.7342939680872247,Connecting road,full,0.0,45.565241334929205,9.208139213088042,dentro_sezione,0.0
2026-07-29T18:20:56+00:00,150770000308,Cinisello Balsamo,0.7375002525201512,Connecting road,full,0.0,45.565241334929205,9.208139213088042,dentro_sezione,0.0
2026-07-29T18:20:56+00:00,150770000308,Cinisello Balsamo,0.7375002525201512,Connecting road,one_side,0.0,45.567370928132085,9.210477903628986,dentro_sezione,0.0
2026-07-29T18:20:56+00:00,150770000310,Cinisello Balsamo,0.7121097120693088,Connecting road,one_side,0.0,45.567370928132085,9.210477903628986,dentro_sezione,0.0
2026-07-29T18:20:56+00:00,150770000308,Cinisello Balsamo,0.7375002525201512,Local road,full,0.0,45.56384641423085,9.2129889677086,dentro_sezione,0.0
2026-07-29T18:20:56+00:00,150770000455,Cinisello Balsamo,0.7342939680872247,Local road,one_side,0.0,45.56390554361116,9.211470433101258,dentro_sezione,0.0
2026-07-29T18:20:56+00:00,150770000308,Cinisello Balsamo,0.7375002525201512,Local road,one_side,0.0,45.56390554361116,9.211470433101258,dentro_sezione,0.0
2026-07-29T18:20:56+00:00,151590000022,Opera,0.730949158314262,Secondary road,full,0.0,45.40077442250908,9.209469310683023,dentro_sezione,0.0
2026-07-29T18:20:56+00:00,151460002842,Milano,0.741696415945421,Secondary road,full,0.0,45.40077442250908,9.209469310683023,dentro_sezione,0.0
2026-07-29T18:20:56+00:00,151590000022,Opera,0.730949158314262,Minor local road,full,0.27399998903274536,45.39534490000107,9.211142824161739,dentro_sezione,0.0
2026-07-29T18:20:56+00:00,151590000014,Opera,0.7350933747370183,Minor local road,full,0.27399998903274536,45.39534490000107,9.211142824161739,dentro_sezione,0.0
2026-07-29T18:20:56+00:00,151590000013,Opera,0.7339534266263019,Minor local road,one_side,0.27399998903274536,45.395523430109826,9.211680808033528,dentro_sezione,0.0
2026-07-29T18:20:56+00:00,151590000022,Opera,0.730949158314262,Minor local road,one_side,0.27399998903274536,45.395523430109826,9.211680808033528,dentro_sezione,0.0
2026-07-29T18:20:56+00:00,151590000014,Opera,0.7350933747370183,Minor local road,one_side,0.27399998903274536,45.395523430109826,9.211680808033528,dentro_sezione,0.0
2026-07-29T18:20:56+00:00,151590000022,Opera,0.730949158314262,Secondary road,full,0.0,45.39234033605104,9.210956700556212,dentro_sezione,0.0
2026-07-29T18:20:56+00:00,151460002842,Milano,0.741696415945421,Secondary road,full,0.0,45.39234033605104,9.210956700556212,dentro_sezione,0.0
2026-07-29T18:20:56+00:00,151590000022,Opera,0.730949158314262,Minor local road,full,0.0,45.39362464967241,9.211524860782351,dentro_sezione,0.0
2026-07-29T18:20:56+00:00,151590000014,Opera,0.7350933747370183,Minor local road,full,0.0,45.39362464967241,9.211524860782351,dentro_sezione,0.0
2026-07-29T18:20:56+00:00,151590000013,Opera,0.7339534266263019,Minor local road,one_side,0.0,45.393274362807496,9.211612111853498,dentro_sezione,0.0
2026-07-29T18:20:56+00:00,151590000022,Opera,0.730949158314262,Minor local road,one_side,0.0,45.393274362807496,9.211612111853498,dentro_sezione,0.0
2026-07-29T18:20:56+00:00,151590000014,Opera,0.7350933747370183,Minor local road,one_side,0.0,45.393274362807496,9.211612111853498,dentro_sezione,0.0
2026-07-29T18:20:56+00:00,151460002739,Milano,0.7105830473843242,Local road,one_side,0.0,45.416399000279455,9.239352252220206,dentro_sezione,0.0
2026-07-29T18:20:56+00:00,151460002738,Milano,0.694095645975406,Local road,one_side,0.0,45.416399000279455,9.239352252220206,dentro_sezione,0.0
2026-07-29T18:20:56+00:00,151460002739,Milano,0.7105830473843242,Local road,one_side,0.0,45.41530469682335,9.241945604240724,dentro_sezione,0.0
2026-07-29T18:20:56+00:00,151460002738,Milano,0.694095645975406,Local road,one_side,0.0,45.41530469682335,9.241945604240724,dentro_sezione,0.0
2026-07-29T18:20:56+00:00,150700000003,Cernusco sul Naviglio,0.69710280023203,Connecting road,full,0.0,45.526320116081415,9.322236627355936,dentro_sezione,0.0
2026-07-29T18:20:56+00:00,150700000003,Cernusco sul Naviglio,0.69710280023203,Connecting road,one_side,0.0,45.52385482525997,9.32355774741958,dentro_sezione,0.0
2026-07-29T18:20:56+00:00,151390000001,Mediglia,0.726435540984742,Connecting road,one_side,0.0,45.40120559797648,9.320046818976916,dentro_sezione,0.0
2026-07-29T18:20:56+00:00,151390000003,Mediglia,0.7112179551928244,Major local road,full,0.0,45.40140869376171,9.325048126419558,dentro_sezione,0.0
2026-07-29T18:20:56+00:00,151390000004,Mediglia,0.7585618760948553,Major local road,full,0.0,45.40140869376171,9.325048126419558,dentro_sezione,0.0
2026-07-29T18:20:56+00:00,151390000001,Mediglia,0.726435540984742,Major local road,full,0.0,45.40140869376171,9.325048126419558,dentro_sezione,0.0
2026-07-29T18:20:56+00:00,151390000003,Mediglia,0.7112179551928244,Major local road,one_side,0.0,45.400344667152524,9.325511649512542,dentro_sezione,0.0
2026-07-29T18:20:56+00:00,151390000001,Mediglia,0.726435540984742,Major local road,one_side,0.0,45.400344667152524,9.325511649512542,dentro_sezione,0.0
2026-07-29T18:20:56+00:00,151390000001,Mediglia,0.726435540984742,Minor local road,one_side,0.0,45.4006120470024,9.322143495082855,dentro_sezione,0.0
2026-07-29T18:20:56+00:00,151390000005,Mediglia,0.7604290822407629,Minor local road,one_side,0.38499999046325684,45.39511055682533,9.32835572809166,dentro_sezione,0.0
2026-07-29T18:20:56+00:00,151390000005,Mediglia,0.7604290822407629,Minor local road,one_side,0.23600000143051147,45.39511055682532,9.328355728091656,dentro_sezione,0.0
2026-07-29T18:20:56+00:00,151390000005,Mediglia,0.7604290822407629,Connecting road,full,0.0,45.3963907308835,9.326313621966435,dentro_sezione,0.0
2026-07-29T18:20:56+00:00,151390000005,Mediglia,0.7604290822407629,Connecting road,one_side,0.0,45.39679434052438,9.32338812732594,dentro_sezione,0.0
2026-07-29T18:20:56+00:00,151390000005,Mediglia,0.7604290822407629,Local road,one_side,0.0,45.396140404746596,9.327497611614783,dentro_sezione,0.0
2026-07-29T18:20:56+00:00,150700000003,Cernusco sul Naviglio,0.69710280023203,Connecting road,full,0.0,45.52542823752901,9.335359373888759,dentro_sezione,0.0
2026-07-29T18:20:56+00:00,150700000003,Cernusco sul Naviglio,0.69710280023203,Connecting road,one_side,0.0,45.524771461211785,9.331391066137858,dentro_sezione,0.0
2026-07-29T18:20:56+00:00,151390000003,Mediglia,0.7112179551928244,Major local road,full,0.0,45.40269867414756,9.332973177694676,dentro_sezione,0.0
2026-07-29T18:20:56+00:00,151390000004,Mediglia,0.7585618760948553,Major local road,full,0.0,45.40269867414756,9.332973177694676,dentro_sezione,0.0
2026-07-29T18:20:56+00:00,151390000005,Mediglia,0.7604290822407629,Major local road,one_side,0.0,45.39901575157139,9.328824437964817,dentro_sezione,0.0
2026-07-29T18:20:56+00:00,151390000005,Mediglia,0.7604290822407629,Minor local road,one_side,0.38499999046325684,45.39490806882062,9.328462980029425,dentro_sezione,0.0
2026-07-29T18:20:56+00:00,151390000005,Mediglia,0.7604290822407629,Minor local road,one_side,0.23600000143051147,45.39490806882062,9.328462980029421,dentro_sezione,0.0
2026-07-29T18:20:56+00:00,151390000005,Mediglia,0.7604290822407629,Connecting road,full,0.0,45.39638593209097,9.326481688905965,dentro_sezione,0.0
2026-07-29T18:20:56+00:00,151390000005,Mediglia,0.7604290822407629,Connecting road,one_side,0.0,45.393074928382816,9.32979317581705,dentro_sezione,0.0
2026-07-29T18:20:56+00:00,151390000006,Mediglia,0.7320891064249785,Major local road,full,0.0,45.39695368826313,9.331997118685997,dentro_sezione,0.0
2026-07-29T18:20:56+00:00,151390000005,Mediglia,0.7604290822407629,Major local road,full,0.0,45.39695368826313,9.331997118685997,dentro_sezione,0.0
2026-07-29T18:20:56+00:00,151390000006,Mediglia,0.7320891064249785,Major local road,one_side,0.0,45.39818813703475,9.330293207015123,dentro_sezione,0.0
2026-07-29T18:20:56+00:00,151390000005,Mediglia,0.7604290822407629,Major local road,one_side,0.0,45.39818813703475,9.330293207015123,dentro_sezione,0.0
2026-07-29T18:20:56+00:00,151390000006,Mediglia,0.7320891064249785,Local road,full,0.0,45.39608792001459,9.332509194682364,dentro_sezione,0.0
2026-07-29T18:20:56+00:00,151390000005,Mediglia,0.7604290822407629,Local road,full,0.0,45.39608792001459,9.332509194682364,dentro_sezione,0.0
2026-07-29T18:20:56+00:00,151390000006,Mediglia,0.7320891064249785,Local road,one_side,0.0,45.39326670139134,9.332485365519153,dentro_sezione,0.0
2026-07-29T18:20:56+00:00,151390000005,Mediglia,0.7604290822407629,Local road,one_side,0.0,45.39326670139134,9.332485365519153,dentro_sezione,0.0
2026-07-29T18:20:56+00:00,151390000006,Mediglia,0.7320891064249785,Minor local road,full,0.0,45.39522836417661,9.332302120406032,dentro_sezione,0.0
2026-07-29T18:20:56+00:00,151390000005,Mediglia,0.7604290822407629,Minor local road,full,0.0,45.39522836417661,9.332302120406032,dentro_sezione,0.0
2026-07-29T18:20:56+00:00,151390000005,Mediglia,0.7604290822407629,Minor local road,one_side,0.0,45.395347964709245,9.330322216494508,dentro_sezione,0.0
2026-07-29T18:20:56+00:00,151390000012,Mediglia,0.8052276000196243,Major local road,full,0.0,45.40192324569242,9.33925038288648,dentro_sezione,0.0
2026-07-29T18:20:56+00:00,151390000012,Mediglia,0.8052276000196243,Major local road,one_side,0.0,45.39971558766529,9.340347647666931,dentro_sezione,0.0
2026-07-29T18:20:56+00:00,151720000033,Pessano con Bornago,0.6917868903081323,Connecting road,full,0.0,45.550503057218656,9.371199885655058,dentro_sezione,0.0
2026-07-29T18:20:56+00:00,151720000033,Pessano con Bornago,0.6917868903081323,Connecting road,one_side,0.0,45.55027066137421,9.366442433084678,dentro_sezione,0.0
2026-07-29T18:20:56+00:00,151720000033,Pessano con Bornago,0.6917868903081323,Connecting road,full,0.0,45.54997239764829,9.375375151996868,dentro_sezione,0.0
2026-07-29T18:20:56+00:00,151720000033,Pessano con Bornago,0.6917868903081323,Connecting road,one_side,0.0,45.54934355939635,9.376151642930555,dentro_sezione,0.0
2026-07-29T18:20:56+00:00,151060000002,Gessate,0.7425160242073031,Secondary road,one_side,0.0,45.56467958054513,9.42994085278958,dentro_sezione,0.0
2026-07-29T18:20:56+00:00,151060000002,Gessate,0.7425160242073031,Local road,full,0.0,45.560255313571915,9.432396762804721,dentro_sezione,0.0
2026-07-29T18:20:56+00:00,151060000002,Gessate,0.7425160242073031,Local road,one_side,0.0,45.56454053580137,9.429751142185447,dentro_sezione,0.0
2026-07-29T18:20:56+00:00,151060000001,Gessate,0.6955934512145499,Secondary road,one_side,0.3659999966621399,45.55416798473077,9.435293616542523,dentro_sezione,0.0
2026-07-29T18:20:56+00:00,151060000001,Gessate,0.6955934512145499,Secondary road,one_side,0.0,45.557251092637316,9.434043921857496,dentro_sezione,0.0
2026-07-29T18:20:56+00:00,151060000002,Gessate,0.7425160242073031,Secondary road,one_side,0.0,45.557251092637316,9.434043921857496,dentro_sezione,0.0
2026-07-29T18:20:56+00:00,151060000001,Gessate,0.6955934512145499,Connecting road,one_side,0.0,45.55590896681553,9.431484338768323,dentro_sezione,0.0
2026-07-29T18:20:56+00:00,151060000024,Gessate,0.7259449304054464,Connecting road,one_side,0.0,45.55590896681553,9.431484338768323,dentro_sezione,0.0
2026-07-29T18:20:56+00:00,151060000001,Gessate,0.6955934512145499,Major local road,one_side,0.0,45.55422279576027,9.432760444383911,dentro_sezione,0.0
2026-07-29T18:20:56+00:00,151060000002,Gessate,0.7425160242073031,Local road,full,0.0,45.560255313571915,9.432396762804721,dentro_sezione,0.0
2026-07-29T18:20:56+00:00,151060000001,Gessate,0.6955934512145499,Local road,one_side,0.0,45.555846588990775,9.43116296524165,dentro_sezione,0.0
2026-07-29T18:20:56+00:00,151060000024,Gessate,0.7259449304054464,Local road,one_side,0.0,45.555846588990775,9.43116296524165,dentro_sezione,0.0
2026-07-29T18:20:56+00:00,151060000002,Gessate,0.7425160242073031,Local road,one_side,0.0,45.555846588990775,9.43116296524165,dentro_sezione,0.0
2026-07-29T18:20:56+00:00,151780000007,Pozzuolo Martesana,0.6870828006360621,Major local road,one_side,0.0,45.5162997071174,9.452851839905524,dentro_sezione,0.0
2026-07-29T18:20:56+00:00,151780000006,Pozzuolo Martesana,0.7249463935793504,Local road,one_side,0.0,45.51383675500905,9.455127776174606,dentro_sezione,0.0
2026-07-29T18:20:56+00:00,151780000010,Pozzuolo Martesana,0.7180720735800431,Local road,one_side,0.0,45.51383675500905,9.455127776174606,dentro_sezione,0.0
2026-07-29T18:20:56+00:00,151780000006,Pozzuolo Martesana,0.7249463935793504,Local road,one_side,0.0,45.51352177880894,9.45403040996121,dentro_sezione,0.0
2026-07-29T18:20:56+00:00,151780000010,Pozzuolo Martesana,0.7180720735800431,Local road,one_side,0.0,45.51352177880894,9.45403040996121,dentro_sezione,0.0
2026-07-29T18:20:56+00:00,151780000010,Pozzuolo Martesana,0.7180720735800431,Connecting road,full,0.0,45.513599351573255,9.460939502465216,dentro_sezione,0.0
2026-07-29T18:20:56+00:00,151780000007,Pozzuolo Martesana,0.6870828006360621,Connecting road,full,0.0,45.513599351573255,9.460939502465216,dentro_sezione,0.0
2026-07-29T18:20:56+00:00,151780000010,Pozzuolo Martesana,0.7180720735800431,Connecting road,one_side,0.0,45.51563145821439,9.465520992389205,dentro_sezione,0.0
2026-07-29T18:20:56+00:00,151780000007,Pozzuolo Martesana,0.6870828006360621,Connecting road,one_side,0.0,45.51563145821439,9.465520992389205,dentro_sezione,0.0
2026-07-29T18:20:56+00:00,151780000010,Pozzuolo Martesana,0.7180720735800431,Major local road,one_side,0.0,45.51532070853119,9.459851812271916,dentro_sezione,0.0
2026-07-29T18:20:56+00:00,151780000007,Pozzuolo Martesana,0.6870828006360621,Major local road,one_side,0.0,45.51532070853119,9.459851812271916,dentro_sezione,0.0
2026-07-29T18:20:56+00:00,151780000006,Pozzuolo Martesana,0.7249463935793504,Local road,one_side,0.0,45.51362060641403,9.459314526874598,dentro_sezione,0.0
2026-07-29T18:20:56+00:00,151780000010,Pozzuolo Martesana,0.7180720735800431,Local road,one_side,0.0,45.51362060641403,9.459314526874598,dentro_sezione,0.0
2026-07-29T18:20:56+00:00,151780000010,Pozzuolo Martesana,0.7180720735800431,Connecting road,full,0.0,45.513599351573255,9.460939502465216,dentro_sezione,0.0
2026-07-29T18:20:56+00:00,151780000007,Pozzuolo Martesana,0.6870828006360621,Connecting road,full,0.0,45.513599351573255,9.460939502465216,dentro_sezione,0.0
2026-07-29T18:20:56+00:00,151780000010,Pozzuolo Martesana,0.7180720735800431,Connecting road,one_side,0.0,45.51201985358216,9.463432597695672,dentro_sezione,0.0
2026-07-29T18:20:56+00:00,151780000007,Pozzuolo Martesana,0.6870828006360621,Connecting road,one_side,0.0,45.51201985358216,9.463432597695672,dentro_sezione,0.0
2026-07-29T18:20:56+00:00,151780000010,Pozzuolo Martesana,0.7180720735800431,Major local road,one_side,0.0,45.514391786615064,9.460879607557235,dentro_sezione,0.0
2026-07-29T18:20:56+00:00,151780000007,Pozzuolo Martesana,0.6870828006360621,Major local road,one_side,0.0,45.514391786615064,9.460879607557235,dentro_sezione,0.0
2026-07-29T18:20:56+00:00,151780000006,Pozzuolo Martesana,0.7249463935793504,Local road,one_side,0.0,45.51362060641403,9.459314526874598,dentro_sezione,0.0
2026-07-29T18:20:56+00:00,151780000010,Pozzuolo Martesana,0.7180720735800431,Local road,one_side,0.0,45.51362060641403,9.459314526874598,dentro_sezione,0.0
2026-07-29T18:20:56+00:00,152240000010,Truccazzano,0.7476905228465803,Connecting road,one_side,0.0,45.463656188833134,9.475532115410585,dentro_sezione,0.0
2026-07-29T18:20:56+00:00,150590000040,Cassano d'Adda,0.8090312749814579,Connecting road,full,0.0,45.50586857074825,9.527646386145808,dentro_sezione,0.0
2026-07-29T18:20:56+00:00,150590000040,Cassano d'Adda,0.8090312749814579,Connecting road,one_side,0.0,45.506227865561726,9.526025437081474,dentro_sezione,0.0
2026-07-29T18:20:56+00:00,150590000040,Cassano d'Adda,0.8090312749814579,Connecting road,full,0.0,45.50465141333191,9.53149248144333,dentro_sezione,0.0
2026-07-29T18:20:56+00:00,150590000040,Cassano d'Adda,0.8090312749814579,Connecting road,one_side,0.0,45.50481444915567,9.530592811924295,dentro_sezione,0.0
2026-07-29T18:20:56+00:00,150990000018,Dairago,0.7297543772564479,Connecting road,one_side,0.0,45.564663171232475,8.86031666458123,piu_vicino_esterno,163.7
2026-07-29T18:20:56+00:00,150770000392,Cinisello Balsamo,0.7272782368032968,Connecting road,one_side,0.0,45.57128500494079,9.209350914619835,piu_vicino_esterno,251.1
2026-07-29T18:20:56+00:00,150770000393,Cinisello Balsamo,0.714057724663571,Connecting road,one_side,0.0,45.57128500494079,9.209350914619835,piu_vicino_esterno,263.7
2026-07-29T18:25:55+00:00,151830000004,Robecchetto con Induno,0.7553527057173448,Connecting road,one_side,0.050000011920928955,45.522959213220155,8.775098022241199,dentro_sezione,0.0
2026-07-29T18:25:55+00:00,151830000005,Robecchetto con Induno,0.7359793597243346,Connecting road,one_side,0.050000011920928955,45.522959213220155,8.775098022241199,dentro_sezione,0.0
2026-07-29T18:25:55+00:00,151830000004,Robecchetto con Induno,0.7553527057173448,Connecting road,one_side,0.0,45.52479544595511,8.771081509134973,dentro_sezione,0.0
2026-07-29T18:25:55+00:00,151830000005,Robecchetto con Induno,0.7359793597243346,Connecting road,one_side,0.0,45.52479544595511,8.771081509134973,dentro_sezione,0.0
2026-07-29T18:25:55+00:00,151830000004,Robecchetto con Induno,0.7553527057173448,Major local road,one_side,0.0,45.52593707033944,8.774034097590642,dentro_sezione,0.0
2026-07-29T18:25:55+00:00,151830000005,Robecchetto con Induno,0.7359793597243346,Major local road,one_side,0.0,45.52593707033944,8.774034097590642,dentro_sezione,0.0
2026-07-29T18:25:55+00:00,151830000004,Robecchetto con Induno,0.7553527057173448,Local road,full,0.0,45.52665341304878,8.77813513370993,dentro_sezione,0.0
2026-07-29T18:25:55+00:00,151830000005,Robecchetto con Induno,0.7359793597243346,Local road,full,0.0,45.52665341304878,8.77813513370993,dentro_sezione,0.0
2026-07-29T18:25:55+00:00,151830000004,Robecchetto con Induno,0.7553527057173448,Local road,one_side,0.0,45.52750090024759,8.777482354636556,dentro_sezione,0.0
2026-07-29T18:25:55+00:00,151830000005,Robecchetto con Induno,0.7359793597243346,Local road,one_side,0.0,45.52750090024759,8.777482354636556,dentro_sezione,0.0
2026-07-29T18:25:55+00:00,151830000004,Robecchetto con Induno,0.7553527057173448,Minor local road,one_side,0.0,45.5246629407847,8.777006510696419,dentro_sezione,0.0
2026-07-29T18:25:55+00:00,151830000005,Robecchetto con Induno,0.7359793597243346,Minor local road,one_side,0.0,45.5246629407847,8.777006510696419,dentro_sezione,0.0
2026-07-29T18:25:55+00:00,151830000004,Robecchetto con Induno,0.7553527057173448,Connecting road,one_side,0.050000011920928955,45.52127531795456,8.77769623001356,dentro_sezione,0.0
2026-07-29T18:25:55+00:00,151830000005,Robecchetto con Induno,0.7359793597243346,Connecting road,one_side,0.050000011920928955,45.52127531795456,8.77769623001356,dentro_sezione,0.0
2026-07-29T18:25:55+00:00,151830000004,Robecchetto con Induno,0.7553527057173448,Connecting road,one_side,0.0,45.52127513594969,8.777697367403958,dentro_sezione,0.0
2026-07-29T18:25:55+00:00,151830000005,Robecchetto con Induno,0.7359793597243346,Connecting road,one_side,0.0,45.52127513594969,8.777697367403958,dentro_sezione,0.0
2026-07-29T18:25:55+00:00,151830000004,Robecchetto con Induno,0.7553527057173448,Major local road,one_side,0.0,45.52003006239406,8.771803302455004,dentro_sezione,0.0
2026-07-29T18:25:55+00:00,151830000004,Robecchetto con Induno,0.7553527057173448,Connecting road,one_side,0.050000011920928955,45.52138429939102,8.777471672389858,dentro_sezione,0.0
2026-07-29T18:25:55+00:00,151830000005,Robecchetto con Induno,0.7359793597243346,Connecting road,one_side,0.050000011920928955,45.52138429939102,8.777471672389858,dentro_sezione,0.0
2026-07-29T18:25:55+00:00,151830000004,Robecchetto con Induno,0.7553527057173448,Connecting road,one_side,0.0,45.52138429939102,8.777471672389858,dentro_sezione,0.0
2026-07-29T18:25:55+00:00,151830000005,Robecchetto con Induno,0.7359793597243346,Connecting road,one_side,0.0,45.52138429939102,8.777471672389858,dentro_sezione,0.0
2026-07-29T18:25:55+00:00,151830000005,Robecchetto con Induno,0.7359793597243346,Major local road,full,0.0,45.52572185698712,8.781758926879993,dentro_sezione,0.0
2026-07-29T18:25:55+00:00,151830000004,Robecchetto con Induno,0.7553527057173448,Major local road,one_side,0.0,45.52545606758585,8.783235613334185,dentro_sezione,0.0
2026-07-29T18:25:55+00:00,151830000005,Robecchetto con Induno,0.7359793597243346,Major local road,one_side,0.0,45.52545606758585,8.783235613334185,dentro_sezione,0.0
2026-07-29T18:25:55+00:00,151830000004,Robecchetto con Induno,0.7553527057173448,Local road,full,0.0,45.52665017246545,8.778138354718036,dentro_sezione,0.0
2026-07-29T18:25:55+00:00,151830000005,Robecchetto con Induno,0.7359793597243346,Local road,full,0.0,45.52665017246545,8.778138354718036,dentro_sezione,0.0
2026-07-29T18:25:55+00:00,151830000004,Robecchetto con Induno,0.7553527057173448,Local road,one_side,0.0,45.52614843665075,8.779160738634744,dentro_sezione,0.0
2026-07-29T18:25:55+00:00,151830000005,Robecchetto con Induno,0.7359793597243346,Local road,one_side,0.0,45.52614843665075,8.779160738634744,dentro_sezione,0.0
2026-07-29T18:25:55+00:00,151830000004,Robecchetto con Induno,0.7553527057173448,Minor local road,one_side,0.0,45.524831941765086,8.777906603428388,dentro_sezione,0.0
2026-07-29T18:25:55+00:00,151830000005,Robecchetto con Induno,0.7359793597243346,Minor local road,one_side,0.0,45.524831941765086,8.777906603428388,dentro_sezione,0.0
2026-07-29T18:25:55+00:00,151830000004,Robecchetto con Induno,0.7553527057173448,Connecting road,one_side,0.10100001096725464,45.514767439361535,8.78093221662328,dentro_sezione,0.0
2026-07-29T18:25:55+00:00,151830000004,Robecchetto con Induno,0.7553527057173448,Connecting road,one_side,0.050000011920928955,45.51961521008448,8.779372786390145,dentro_sezione,0.0
2026-07-29T18:25:55+00:00,151830000005,Robecchetto con Induno,0.7359793597243346,Connecting road,one_side,0.050000011920928955,45.51961521008448,8.779372786390145,dentro_sezione,0.0
2026-07-29T18:25:55+00:00,151830000004,Robecchetto con Induno,0.7553527057173448,Connecting road,one_side,0.0,45.517892239286915,8.779944127852351,dentro_sezione,0.0
2026-07-29T18:25:55+00:00,151830000005,Robecchetto con Induno,0.7359793597243346,Connecting road,one_side,0.0,45.517892239286915,8.779944127852351,dentro_sezione,0.0
2026-07-29T18:25:55+00:00,151830000004,Robecchetto con Induno,0.7553527057173448,Major local road,one_side,0.0,45.52129064980628,8.777203055737562,dentro_sezione,0.0
2026-07-29T18:25:55+00:00,150990000004,Dairago,0.7676872328697544,Connecting road,one_side,0.0,45.559969756077514,8.855855576146451,dentro_sezione,0.0
2026-07-29T18:25:55+00:00,150990000005,Dairago,0.7542589327199739,Connecting road,one_side,0.0,45.559969756077514,8.855855576146451,dentro_sezione,0.0
2026-07-29T18:25:55+00:00,150990000006,Dairago,0.7709685518618672,Secondary road,one_side,0.7060000002384186,45.5777463162237,8.860049850307782,dentro_sezione,0.0
2026-07-29T18:25:55+00:00,150990000006,Dairago,0.7709685518618672,Secondary road,one_side,0.6759999990463257,45.577741311180816,8.860052659197983,dentro_sezione,0.0
2026-07-29T18:25:55+00:00,150990000006,Dairago,0.7709685518618672,Secondary road,one_side,0.10900002717971802,45.575504858752794,8.861571019742145,dentro_sezione,0.0
2026-07-29T18:25:55+00:00,150990000006,Dairago,0.7709685518618672,Secondary road,one_side,0.7060000002384186,45.576270458340744,8.861078470945358,dentro_sezione,0.0
2026-07-29T18:25:55+00:00,150990000006,Dairago,0.7709685518618672,Secondary road,one_side,0.6759999990463257,45.576266444336554,8.861078712573057,dentro_sezione,0.0
2026-07-29T18:25:55+00:00,150990000006,Dairago,0.7709685518618672,Secondary road,full,0.20899999141693115,45.57379030956311,8.862627446651459,dentro_sezione,0.0
2026-07-29T18:25:55+00:00,150990000005,Dairago,0.7542589327199739,Secondary road,one_side,0.20899999141693115,45.570433449813656,8.864192014930888,dentro_sezione,0.0
2026-07-29T18:25:55+00:00,150990000001,Dairago,0.7159220448648945,Secondary road,one_side,0.20899999141693115,45.570433449813656,8.864192014930888,dentro_sezione,0.0
2026-07-29T18:25:55+00:00,150990000002,Dairago,0.6942688026504515,Secondary road,one_side,0.20899999141693115,45.570433449813656,8.864192014930888,dentro_sezione,0.0
2026-07-29T18:25:55+00:00,150990000006,Dairago,0.7709685518618672,Secondary road,one_side,0.20899999141693115,45.570433449813656,8.864192014930888,dentro_sezione,0.0
2026-07-29T18:25:55+00:00,150990000006,Dairago,0.7709685518618672,Secondary road,full,0.10900002717971802,45.574134779973086,8.86241340106102,dentro_sezione,0.0
2026-07-29T18:25:55+00:00,150990000006,Dairago,0.7709685518618672,Secondary road,one_side,0.10900002717971802,45.575224316197556,8.861739489551734,dentro_sezione,0.0
2026-07-29T18:25:55+00:00,150990000006,Dairago,0.7709685518618672,Secondary road,full,0.0,45.573889576547714,8.86254585473303,dentro_sezione,0.0
2026-07-29T18:25:55+00:00,150990000005,Dairago,0.7542589327199739,Secondary road,one_side,0.0,45.57043338237761,8.864191860129752,dentro_sezione,0.0
2026-07-29T18:25:55+00:00,150990000001,Dairago,0.7159220448648945,Secondary road,one_side,0.0,45.57043338237761,8.864191860129752,dentro_sezione,0.0
2026-07-29T18:25:55+00:00,150990000002,Dairago,0.6942688026504515,Secondary road,one_side,0.0,45.57043338237761,8.864191860129752,dentro_sezione,0.0
2026-07-29T18:25:55+00:00,150990000006,Dairago,0.7709685518618672,Secondary road,one_side,0.0,45.57043338237761,8.864191860129752,dentro_sezione,0.0
2026-07-29T18:25:55+00:00,150990000005,Dairago,0.7542589327199739,Connecting road,one_side,0.0,45.56869535247887,8.862106087174277,dentro_sezione,0.0
2026-07-29T18:25:55+00:00,150990000001,Dairago,0.7159220448648945,Connecting road,one_side,0.0,45.56869535247887,8.862106087174277,dentro_sezione,0.0
2026-07-29T18:25:55+00:00,150990000002,Dairago,0.6942688026504515,Connecting road,one_side,0.0,45.56869535247887,8.862106087174277,dentro_sezione,0.0
2026-07-29T18:25:55+00:00,150990000006,Dairago,0.7709685518618672,Connecting road,one_side,0.0,45.56869535247887,8.862106087174277,dentro_sezione,0.0
2026-07-29T18:25:55+00:00,150990000005,Dairago,0.7542589327199739,Local road,full,0.0,45.57115044782316,8.861418408582644,dentro_sezione,0.0
2026-07-29T18:25:55+00:00,150990000006,Dairago,0.7709685518618672,Local road,full,0.0,45.57115044782316,8.861418408582644,dentro_sezione,0.0
2026-07-29T18:25:55+00:00,150990000005,Dairago,0.7542589327199739,Local road,one_side,0.0,45.57092412688219,8.861752614264068,dentro_sezione,0.0
2026-07-29T18:25:55+00:00,150990000006,Dairago,0.7709685518618672,Local road,one_side,0.0,45.57092412688219,8.861752614264068,dentro_sezione,0.0
2026-07-29T18:25:55+00:00,150990000006,Dairago,0.7709685518618672,Minor local road,full,0.0,45.57390108315492,8.862335085868835,dentro_sezione,0.0
2026-07-29T18:25:55+00:00,150990000006,Dairago,0.7709685518618672,Minor local road,one_side,0.0,45.57342910946712,8.861447226380976,dentro_sezione,0.0
2026-07-29T18:25:55+00:00,150990000004,Dairago,0.7676872328697544,Secondary road,one_side,0.20899999141693115,45.56754907344413,8.865468281462599,dentro_sezione,0.0
2026-07-29T18:25:55+00:00,150990000001,Dairago,0.7159220448648945,Secondary road,one_side,0.20899999141693115,45.56754907344413,8.865468281462599,dentro_sezione,0.0
2026-07-29T18:25:55+00:00,150990000002,Dairago,0.6942688026504515,Secondary road,one_side,0.20899999141693115,45.56754907344413,8.865468281462599,dentro_sezione,0.0
2026-07-29T18:25:55+00:00,150990000004,Dairago,0.7676872328697544,Secondary road,one_side,0.0,45.565675664297586,8.866151684405883,dentro_sezione,0.0
2026-07-29T18:25:55+00:00,150990000001,Dairago,0.7159220448648945,Secondary road,one_side,0.0,45.565675664297586,8.866151684405883,dentro_sezione,0.0
2026-07-29T18:25:55+00:00,150990000002,Dairago,0.6942688026504515,Secondary road,one_side,0.0,45.565675664297586,8.866151684405883,dentro_sezione,0.0
2026-07-29T18:25:55+00:00,150990000004,Dairago,0.7676872328697544,Connecting road,full,0.0,45.56559331224461,8.864327222945509,dentro_sezione,0.0
2026-07-29T18:25:55+00:00,150990000005,Dairago,0.7542589327199739,Connecting road,full,0.0,45.56559331224461,8.864327222945509,dentro_sezione,0.0
2026-07-29T18:25:55+00:00,150990000001,Dairago,0.7159220448648945,Connecting road,full,0.0,45.56559331224461,8.864327222945509,dentro_sezione,0.0
2026-07-29T18:25:55+00:00,150990000002,Dairago,0.6942688026504515,Connecting road,full,0.0,45.56559331224461,8.864327222945509,dentro_sezione,0.0
2026-07-29T18:25:55+00:00,150990000004,Dairago,0.7676872328697544,Connecting road,one_side,0.0,45.564686052346,8.860306390456056,dentro_sezione,0.0
2026-07-29T18:25:55+00:00,150990000005,Dairago,0.7542589327199739,Connecting road,one_side,0.0,45.564686052346,8.860306390456056,dentro_sezione,0.0
2026-07-29T18:25:55+00:00,150990000001,Dairago,0.7159220448648945,Connecting road,one_side,0.0,45.564686052346,8.860306390456056,dentro_sezione,0.0
2026-07-29T18:25:55+00:00,150990000002,Dairago,0.6942688026504515,Connecting road,one_side,0.0,45.564686052346,8.860306390456056,dentro_sezione,0.0
2026-07-29T18:25:55+00:00,150990000004,Dairago,0.7676872328697544,Major local road,one_side,0.0,45.563239021472114,8.860581830730837,dentro_sezione,0.0
2026-07-29T18:25:55+00:00,150990000005,Dairago,0.7542589327199739,Major local road,one_side,0.0,45.563239021472114,8.860581830730837,dentro_sezione,0.0
2026-07-29T18:25:55+00:00,150990000001,Dairago,0.7159220448648945,Secondary road,one_side,0.20899999141693115,45.56793643860762,8.865308032085537,dentro_sezione,0.0
2026-07-29T18:25:55+00:00,150990000002,Dairago,0.6942688026504515,Secondary road,one_side,0.20899999141693115,45.56793643860762,8.865308032085537,dentro_sezione,0.0
2026-07-29T18:25:55+00:00,150990000001,Dairago,0.7159220448648945,Secondary road,one_side,0.0,45.56793608713956,8.865307163391256,dentro_sezione,0.0
2026-07-29T18:25:55+00:00,150990000002,Dairago,0.6942688026504515,Secondary road,one_side,0.0,45.56793608713956,8.865307163391256,dentro_sezione,0.0
2026-07-29T18:25:55+00:00,150990000004,Dairago,0.7676872328697544,Secondary road,one_side,0.20899999141693115,45.56754869645032,8.86546906182961,dentro_sezione,0.0
2026-07-29T18:25:55+00:00,150990000001,Dairago,0.7159220448648945,Secondary road,one_side,0.20899999141693115,45.56754869645032,8.86546906182961,dentro_sezione,0.0
2026-07-29T18:25:55+00:00,150990000002,Dairago,0.6942688026504515,Secondary road,one_side,0.20899999141693115,45.56754869645032,8.86546906182961,dentro_sezione,0.0
2026-07-29T18:25:55+00:00,150990000004,Dairago,0.7676872328697544,Secondary road,one_side,0.0,45.56350375152398,8.867135362175203,dentro_sezione,0.0
2026-07-29T18:25:55+00:00,150990000001,Dairago,0.7159220448648945,Secondary road,one_side,0.0,45.56350375152398,8.867135362175203,dentro_sezione,0.0
2026-07-29T18:25:55+00:00,150990000002,Dairago,0.6942688026504515,Secondary road,one_side,0.0,45.56350375152398,8.867135362175203,dentro_sezione,0.0
2026-07-29T18:25:55+00:00,150990000004,Dairago,0.7676872328697544,Connecting road,full,0.0,45.566236844428026,8.865384249111933,dentro_sezione,0.0
2026-07-29T18:25:55+00:00,150990000001,Dairago,0.7159220448648945,Connecting road,full,0.0,45.566236844428026,8.865384249111933,dentro_sezione,0.0
2026-07-29T18:25:55+00:00,150990000002,Dairago,0.6942688026504515,Connecting road,full,0.0,45.566236844428026,8.865384249111933,dentro_sezione,0.0
2026-07-29T18:25:55+00:00,150990000004,Dairago,0.7676872328697544,Connecting road,one_side,0.0,45.565772277047955,8.87122243071949,dentro_sezione,0.0
2026-07-29T18:25:55+00:00,150990000001,Dairago,0.7159220448648945,Connecting road,one_side,0.0,45.565772277047955,8.87122243071949,dentro_sezione,0.0
2026-07-29T18:25:55+00:00,150990000002,Dairago,0.6942688026504515,Connecting road,one_side,0.0,45.565772277047955,8.87122243071949,dentro_sezione,0.0
2026-07-29T18:25:55+00:00,151840000003,Robecco sul Naviglio,0.7196016242096119,Secondary road,full,0.0,45.43738004527872,8.884716475393938,dentro_sezione,0.0
2026-07-29T18:25:55+00:00,151840000006,Robecco sul Naviglio,0.7230185825971769,Secondary road,full,0.0,45.43738004527872,8.884716475393938,dentro_sezione,0.0
2026-07-29T18:25:55+00:00,151840000004,Robecco sul Naviglio,0.7107590900039538,Secondary road,full,0.0,45.43738004527872,8.884716475393938,dentro_sezione,0.0
2026-07-29T18:25:55+00:00,151840000006,Robecco sul Naviglio,0.7230185825971769,Secondary road,one_side,0.0,45.441021454681305,8.886726811167174,dentro_sezione,0.0
2026-07-29T18:25:55+00:00,151840000004,Robecco sul Naviglio,0.7107590900039538,Secondary road,one_side,0.0,45.441021454681305,8.886726811167174,dentro_sezione,0.0
2026-07-29T18:25:55+00:00,151840000004,Robecco sul Naviglio,0.7107590900039538,Connecting road,one_side,0.0,45.44215302778418,8.881694311544635,dentro_sezione,0.0
2026-07-29T18:25:55+00:00,151840000008,Robecco sul Naviglio,0.7257111688941349,Connecting road,one_side,0.0,45.44215302778418,8.881694311544635,dentro_sezione,0.0
2026-07-29T18:25:55+00:00,151840000008,Robecco sul Naviglio,0.7257111688941349,Minor local road,one_side,0.0,45.44305633774382,8.87880615453956,dentro_sezione,0.0
2026-07-29T18:25:55+00:00,151840000003,Robecco sul Naviglio,0.7196016242096119,Secondary road,full,0.0,45.436020247875916,8.88427360275287,dentro_sezione,0.0
2026-07-29T18:25:55+00:00,151840000006,Robecco sul Naviglio,0.7230185825971769,Secondary road,full,0.0,45.436020247875916,8.88427360275287,dentro_sezione,0.0
2026-07-29T18:25:55+00:00,151840000004,Robecco sul Naviglio,0.7107590900039538,Secondary road,full,0.0,45.436020247875916,8.88427360275287,dentro_sezione,0.0
2026-07-29T18:25:55+00:00,151840000003,Robecco sul Naviglio,0.7196016242096119,Secondary road,one_side,0.0,45.432741752237355,8.885387574658592,dentro_sezione,0.0
2026-07-29T18:25:55+00:00,151840000006,Robecco sul Naviglio,0.7230185825971769,Secondary road,one_side,0.0,45.432741752237355,8.885387574658592,dentro_sezione,0.0
2026-07-29T18:25:55+00:00,151840000004,Robecco sul Naviglio,0.7107590900039538,Secondary road,one_side,0.0,45.432741752237355,8.885387574658592,dentro_sezione,0.0
2026-07-29T18:25:55+00:00,151840000003,Robecco sul Naviglio,0.7196016242096119,Connecting road,full,0.0,45.434818033444905,8.888212023960996,dentro_sezione,0.0
2026-07-29T18:25:55+00:00,151840000004,Robecco sul Naviglio,0.7107590900039538,Connecting road,full,0.0,45.434818033444905,8.888212023960996,dentro_sezione,0.0
2026-07-29T18:25:55+00:00,151840000003,Robecco sul Naviglio,0.7196016242096119,Connecting road,one_side,0.0,45.43218495639539,8.879627085051737,dentro_sezione,0.0
2026-07-29T18:25:55+00:00,151840000006,Robecco sul Naviglio,0.7230185825971769,Connecting road,one_side,0.0,45.43218495639539,8.879627085051737,dentro_sezione,0.0
2026-07-29T18:25:55+00:00,150410000011,Busto Garolfo,0.7031690557477914,Local road,one_side,0.7479999959468842,45.546385370085005,8.889137957024989,dentro_sezione,0.0
2026-07-29T18:25:55+00:00,150410000011,Busto Garolfo,0.7031690557477914,Major local road,one_side,0.0,45.547462481839126,8.892937891739695,dentro_sezione,0.0
2026-07-29T18:25:55+00:00,150410000011,Busto Garolfo,0.7031690557477914,Local road,one_side,0.0,45.548881623118035,8.888884262288697,dentro_sezione,0.0
2026-07-29T18:25:55+00:00,150410000011,Busto Garolfo,0.7031690557477914,Local road,one_side,0.7479999959468842,45.54548308231188,8.88984006822264,dentro_sezione,0.0
2026-07-29T18:25:55+00:00,150410000011,Busto Garolfo,0.7031690557477914,Connecting road,one_side,0.0,45.54197439189159,8.89465136982906,dentro_sezione,0.0
2026-07-29T18:25:55+00:00,150410000011,Busto Garolfo,0.7031690557477914,Major local road,one_side,0.0,45.544562915692,8.895608895264767,dentro_sezione,0.0
2026-07-29T18:25:55+00:00,150410000011,Busto Garolfo,0.7031690557477914,Local road,one_side,0.0,45.54094580924616,8.891523575690805,dentro_sezione,0.0
2026-07-29T18:25:55+00:00,151840000003,Robecco sul Naviglio,0.7196016242096119,Secondary road,full,0.0,45.43673429376078,8.88704731701488,dentro_sezione,0.0
2026-07-29T18:25:55+00:00,151840000004,Robecco sul Naviglio,0.7107590900039538,Secondary road,full,0.0,45.43673429376078,8.88704731701488,dentro_sezione,0.0
2026-07-29T18:25:55+00:00,151840000004,Robecco sul Naviglio,0.7107590900039538,Secondary road,one_side,0.0,45.44129080099548,8.887639896752052,dentro_sezione,0.0
2026-07-29T18:25:55+00:00,151840000003,Robecco sul Naviglio,0.7196016242096119,Secondary road,full,0.0,45.43465511634912,8.88814045588459,dentro_sezione,0.0
2026-07-29T18:25:55+00:00,151840000004,Robecco sul Naviglio,0.7107590900039538,Secondary road,full,0.0,45.43465511634912,8.88814045588459,dentro_sezione,0.0
2026-07-29T18:25:55+00:00,151840000003,Robecco sul Naviglio,0.7196016242096119,Connecting road,full,0.0,45.433208070156475,8.889242619884701,dentro_sezione,0.0
2026-07-29T18:25:55+00:00,151840000004,Robecco sul Naviglio,0.7107590900039538,Connecting road,full,0.0,45.433208070156475,8.889242619884701,dentro_sezione,0.0
2026-07-29T18:25:55+00:00,150720000017,Cerro Maggiore,0.6999223680906879,Secondary road,one_side,0.0,45.59469927159379,8.956787134794192,dentro_sezione,0.0
2026-07-29T18:25:55+00:00,150720000017,Cerro Maggiore,0.6999223680906879,Secondary road,full,0.0,45.58848035915598,8.9642983740158,dentro_sezione,0.0
2026-07-29T18:25:55+00:00,150720000017,Cerro Maggiore,0.6999223680906879,Secondary road,one_side,0.0,45.59053028893129,8.961361051470247,dentro_sezione,0.0
2026-07-29T18:25:55+00:00,150720000017,Cerro Maggiore,0.6999223680906879,Major local road,one_side,0.0,45.58829146872337,8.959288092130175,dentro_sezione,0.0
2026-07-29T18:25:55+00:00,150720000017,Cerro Maggiore,0.6999223680906879,Secondary road,full,0.0,45.58756210472569,8.966193376164924,dentro_sezione,0.0
2026-07-29T18:25:55+00:00,150720000017,Cerro Maggiore,0.6999223680906879,Secondary road,one_side,0.0,45.58536762844651,8.971044060006122,dentro_sezione,0.0
2026-07-29T18:25:55+00:00,150720000017,Cerro Maggiore,0.6999223680906879,Connecting road,one_side,0.0,45.58803245184286,8.973497377206987,dentro_sezione,0.0
2026-07-29T18:25:55+00:00,150220000001,Besate,0.8066359409766615,Secondary road,full,0.0,45.31397405974819,8.970680438795323,dentro_sezione,0.0
2026-07-29T18:25:55+00:00,150220000002,Besate,0.8457837792598706,Secondary road,full,0.0,45.31397405974819,8.970680438795323,dentro_sezione,0.0
2026-07-29T18:25:55+00:00,150220000001,Besate,0.8066359409766615,Secondary road,one_side,0.0,45.31693428516195,8.970520214464711,dentro_sezione,0.0
2026-07-29T18:25:55+00:00,150220000002,Besate,0.8457837792598706,Secondary road,one_side,0.0,45.31693428516195,8.970520214464711,dentro_sezione,0.0
2026-07-29T18:25:55+00:00,150220000001,Besate,0.8066359409766615,Secondary road,full,0.0,45.31230807897691,8.970803137994647,dentro_sezione,0.0
2026-07-29T18:25:55+00:00,150220000002,Besate,0.8457837792598706,Secondary road,full,0.0,45.31230807897691,8.970803137994647,dentro_sezione,0.0
2026-07-29T18:25:55+00:00,150220000001,Besate,0.8066359409766615,Secondary road,one_side,0.0,45.30850050611067,8.971050499191625,dentro_sezione,0.0
2026-07-29T18:25:55+00:00,150220000002,Besate,0.8457837792598706,Secondary road,one_side,0.0,45.30850050611067,8.971050499191625,dentro_sezione,0.0
2026-07-29T18:25:55+00:00,150220000002,Besate,0.8457837792598706,Connecting road,one_side,0.0,45.31011677645614,8.97243897841263,dentro_sezione,0.0
2026-07-29T18:25:55+00:00,151030000093,Gaggiano,0.7171341415902132,Connecting road,full,0.0,45.37753558005545,9.02820117450363,dentro_sezione,0.0
2026-07-29T18:25:55+00:00,151030000093,Gaggiano,0.7171341415902132,Connecting road,one_side,0.0,45.37922478434031,9.025526004065227,dentro_sezione,0.0
2026-07-29T18:25:55+00:00,152360000001,Vernate,0.7404237143838364,Major road,full,0.0,45.33115422928388,9.051982675890759,dentro_sezione,0.0
2026-07-29T18:25:55+00:00,152360000001,Vernate,0.7404237143838364,Major road,one_side,0.0,45.333667378972784,9.04899330877629,dentro_sezione,0.0
2026-07-29T18:25:55+00:00,152360000001,Vernate,0.7404237143838364,Secondary road,full,0.0,45.33085582197837,9.05174506782142,dentro_sezione,0.0
2026-07-29T18:25:55+00:00,152360000001,Vernate,0.7404237143838364,Secondary road,one_side,0.0,45.3294711922926,9.049540764120502,dentro_sezione,0.0
2026-07-29T18:25:55+00:00,152360000004,Vernate,0.7248915606322527,Connecting road,full,0.0,45.31713370461864,9.060332435953853,dentro_sezione,0.0
2026-07-29T18:25:55+00:00,152360000004,Vernate,0.7248915606322527,Connecting road,one_side,0.0,45.31685556517416,9.058201381824388,dentro_sezione,0.0
2026-07-29T18:25:55+00:00,150270000044,Bollate,0.7092237674852166,Connecting road,full,0.0,45.551101576535864,9.141299958119559,dentro_sezione,0.0
2026-07-29T18:25:55+00:00,150270000044,Bollate,0.7092237674852166,Connecting road,one_side,0.0,45.54765211863531,9.13664998664483,dentro_sezione,0.0
2026-07-29T18:25:55+00:00,150270000044,Bollate,0.7092237674852166,Local road,full,0.0,45.5486136227763,9.137978497546188,dentro_sezione,0.0
2026-07-29T18:25:55+00:00,150270000044,Bollate,0.7092237674852166,Local road,one_side,0.0,45.54824986471238,9.135017346615326,dentro_sezione,0.0
2026-07-29T18:25:55+00:00,150270000046,Bollate,0.7233042911110021,Motorway,full,0.0,45.548637494915916,9.147269678190169,dentro_sezione,0.0
2026-07-29T18:25:55+00:00,150270000046,Bollate,0.7233042911110021,Secondary road,full,0.0,45.55070810723628,9.146664038825996,dentro_sezione,0.0
2026-07-29T18:25:55+00:00,150270000044,Bollate,0.7092237674852166,Connecting road,full,0.0,45.55017918548694,9.146031515963527,dentro_sezione,0.0
2026-07-29T18:25:55+00:00,150270000046,Bollate,0.7233042911110021,Connecting road,one_side,0.0,45.54844611685997,9.144391397351994,dentro_sezione,0.0
2026-07-29T18:25:55+00:00,150270000044,Bollate,0.7092237674852166,Connecting road,one_side,0.0,45.54844611685997,9.144391397351994,dentro_sezione,0.0
2026-07-29T18:25:55+00:00,150270000046,Bollate,0.7233042911110021,Major local road,one_side,0.0,45.547104666833036,9.147278688778757,dentro_sezione,0.0
2026-07-29T18:25:55+00:00,150270000044,Bollate,0.7092237674852166,Local road,full,0.0,45.549132817135515,9.14128879881228,dentro_sezione,0.0
2026-07-29T18:25:55+00:00,150270000044,Bollate,0.7092237674852166,Local road,one_side,0.0,45.55087472061718,9.140988204592569,dentro_sezione,0.0
2026-07-29T18:25:55+00:00,151660000079,Paderno Dugnano,0.7118644067796609,Major local road,full,0.21700000762939453,45.57476549476131,9.153112262123038,dentro_sezione,0.0
2026-07-29T18:25:55+00:00,151660000079,Paderno Dugnano,0.7118644067796609,Minor local road,full,0.21700000762939453,45.570663212564014,9.156505794939457,dentro_sezione,0.0
2026-07-29T18:25:55+00:00,151660000079,Paderno Dugnano,0.7118644067796609,Major local road,full,0.0,45.5701503313999,9.157951362473213,dentro_sezione,0.0
2026-07-29T18:25:55+00:00,151660000079,Paderno Dugnano,0.7118644067796609,Major local road,one_side,0.0,45.57047610119554,9.156263751450421,dentro_sezione,0.0
2026-07-29T18:25:55+00:00,151660000079,Paderno Dugnano,0.7118644067796609,Local road,one_side,0.0,45.5697584120831,9.154184216067337,dentro_sezione,0.0
2026-07-29T18:25:55+00:00,151660000079,Paderno Dugnano,0.7118644067796609,Major local road,full,0.0,45.56765660396396,9.16061173142433,dentro_sezione,0.0
2026-07-29T18:25:55+00:00,150770000455,Cinisello Balsamo,0.7342939680872247,Connecting road,full,0.0,45.5628198241358,9.20016664943403,dentro_sezione,0.0
2026-07-29T18:25:55+00:00,150770000308,Cinisello Balsamo,0.7375002525201512,Connecting road,full,0.0,45.5628198241358,9.20016664943403,dentro_sezione,0.0
2026-07-29T18:25:55+00:00,150770000455,Cinisello Balsamo,0.7342939680872247,Local road,one_side,0.0,45.56207030894774,9.204732755630442,dentro_sezione,0.0
2026-07-29T18:25:55+00:00,150770000308,Cinisello Balsamo,0.7375002525201512,Connecting road,one_side,0.0,45.57128500494079,9.209350914619835,dentro_sezione,0.0
2026-07-29T18:25:55+00:00,150770000310,Cinisello Balsamo,0.7121097120693088,Connecting road,one_side,0.0,45.57128500494079,9.209350914619835,dentro_sezione,0.0
2026-07-29T18:25:55+00:00,150770000370,Cinisello Balsamo,0.7379158285402604,Connecting road,one_side,0.0,45.57128500494079,9.209350914619835,dentro_sezione,0.0
2026-07-29T18:25:55+00:00,150770000370,Cinisello Balsamo,0.7379158285402604,Major local road,full,0.0,45.57139631159235,9.211628724443395,dentro_sezione,0.0
2026-07-29T18:25:55+00:00,150770000370,Cinisello Balsamo,0.7379158285402604,Major local road,one_side,0.0,45.57015685476648,9.213783784528827,dentro_sezione,0.0
2026-07-29T18:25:55+00:00,150770000308,Cinisello Balsamo,0.7375002525201512,Local road,full,0.0,45.56759310544539,9.21333004495521,dentro_sezione,0.0
2026-07-29T18:25:55+00:00,150770000455,Cinisello Balsamo,0.7342939680872247,Connecting road,full,0.0,45.565241334929205,9.208139213088042,dentro_sezione,0.0
2026-07-29T18:25:55+00:00,150770000308,Cinisello Balsamo,0.7375002525201512,Connecting road,full,0.0,45.565241334929205,9.208139213088042,dentro_sezione,0.0
2026-07-29T18:25:55+00:00,150770000308,Cinisello Balsamo,0.7375002525201512,Connecting road,one_side,0.0,45.567370928132085,9.210477903628986,dentro_sezione,0.0
2026-07-29T18:25:55+00:00,150770000310,Cinisello Balsamo,0.7121097120693088,Connecting road,one_side,0.0,45.567370928132085,9.210477903628986,dentro_sezione,0.0
2026-07-29T18:25:55+00:00,150770000308,Cinisello Balsamo,0.7375002525201512,Local road,full,0.0,45.56384641423085,9.2129889677086,dentro_sezione,0.0
2026-07-29T18:25:55+00:00,150770000455,Cinisello Balsamo,0.7342939680872247,Local road,one_side,0.0,45.56390554361116,9.211470433101258,dentro_sezione,0.0
2026-07-29T18:25:55+00:00,150770000308,Cinisello Balsamo,0.7375002525201512,Local road,one_side,0.0,45.56390554361116,9.211470433101258,dentro_sezione,0.0
2026-07-29T18:25:55+00:00,151590000022,Opera,0.730949158314262,Secondary road,full,0.0,45.40169260125067,9.209300591556351,dentro_sezione,0.0
2026-07-29T18:25:55+00:00,151460002842,Milano,0.741696415945421,Secondary road,full,0.0,45.40169260125067,9.209300591556351,dentro_sezione,0.0
2026-07-29T18:25:55+00:00,151590000022,Opera,0.730949158314262,Minor local road,full,0.27399998903274536,45.39534490000107,9.211142824161739,dentro_sezione,0.0
2026-07-29T18:25:55+00:00,151590000014,Opera,0.7350933747370183,Minor local road,full,0.27399998903274536,45.39534490000107,9.211142824161739,dentro_sezione,0.0
2026-07-29T18:25:55+00:00,151590000013,Opera,0.7339534266263019,Minor local road,one_side,0.27399998903274536,45.395523430109826,9.211680808033528,dentro_sezione,0.0
2026-07-29T18:25:55+00:00,151590000022,Opera,0.730949158314262,Minor local road,one_side,0.27399998903274536,45.395523430109826,9.211680808033528,dentro_sezione,0.0
2026-07-29T18:25:55+00:00,151590000014,Opera,0.7350933747370183,Minor local road,one_side,0.27399998903274536,45.395523430109826,9.211680808033528,dentro_sezione,0.0
2026-07-29T18:25:55+00:00,151590000022,Opera,0.730949158314262,Secondary road,full,0.0,45.39244143620291,9.210883527776708,dentro_sezione,0.0
2026-07-29T18:25:55+00:00,151460002842,Milano,0.741696415945421,Secondary road,full,0.0,45.39244143620291,9.210883527776708,dentro_sezione,0.0
2026-07-29T18:25:55+00:00,151590000022,Opera,0.730949158314262,Minor local road,full,0.0,45.39362464967241,9.211524860782351,dentro_sezione,0.0
2026-07-29T18:25:55+00:00,151590000014,Opera,0.7350933747370183,Minor local road,full,0.0,45.39362464967241,9.211524860782351,dentro_sezione,0.0
2026-07-29T18:25:55+00:00,151590000013,Opera,0.7339534266263019,Minor local road,one_side,0.0,45.393274362807496,9.211612111853498,dentro_sezione,0.0
2026-07-29T18:25:55+00:00,151590000022,Opera,0.730949158314262,Minor local road,one_side,0.0,45.393274362807496,9.211612111853498,dentro_sezione,0.0
2026-07-29T18:25:55+00:00,151590000014,Opera,0.7350933747370183,Minor local road,one_side,0.0,45.393274362807496,9.211612111853498,dentro_sezione,0.0
2026-07-29T18:25:55+00:00,151460002739,Milano,0.7105830473843242,Local road,one_side,0.0,45.416399000279455,9.239352252220206,dentro_sezione,0.0
2026-07-29T18:25:55+00:00,151460002738,Milano,0.694095645975406,Local road,one_side,0.0,45.416399000279455,9.239352252220206,dentro_sezione,0.0
2026-07-29T18:25:55+00:00,151460002739,Milano,0.7105830473843242,Local road,one_side,0.0,45.41530469682335,9.241945604240724,dentro_sezione,0.0
2026-07-29T18:25:55+00:00,151460002738,Milano,0.694095645975406,Local road,one_side,0.0,45.41530469682335,9.241945604240724,dentro_sezione,0.0
2026-07-29T18:25:55+00:00,150700000003,Cernusco sul Naviglio,0.69710280023203,Connecting road,full,0.0,45.526320116081415,9.322236627355936,dentro_sezione,0.0
2026-07-29T18:25:55+00:00,150700000003,Cernusco sul Naviglio,0.69710280023203,Connecting road,one_side,0.0,45.52385482525997,9.32355774741958,dentro_sezione,0.0
2026-07-29T18:25:55+00:00,151390000001,Mediglia,0.726435540984742,Connecting road,one_side,0.0,45.40120559797648,9.320046818976916,dentro_sezione,0.0
2026-07-29T18:25:55+00:00,151390000003,Mediglia,0.7112179551928244,Major local road,full,0.0,45.40140869376171,9.325048126419558,dentro_sezione,0.0
2026-07-29T18:25:55+00:00,151390000004,Mediglia,0.7585618760948553,Major local road,full,0.0,45.40140869376171,9.325048126419558,dentro_sezione,0.0
2026-07-29T18:25:55+00:00,151390000001,Mediglia,0.726435540984742,Major local road,full,0.0,45.40140869376171,9.325048126419558,dentro_sezione,0.0
2026-07-29T18:25:55+00:00,151390000003,Mediglia,0.7112179551928244,Major local road,one_side,0.0,45.400344667152524,9.325511649512542,dentro_sezione,0.0
2026-07-29T18:25:55+00:00,151390000001,Mediglia,0.726435540984742,Major local road,one_side,0.0,45.400344667152524,9.325511649512542,dentro_sezione,0.0
2026-07-29T18:25:55+00:00,151390000001,Mediglia,0.726435540984742,Minor local road,one_side,0.0,45.4006120470024,9.322143495082855,dentro_sezione,0.0
2026-07-29T18:25:55+00:00,151390000005,Mediglia,0.7604290822407629,Minor local road,one_side,0.24500000476837158,45.39511055682533,9.32835572809166,dentro_sezione,0.0
2026-07-29T18:25:55+00:00,151390000005,Mediglia,0.7604290822407629,Minor local road,one_side,0.23600000143051147,45.39511055682532,9.328355728091656,dentro_sezione,0.0
2026-07-29T18:25:55+00:00,151390000005,Mediglia,0.7604290822407629,Connecting road,full,0.0,45.3963907308835,9.326313621966435,dentro_sezione,0.0
2026-07-29T18:25:55+00:00,151390000005,Mediglia,0.7604290822407629,Connecting road,one_side,0.0,45.39679434052438,9.32338812732594,dentro_sezione,0.0
2026-07-29T18:25:55+00:00,151390000005,Mediglia,0.7604290822407629,Local road,one_side,0.0,45.396140404746596,9.327497611614783,dentro_sezione,0.0
2026-07-29T18:25:55+00:00,150700000003,Cernusco sul Naviglio,0.69710280023203,Connecting road,full,0.0,45.52542823752901,9.335359373888759,dentro_sezione,0.0
2026-07-29T18:25:55+00:00,150700000003,Cernusco sul Naviglio,0.69710280023203,Connecting road,one_side,0.0,45.524771461211785,9.331391066137858,dentro_sezione,0.0
2026-07-29T18:25:55+00:00,151390000003,Mediglia,0.7112179551928244,Major local road,full,0.0,45.40269867414756,9.332973177694676,dentro_sezione,0.0
2026-07-29T18:25:55+00:00,151390000004,Mediglia,0.7585618760948553,Major local road,full,0.0,45.40269867414756,9.332973177694676,dentro_sezione,0.0
2026-07-29T18:25:55+00:00,151390000005,Mediglia,0.7604290822407629,Major local road,one_side,0.0,45.39901575157139,9.328824437964817,dentro_sezione,0.0
2026-07-29T18:25:55+00:00,151390000005,Mediglia,0.7604290822407629,Minor local road,one_side,0.24500000476837158,45.39490806882062,9.328462980029425,dentro_sezione,0.0
2026-07-29T18:25:55+00:00,151390000005,Mediglia,0.7604290822407629,Minor local road,one_side,0.23600000143051147,45.39490806882062,9.328462980029421,dentro_sezione,0.0
2026-07-29T18:25:55+00:00,151390000005,Mediglia,0.7604290822407629,Connecting road,full,0.0,45.39638593209097,9.326481688905965,dentro_sezione,0.0
2026-07-29T18:25:55+00:00,151390000005,Mediglia,0.7604290822407629,Connecting road,one_side,0.0,45.393074928382816,9.32979317581705,dentro_sezione,0.0
2026-07-29T18:25:55+00:00,151390000006,Mediglia,0.7320891064249785,Major local road,full,0.0,45.39695368826313,9.331997118685997,dentro_sezione,0.0
2026-07-29T18:25:55+00:00,151390000005,Mediglia,0.7604290822407629,Major local road,full,0.0,45.39695368826313,9.331997118685997,dentro_sezione,0.0
2026-07-29T18:25:55+00:00,151390000006,Mediglia,0.7320891064249785,Major local road,one_side,0.0,45.39818813703475,9.330293207015123,dentro_sezione,0.0
2026-07-29T18:25:55+00:00,151390000005,Mediglia,0.7604290822407629,Major local road,one_side,0.0,45.39818813703475,9.330293207015123,dentro_sezione,0.0
2026-07-29T18:25:55+00:00,151390000006,Mediglia,0.7320891064249785,Local road,full,0.0,45.39608792001459,9.332509194682364,dentro_sezione,0.0
2026-07-29T18:25:55+00:00,151390000005,Mediglia,0.7604290822407629,Local road,full,0.0,45.39608792001459,9.332509194682364,dentro_sezione,0.0
2026-07-29T18:25:55+00:00,151390000006,Mediglia,0.7320891064249785,Local road,one_side,0.0,45.39326670139134,9.332485365519153,dentro_sezione,0.0
2026-07-29T18:25:55+00:00,151390000005,Mediglia,0.7604290822407629,Local road,one_side,0.0,45.39326670139134,9.332485365519153,dentro_sezione,0.0
2026-07-29T18:25:55+00:00,151390000006,Mediglia,0.7320891064249785,Minor local road,full,0.0,45.39522836417661,9.332302120406032,dentro_sezione,0.0
2026-07-29T18:25:55+00:00,151390000005,Mediglia,0.7604290822407629,Minor local road,full,0.0,45.39522836417661,9.332302120406032,dentro_sezione,0.0
2026-07-29T18:25:55+00:00,151390000005,Mediglia,0.7604290822407629,Minor local road,one_side,0.0,45.395347964709245,9.330322216494508,dentro_sezione,0.0
2026-07-29T18:25:55+00:00,151390000012,Mediglia,0.8052276000196243,Major local road,full,0.0,45.40192324569242,9.33925038288648,dentro_sezione,0.0
2026-07-29T18:25:55+00:00,151390000012,Mediglia,0.8052276000196243,Major local road,one_side,0.0,45.39971558766529,9.340347647666931,dentro_sezione,0.0
2026-07-29T18:25:55+00:00,151720000033,Pessano con Bornago,0.6917868903081323,Connecting road,full,0.0,45.550503057218656,9.371199885655058,dentro_sezione,0.0
2026-07-29T18:25:55+00:00,151720000033,Pessano con Bornago,0.6917868903081323,Connecting road,one_side,0.0,45.55027066137421,9.366442433084678,dentro_sezione,0.0
2026-07-29T18:25:55+00:00,151720000033,Pessano con Bornago,0.6917868903081323,Connecting road,full,0.0,45.54997239764829,9.375375151996868,dentro_sezione,0.0
2026-07-29T18:25:55+00:00,151720000033,Pessano con Bornago,0.6917868903081323,Connecting road,one_side,0.0,45.54934355939635,9.376151642930555,dentro_sezione,0.0
2026-07-29T18:25:55+00:00,151060000002,Gessate,0.7425160242073031,Secondary road,one_side,0.0,45.56467958054513,9.42994085278958,dentro_sezione,0.0
2026-07-29T18:25:55+00:00,151060000002,Gessate,0.7425160242073031,Local road,full,0.0,45.560255313571915,9.432396762804721,dentro_sezione,0.0
2026-07-29T18:25:55+00:00,151060000002,Gessate,0.7425160242073031,Local road,one_side,0.0,45.56454053580137,9.429751142185447,dentro_sezione,0.0
2026-07-29T18:25:55+00:00,151060000001,Gessate,0.6955934512145499,Secondary road,one_side,0.35500001907348633,45.55416798473077,9.435293616542523,dentro_sezione,0.0
2026-07-29T18:25:55+00:00,151060000001,Gessate,0.6955934512145499,Secondary road,one_side,0.0,45.557251092637316,9.434043921857496,dentro_sezione,0.0
2026-07-29T18:25:55+00:00,151060000002,Gessate,0.7425160242073031,Secondary road,one_side,0.0,45.557251092637316,9.434043921857496,dentro_sezione,0.0
2026-07-29T18:25:55+00:00,151060000001,Gessate,0.6955934512145499,Connecting road,one_side,0.0,45.55590896681553,9.431484338768323,dentro_sezione,0.0
2026-07-29T18:25:55+00:00,151060000024,Gessate,0.7259449304054464,Connecting road,one_side,0.0,45.55590896681553,9.431484338768323,dentro_sezione,0.0
2026-07-29T18:25:55+00:00,151060000001,Gessate,0.6955934512145499,Major local road,one_side,0.0,45.55422279576027,9.432760444383911,dentro_sezione,0.0
2026-07-29T18:25:55+00:00,151060000002,Gessate,0.7425160242073031,Local road,full,0.0,45.560255313571915,9.432396762804721,dentro_sezione,0.0
2026-07-29T18:25:55+00:00,151060000001,Gessate,0.6955934512145499,Local road,one_side,0.0,45.555846588990775,9.43116296524165,dentro_sezione,0.0
2026-07-29T18:25:55+00:00,151060000024,Gessate,0.7259449304054464,Local road,one_side,0.0,45.555846588990775,9.43116296524165,dentro_sezione,0.0
2026-07-29T18:25:55+00:00,151060000002,Gessate,0.7425160242073031,Local road,one_side,0.0,45.555846588990775,9.43116296524165,dentro_sezione,0.0
2026-07-29T18:25:55+00:00,151780000007,Pozzuolo Martesana,0.6870828006360621,Major local road,one_side,0.0,45.5162997071174,9.452851839905524,dentro_sezione,0.0
2026-07-29T18:25:55+00:00,151780000006,Pozzuolo Martesana,0.7249463935793504,Local road,one_side,0.0,45.51383675500905,9.455127776174606,dentro_sezione,0.0
2026-07-29T18:25:55+00:00,151780000010,Pozzuolo Martesana,0.7180720735800431,Local road,one_side,0.0,45.51383675500905,9.455127776174606,dentro_sezione,0.0
2026-07-29T18:25:55+00:00,151780000006,Pozzuolo Martesana,0.7249463935793504,Local road,one_side,0.0,45.51352177880894,9.45403040996121,dentro_sezione,0.0
2026-07-29T18:25:55+00:00,151780000010,Pozzuolo Martesana,0.7180720735800431,Local road,one_side,0.0,45.51352177880894,9.45403040996121,dentro_sezione,0.0
2026-07-29T18:25:55+00:00,151780000010,Pozzuolo Martesana,0.7180720735800431,Connecting road,full,0.0,45.513599351573255,9.460939502465216,dentro_sezione,0.0
2026-07-29T18:25:55+00:00,151780000007,Pozzuolo Martesana,0.6870828006360621,Connecting road,full,0.0,45.513599351573255,9.460939502465216,dentro_sezione,0.0
2026-07-29T18:25:55+00:00,151780000010,Pozzuolo Martesana,0.7180720735800431,Connecting road,one_side,0.0,45.51563145821439,9.465520992389205,dentro_sezione,0.0
2026-07-29T18:25:55+00:00,151780000007,Pozzuolo Martesana,0.6870828006360621,Connecting road,one_side,0.0,45.51563145821439,9.465520992389205,dentro_sezione,0.0
2026-07-29T18:25:55+00:00,151780000010,Pozzuolo Martesana,0.7180720735800431,Major local road,one_side,0.0,45.51532070853119,9.459851812271916,dentro_sezione,0.0
2026-07-29T18:25:55+00:00,151780000007,Pozzuolo Martesana,0.6870828006360621,Major local road,one_side,0.0,45.51532070853119,9.459851812271916,dentro_sezione,0.0
2026-07-29T18:25:55+00:00,151780000006,Pozzuolo Martesana,0.7249463935793504,Local road,one_side,0.0,45.51362060641403,9.459314526874598,dentro_sezione,0.0
2026-07-29T18:25:55+00:00,151780000010,Pozzuolo Martesana,0.7180720735800431,Local road,one_side,0.0,45.51362060641403,9.459314526874598,dentro_sezione,0.0
2026-07-29T18:25:55+00:00,151780000010,Pozzuolo Martesana,0.7180720735800431,Connecting road,full,0.0,45.513599351573255,9.460939502465216,dentro_sezione,0.0
2026-07-29T18:25:55+00:00,151780000007,Pozzuolo Martesana,0.6870828006360621,Connecting road,full,0.0,45.513599351573255,9.460939502465216,dentro_sezione,0.0
2026-07-29T18:25:55+00:00,151780000010,Pozzuolo Martesana,0.7180720735800431,Connecting road,one_side,0.0,45.51201985358216,9.463432597695672,dentro_sezione,0.0
2026-07-29T18:25:55+00:00,151780000007,Pozzuolo Martesana,0.6870828006360621,Connecting road,one_side,0.0,45.51201985358216,9.463432597695672,dentro_sezione,0.0
2026-07-29T18:25:55+00:00,151780000010,Pozzuolo Martesana,0.7180720735800431,Major local road,one_side,0.0,45.514391786615064,9.460879607557235,dentro_sezione,0.0
2026-07-29T18:25:55+00:00,151780000007,Pozzuolo Martesana,0.6870828006360621,Major local road,one_side,0.0,45.514391786615064,9.460879607557235,dentro_sezione,0.0
2026-07-29T18:25:55+00:00,151780000006,Pozzuolo Martesana,0.7249463935793504,Local road,one_side,0.0,45.51362060641403,9.459314526874598,dentro_sezione,0.0
2026-07-29T18:25:55+00:00,151780000010,Pozzuolo Martesana,0.7180720735800431,Local road,one_side,0.0,45.51362060641403,9.459314526874598,dentro_sezione,0.0
2026-07-29T18:25:55+00:00,152240000010,Truccazzano,0.7476905228465803,Connecting road,one_side,0.0,45.463656188833134,9.475532115410585,dentro_sezione,0.0
2026-07-29T18:25:55+00:00,150590000040,Cassano d'Adda,0.8090312749814579,Connecting road,full,0.0,45.50586857074825,9.527646386145808,dentro_sezione,0.0
2026-07-29T18:25:55+00:00,150590000040,Cassano d'Adda,0.8090312749814579,Connecting road,one_side,0.0,45.506227865561726,9.526025437081474,dentro_sezione,0.0
2026-07-29T18:25:55+00:00,150590000040,Cassano d'Adda,0.8090312749814579,Connecting road,full,0.0,45.50465141333191,9.53149248144333,dentro_sezione,0.0
2026-07-29T18:25:55+00:00,150590000040,Cassano d'Adda,0.8090312749814579,Connecting road,one_side,0.0,45.50481444915567,9.530592811924295,dentro_sezione,0.0
2026-07-29T18:25:55+00:00,150990000018,Dairago,0.7297543772564479,Connecting road,one_side,0.0,45.564686052346,8.860306390456056,piu_vicino_esterno,163.7
2026-07-29T18:25:55+00:00,150770000392,Cinisello Balsamo,0.7272782368032968,Connecting road,one_side,0.0,45.57128500494079,9.209350914619835,piu_vicino_esterno,251.1
2026-07-29T18:25:55+00:00,150770000393,Cinisello Balsamo,0.714057724663571,Connecting road,one_side,0.0,45.57128500494079,9.209350914619835,piu_vicino_esterno,263.7
2026-07-29T18:31:10+00:00,151830000004,Robecchetto con Induno,0.7553527057173448,Connecting road,one_side,0.06800001859664917,45.522959213220155,8.775098022241199,dentro_sezione,0.0
2026-07-29T18:31:10+00:00,151830000005,Robecchetto con Induno,0.7359793597243346,Connecting road,one_side,0.06800001859664917,45.522959213220155,8.775098022241199,dentro_sezione,0.0
2026-07-29T18:31:10+00:00,151830000004,Robecchetto con Induno,0.7553527057173448,Connecting road,one_side,0.0,45.52479544595511,8.771081509134973,dentro_sezione,0.0
2026-07-29T18:31:10+00:00,151830000005,Robecchetto con Induno,0.7359793597243346,Connecting road,one_side,0.0,45.52479544595511,8.771081509134973,dentro_sezione,0.0
2026-07-29T18:31:10+00:00,151830000004,Robecchetto con Induno,0.7553527057173448,Major local road,one_side,0.0,45.52593707033944,8.774034097590642,dentro_sezione,0.0
2026-07-29T18:31:10+00:00,151830000005,Robecchetto con Induno,0.7359793597243346,Major local road,one_side,0.0,45.52593707033944,8.774034097590642,dentro_sezione,0.0
2026-07-29T18:31:10+00:00,151830000004,Robecchetto con Induno,0.7553527057173448,Local road,full,0.0,45.52665341304878,8.77813513370993,dentro_sezione,0.0
2026-07-29T18:31:10+00:00,151830000005,Robecchetto con Induno,0.7359793597243346,Local road,full,0.0,45.52665341304878,8.77813513370993,dentro_sezione,0.0
2026-07-29T18:31:10+00:00,151830000004,Robecchetto con Induno,0.7553527057173448,Local road,one_side,0.0,45.52750090024759,8.777482354636556,dentro_sezione,0.0
2026-07-29T18:31:10+00:00,151830000005,Robecchetto con Induno,0.7359793597243346,Local road,one_side,0.0,45.52750090024759,8.777482354636556,dentro_sezione,0.0
2026-07-29T18:31:10+00:00,151830000004,Robecchetto con Induno,0.7553527057173448,Minor local road,one_side,0.0,45.5246629407847,8.777006510696419,dentro_sezione,0.0
2026-07-29T18:31:10+00:00,151830000005,Robecchetto con Induno,0.7359793597243346,Minor local road,one_side,0.0,45.5246629407847,8.777006510696419,dentro_sezione,0.0
2026-07-29T18:31:10+00:00,151830000004,Robecchetto con Induno,0.7553527057173448,Connecting road,one_side,0.06800001859664917,45.52127531795456,8.77769623001356,dentro_sezione,0.0
2026-07-29T18:31:10+00:00,151830000005,Robecchetto con Induno,0.7359793597243346,Connecting road,one_side,0.06800001859664917,45.52127531795456,8.77769623001356,dentro_sezione,0.0
2026-07-29T18:31:10+00:00,151830000004,Robecchetto con Induno,0.7553527057173448,Connecting road,one_side,0.0,45.52127513594969,8.777697367403958,dentro_sezione,0.0
2026-07-29T18:31:10+00:00,151830000005,Robecchetto con Induno,0.7359793597243346,Connecting road,one_side,0.0,45.52127513594969,8.777697367403958,dentro_sezione,0.0
2026-07-29T18:31:10+00:00,151830000004,Robecchetto con Induno,0.7553527057173448,Major local road,one_side,0.0,45.52003006239406,8.771803302455004,dentro_sezione,0.0
2026-07-29T18:31:10+00:00,151830000004,Robecchetto con Induno,0.7553527057173448,Connecting road,one_side,0.06800001859664917,45.52138429939102,8.777471672389858,dentro_sezione,0.0
2026-07-29T18:31:10+00:00,151830000005,Robecchetto con Induno,0.7359793597243346,Connecting road,one_side,0.06800001859664917,45.52138429939102,8.777471672389858,dentro_sezione,0.0
2026-07-29T18:31:10+00:00,151830000004,Robecchetto con Induno,0.7553527057173448,Connecting road,one_side,0.0,45.52138429939102,8.777471672389858,dentro_sezione,0.0
2026-07-29T18:31:10+00:00,151830000005,Robecchetto con Induno,0.7359793597243346,Connecting road,one_side,0.0,45.52138429939102,8.777471672389858,dentro_sezione,0.0
2026-07-29T18:31:10+00:00,151830000005,Robecchetto con Induno,0.7359793597243346,Major local road,full,0.0,45.52572185698712,8.781758926879993,dentro_sezione,0.0
2026-07-29T18:31:10+00:00,151830000004,Robecchetto con Induno,0.7553527057173448,Major local road,one_side,0.0,45.52545606758585,8.783235613334185,dentro_sezione,0.0
2026-07-29T18:31:10+00:00,151830000005,Robecchetto con Induno,0.7359793597243346,Major local road,one_side,0.0,45.52545606758585,8.783235613334185,dentro_sezione,0.0
2026-07-29T18:31:10+00:00,151830000004,Robecchetto con Induno,0.7553527057173448,Local road,full,0.0,45.52665017246545,8.778138354718036,dentro_sezione,0.0
2026-07-29T18:31:10+00:00,151830000005,Robecchetto con Induno,0.7359793597243346,Local road,full,0.0,45.52665017246545,8.778138354718036,dentro_sezione,0.0
2026-07-29T18:31:10+00:00,151830000004,Robecchetto con Induno,0.7553527057173448,Local road,one_side,0.0,45.52614843665075,8.779160738634744,dentro_sezione,0.0
2026-07-29T18:31:10+00:00,151830000005,Robecchetto con Induno,0.7359793597243346,Local road,one_side,0.0,45.52614843665075,8.779160738634744,dentro_sezione,0.0
2026-07-29T18:31:10+00:00,151830000004,Robecchetto con Induno,0.7553527057173448,Minor local road,one_side,0.0,45.524831941765086,8.777906603428388,dentro_sezione,0.0
2026-07-29T18:31:10+00:00,151830000005,Robecchetto con Induno,0.7359793597243346,Minor local road,one_side,0.0,45.524831941765086,8.777906603428388,dentro_sezione,0.0
2026-07-29T18:31:10+00:00,151830000004,Robecchetto con Induno,0.7553527057173448,Connecting road,one_side,0.09600001573562622,45.514767439361535,8.78093221662328,dentro_sezione,0.0
2026-07-29T18:31:10+00:00,151830000004,Robecchetto con Induno,0.7553527057173448,Connecting road,one_side,0.08899998664855957,45.51500790823353,8.780879796678562,dentro_sezione,0.0
2026-07-29T18:31:10+00:00,151830000004,Robecchetto con Induno,0.7553527057173448,Connecting road,one_side,0.06800001859664917,45.51961521008448,8.779372786390145,dentro_sezione,0.0
2026-07-29T18:31:10+00:00,151830000005,Robecchetto con Induno,0.7359793597243346,Connecting road,one_side,0.06800001859664917,45.51961521008448,8.779372786390145,dentro_sezione,0.0
2026-07-29T18:31:10+00:00,151830000004,Robecchetto con Induno,0.7553527057173448,Connecting road,one_side,0.0,45.51940990986347,8.779451799814872,dentro_sezione,0.0
2026-07-29T18:31:10+00:00,151830000005,Robecchetto con Induno,0.7359793597243346,Connecting road,one_side,0.0,45.51940990986347,8.779451799814872,dentro_sezione,0.0
2026-07-29T18:31:10+00:00,151830000004,Robecchetto con Induno,0.7553527057173448,Major local road,one_side,0.0,45.52129064980628,8.777203055737562,dentro_sezione,0.0
2026-07-29T18:31:10+00:00,150990000004,Dairago,0.7676872328697544,Connecting road,one_side,0.0,45.559969756077514,8.855855576146451,dentro_sezione,0.0
2026-07-29T18:31:10+00:00,150990000005,Dairago,0.7542589327199739,Connecting road,one_side,0.0,45.559969756077514,8.855855576146451,dentro_sezione,0.0
2026-07-29T18:31:10+00:00,150990000006,Dairago,0.7709685518618672,Secondary road,one_side,0.6450000107288361,45.5777463162237,8.860049850307782,dentro_sezione,0.0
2026-07-29T18:31:10+00:00,150990000006,Dairago,0.7709685518618672,Secondary road,one_side,0.43300002813339233,45.577741311180816,8.860052659197983,dentro_sezione,0.0
2026-07-29T18:31:10+00:00,150990000006,Dairago,0.7709685518618672,Secondary road,one_side,0.11900001764297485,45.57550377845801,8.861572145141743,dentro_sezione,0.0
2026-07-29T18:31:10+00:00,150990000006,Dairago,0.7709685518618672,Secondary road,one_side,0.10900002717971802,45.57550593488915,8.861569898674606,dentro_sezione,0.0
2026-07-29T18:31:10+00:00,150990000006,Dairago,0.7709685518618672,Secondary road,one_side,0.6450000107288361,45.576270458340744,8.861078470945358,dentro_sezione,0.0
2026-07-29T18:31:10+00:00,150990000006,Dairago,0.7709685518618672,Secondary road,one_side,0.43300002813339233,45.576266444336554,8.861078712573057,dentro_sezione,0.0
2026-07-29T18:31:10+00:00,150990000006,Dairago,0.7709685518618672,Secondary road,full,0.23900002241134644,45.57379030956311,8.862627446651459,dentro_sezione,0.0
2026-07-29T18:31:10+00:00,150990000005,Dairago,0.7542589327199739,Secondary road,one_side,0.23900002241134644,45.570433449813656,8.864192014930888,dentro_sezione,0.0
2026-07-29T18:31:10+00:00,150990000001,Dairago,0.7159220448648945,Secondary road,one_side,0.23900002241134644,45.570433449813656,8.864192014930888,dentro_sezione,0.0
2026-07-29T18:31:10+00:00,150990000002,Dairago,0.6942688026504515,Secondary road,one_side,0.23900002241134644,45.570433449813656,8.864192014930888,dentro_sezione,0.0
2026-07-29T18:31:10+00:00,150990000006,Dairago,0.7709685518618672,Secondary road,one_side,0.23900002241134644,45.570433449813656,8.864192014930888,dentro_sezione,0.0
2026-07-29T18:31:10+00:00,150990000006,Dairago,0.7709685518618672,Secondary road,full,0.11900001764297485,45.574130222271364,8.862384773534133,dentro_sezione,0.0
2026-07-29T18:31:10+00:00,150990000006,Dairago,0.7709685518618672,Secondary road,one_side,0.11900001764297485,45.5752231718279,8.861740512995713,dentro_sezione,0.0
2026-07-29T18:31:10+00:00,150990000006,Dairago,0.7709685518618672,Secondary road,full,0.10900002717971802,45.57413880688018,8.862438694596689,dentro_sezione,0.0
2026-07-29T18:31:10+00:00,150990000006,Dairago,0.7709685518618672,Secondary road,one_side,0.10900002717971802,45.575225457456405,8.86173846888984,dentro_sezione,0.0
2026-07-29T18:31:10+00:00,150990000006,Dairago,0.7709685518618672,Secondary road,full,0.0,45.573889576547714,8.86254585473303,dentro_sezione,0.0
2026-07-29T18:31:10+00:00,150990000005,Dairago,0.7542589327199739,Secondary road,one_side,0.0,45.57043338237761,8.864191860129752,dentro_sezione,0.0
2026-07-29T18:31:10+00:00,150990000001,Dairago,0.7159220448648945,Secondary road,one_side,0.0,45.57043338237761,8.864191860129752,dentro_sezione,0.0
2026-07-29T18:31:10+00:00,150990000002,Dairago,0.6942688026504515,Secondary road,one_side,0.0,45.57043338237761,8.864191860129752,dentro_sezione,0.0
2026-07-29T18:31:10+00:00,150990000006,Dairago,0.7709685518618672,Secondary road,one_side,0.0,45.57043338237761,8.864191860129752,dentro_sezione,0.0
2026-07-29T18:31:10+00:00,150990000005,Dairago,0.7542589327199739,Connecting road,one_side,0.0,45.56869535247887,8.862106087174277,dentro_sezione,0.0
2026-07-29T18:31:10+00:00,150990000001,Dairago,0.7159220448648945,Connecting road,one_side,0.0,45.56869535247887,8.862106087174277,dentro_sezione,0.0
2026-07-29T18:31:10+00:00,150990000002,Dairago,0.6942688026504515,Connecting road,one_side,0.0,45.56869535247887,8.862106087174277,dentro_sezione,0.0
2026-07-29T18:31:10+00:00,150990000006,Dairago,0.7709685518618672,Connecting road,one_side,0.0,45.56869535247887,8.862106087174277,dentro_sezione,0.0
2026-07-29T18:31:10+00:00,150990000005,Dairago,0.7542589327199739,Local road,full,0.0,45.57115044782316,8.861418408582644,dentro_sezione,0.0
2026-07-29T18:31:10+00:00,150990000006,Dairago,0.7709685518618672,Local road,full,0.0,45.57115044782316,8.861418408582644,dentro_sezione,0.0
2026-07-29T18:31:10+00:00,150990000005,Dairago,0.7542589327199739,Local road,one_side,0.0,45.57092412688219,8.861752614264068,dentro_sezione,0.0
2026-07-29T18:31:10+00:00,150990000006,Dairago,0.7709685518618672,Local road,one_side,0.0,45.57092412688219,8.861752614264068,dentro_sezione,0.0
2026-07-29T18:31:10+00:00,150990000006,Dairago,0.7709685518618672,Minor local road,full,0.0,45.57390108315492,8.862335085868835,dentro_sezione,0.0
2026-07-29T18:31:10+00:00,150990000006,Dairago,0.7709685518618672,Minor local road,one_side,0.0,45.57342910946712,8.861447226380976,dentro_sezione,0.0
2026-07-29T18:31:10+00:00,150990000004,Dairago,0.7676872328697544,Secondary road,one_side,0.23900002241134644,45.56754907344413,8.865468281462599,dentro_sezione,0.0
2026-07-29T18:31:10+00:00,150990000001,Dairago,0.7159220448648945,Secondary road,one_side,0.23900002241134644,45.56754907344413,8.865468281462599,dentro_sezione,0.0
2026-07-29T18:31:10+00:00,150990000002,Dairago,0.6942688026504515,Secondary road,one_side,0.23900002241134644,45.56754907344413,8.865468281462599,dentro_sezione,0.0
2026-07-29T18:31:10+00:00,150990000004,Dairago,0.7676872328697544,Secondary road,one_side,0.0,45.565675664297586,8.866151684405883,dentro_sezione,0.0
2026-07-29T18:31:10+00:00,150990000001,Dairago,0.7159220448648945,Secondary road,one_side,0.0,45.565675664297586,8.866151684405883,dentro_sezione,0.0
2026-07-29T18:31:10+00:00,150990000002,Dairago,0.6942688026504515,Secondary road,one_side,0.0,45.565675664297586,8.866151684405883,dentro_sezione,0.0
2026-07-29T18:31:10+00:00,150990000004,Dairago,0.7676872328697544,Connecting road,full,0.0,45.56559331224461,8.864327222945509,dentro_sezione,0.0
2026-07-29T18:31:10+00:00,150990000005,Dairago,0.7542589327199739,Connecting road,full,0.0,45.56559331224461,8.864327222945509,dentro_sezione,0.0
2026-07-29T18:31:10+00:00,150990000001,Dairago,0.7159220448648945,Connecting road,full,0.0,45.56559331224461,8.864327222945509,dentro_sezione,0.0
2026-07-29T18:31:10+00:00,150990000002,Dairago,0.6942688026504515,Connecting road,full,0.0,45.56559331224461,8.864327222945509,dentro_sezione,0.0
2026-07-29T18:31:10+00:00,150990000004,Dairago,0.7676872328697544,Connecting road,one_side,0.0,45.564686052346,8.860306390456056,dentro_sezione,0.0
2026-07-29T18:31:10+00:00,150990000005,Dairago,0.7542589327199739,Connecting road,one_side,0.0,45.564686052346,8.860306390456056,dentro_sezione,0.0
2026-07-29T18:31:10+00:00,150990000001,Dairago,0.7159220448648945,Connecting road,one_side,0.0,45.564686052346,8.860306390456056,dentro_sezione,0.0
2026-07-29T18:31:10+00:00,150990000002,Dairago,0.6942688026504515,Connecting road,one_side,0.0,45.564686052346,8.860306390456056,dentro_sezione,0.0
2026-07-29T18:31:10+00:00,150990000004,Dairago,0.7676872328697544,Major local road,one_side,0.0,45.563239021472114,8.860581830730837,dentro_sezione,0.0
2026-07-29T18:31:10+00:00,150990000005,Dairago,0.7542589327199739,Major local road,one_side,0.0,45.563239021472114,8.860581830730837,dentro_sezione,0.0
2026-07-29T18:31:10+00:00,150990000001,Dairago,0.7159220448648945,Secondary road,one_side,0.23900002241134644,45.56793643860762,8.865308032085537,dentro_sezione,0.0
2026-07-29T18:31:10+00:00,150990000002,Dairago,0.6942688026504515,Secondary road,one_side,0.23900002241134644,45.56793643860762,8.865308032085537,dentro_sezione,0.0
2026-07-29T18:31:10+00:00,150990000001,Dairago,0.7159220448648945,Secondary road,one_side,0.0,45.56793608713956,8.865307163391256,dentro_sezione,0.0
2026-07-29T18:31:10+00:00,150990000002,Dairago,0.6942688026504515,Secondary road,one_side,0.0,45.56793608713956,8.865307163391256,dentro_sezione,0.0
2026-07-29T18:31:10+00:00,150990000004,Dairago,0.7676872328697544,Secondary road,one_side,0.23900002241134644,45.56754869645032,8.86546906182961,dentro_sezione,0.0
2026-07-29T18:31:10+00:00,150990000001,Dairago,0.7159220448648945,Secondary road,one_side,0.23900002241134644,45.56754869645032,8.86546906182961,dentro_sezione,0.0
2026-07-29T18:31:10+00:00,150990000002,Dairago,0.6942688026504515,Secondary road,one_side,0.23900002241134644,45.56754869645032,8.86546906182961,dentro_sezione,0.0
2026-07-29T18:31:10+00:00,150990000004,Dairago,0.7676872328697544,Secondary road,one_side,0.0,45.56350375152398,8.867135362175203,dentro_sezione,0.0
2026-07-29T18:31:10+00:00,150990000001,Dairago,0.7159220448648945,Secondary road,one_side,0.0,45.56350375152398,8.867135362175203,dentro_sezione,0.0
2026-07-29T18:31:10+00:00,150990000002,Dairago,0.6942688026504515,Secondary road,one_side,0.0,45.56350375152398,8.867135362175203,dentro_sezione,0.0
2026-07-29T18:31:10+00:00,150990000004,Dairago,0.7676872328697544,Connecting road,full,0.0,45.566236844428026,8.865384249111933,dentro_sezione,0.0
2026-07-29T18:31:10+00:00,150990000001,Dairago,0.7159220448648945,Connecting road,full,0.0,45.566236844428026,8.865384249111933,dentro_sezione,0.0
2026-07-29T18:31:10+00:00,150990000002,Dairago,0.6942688026504515,Connecting road,full,0.0,45.566236844428026,8.865384249111933,dentro_sezione,0.0
2026-07-29T18:31:10+00:00,150990000004,Dairago,0.7676872328697544,Connecting road,one_side,0.0,45.565772277047955,8.87122243071949,dentro_sezione,0.0
2026-07-29T18:31:10+00:00,150990000001,Dairago,0.7159220448648945,Connecting road,one_side,0.0,45.565772277047955,8.87122243071949,dentro_sezione,0.0
2026-07-29T18:31:10+00:00,150990000002,Dairago,0.6942688026504515,Connecting road,one_side,0.0,45.565772277047955,8.87122243071949,dentro_sezione,0.0
2026-07-29T18:31:10+00:00,151840000003,Robecco sul Naviglio,0.7196016242096119,Secondary road,full,0.0,45.43738004527872,8.884716475393938,dentro_sezione,0.0
2026-07-29T18:31:10+00:00,151840000006,Robecco sul Naviglio,0.7230185825971769,Secondary road,full,0.0,45.43738004527872,8.884716475393938,dentro_sezione,0.0
2026-07-29T18:31:10+00:00,151840000004,Robecco sul Naviglio,0.7107590900039538,Secondary road,full,0.0,45.43738004527872,8.884716475393938,dentro_sezione,0.0
2026-07-29T18:31:10+00:00,151840000006,Robecco sul Naviglio,0.7230185825971769,Secondary road,one_side,0.0,45.441021454681305,8.886726811167174,dentro_sezione,0.0
2026-07-29T18:31:10+00:00,151840000004,Robecco sul Naviglio,0.7107590900039538,Secondary road,one_side,0.0,45.441021454681305,8.886726811167174,dentro_sezione,0.0
2026-07-29T18:31:10+00:00,151840000004,Robecco sul Naviglio,0.7107590900039538,Connecting road,one_side,0.0,45.44215302778418,8.881694311544635,dentro_sezione,0.0
2026-07-29T18:31:10+00:00,151840000008,Robecco sul Naviglio,0.7257111688941349,Connecting road,one_side,0.0,45.44215302778418,8.881694311544635,dentro_sezione,0.0
2026-07-29T18:31:10+00:00,151840000008,Robecco sul Naviglio,0.7257111688941349,Minor local road,one_side,0.0,45.44305633774382,8.87880615453956,dentro_sezione,0.0
2026-07-29T18:31:10+00:00,151840000003,Robecco sul Naviglio,0.7196016242096119,Secondary road,full,0.0,45.436020247875916,8.88427360275287,dentro_sezione,0.0
2026-07-29T18:31:10+00:00,151840000006,Robecco sul Naviglio,0.7230185825971769,Secondary road,full,0.0,45.436020247875916,8.88427360275287,dentro_sezione,0.0
2026-07-29T18:31:10+00:00,151840000004,Robecco sul Naviglio,0.7107590900039538,Secondary road,full,0.0,45.436020247875916,8.88427360275287,dentro_sezione,0.0
2026-07-29T18:31:10+00:00,151840000003,Robecco sul Naviglio,0.7196016242096119,Secondary road,one_side,0.0,45.432741752237355,8.885387574658592,dentro_sezione,0.0
2026-07-29T18:31:10+00:00,151840000006,Robecco sul Naviglio,0.7230185825971769,Secondary road,one_side,0.0,45.432741752237355,8.885387574658592,dentro_sezione,0.0
2026-07-29T18:31:10+00:00,151840000004,Robecco sul Naviglio,0.7107590900039538,Secondary road,one_side,0.0,45.432741752237355,8.885387574658592,dentro_sezione,0.0
2026-07-29T18:31:10+00:00,151840000003,Robecco sul Naviglio,0.7196016242096119,Connecting road,full,0.0,45.434818033444905,8.888212023960996,dentro_sezione,0.0
2026-07-29T18:31:10+00:00,151840000004,Robecco sul Naviglio,0.7107590900039538,Connecting road,full,0.0,45.434818033444905,8.888212023960996,dentro_sezione,0.0
2026-07-29T18:31:10+00:00,151840000003,Robecco sul Naviglio,0.7196016242096119,Connecting road,one_side,0.0,45.43218495639539,8.879627085051737,dentro_sezione,0.0
2026-07-29T18:31:10+00:00,151840000006,Robecco sul Naviglio,0.7230185825971769,Connecting road,one_side,0.0,45.43218495639539,8.879627085051737,dentro_sezione,0.0
2026-07-29T18:31:10+00:00,150410000011,Busto Garolfo,0.7031690557477914,Local road,one_side,0.6410000026226044,45.544972559851566,8.890237233490335,dentro_sezione,0.0
2026-07-29T18:31:10+00:00,150410000011,Busto Garolfo,0.7031690557477914,Major local road,one_side,0.0,45.547462481839126,8.892937891739695,dentro_sezione,0.0
2026-07-29T18:31:10+00:00,150410000011,Busto Garolfo,0.7031690557477914,Local road,one_side,0.0,45.54893945265665,8.888579923563244,dentro_sezione,0.0
2026-07-29T18:31:10+00:00,150410000011,Busto Garolfo,0.7031690557477914,Local road,one_side,0.6410000026226044,45.54407600412062,8.890929616471169,dentro_sezione,0.0
2026-07-29T18:31:10+00:00,150410000011,Busto Garolfo,0.7031690557477914,Connecting road,one_side,0.0,45.54197439189159,8.89465136982906,dentro_sezione,0.0
2026-07-29T18:31:10+00:00,150410000011,Busto Garolfo,0.7031690557477914,Major local road,one_side,0.0,45.544562915692,8.895608895264767,dentro_sezione,0.0
2026-07-29T18:31:10+00:00,150410000011,Busto Garolfo,0.7031690557477914,Local road,one_side,0.0,45.54049505829869,8.891599000579392,dentro_sezione,0.0
2026-07-29T18:31:10+00:00,151840000003,Robecco sul Naviglio,0.7196016242096119,Secondary road,full,0.0,45.43673429376078,8.88704731701488,dentro_sezione,0.0
2026-07-29T18:31:10+00:00,151840000004,Robecco sul Naviglio,0.7107590900039538,Secondary road,full,0.0,45.43673429376078,8.88704731701488,dentro_sezione,0.0
2026-07-29T18:31:10+00:00,151840000004,Robecco sul Naviglio,0.7107590900039538,Secondary road,one_side,0.0,45.44129080099548,8.887639896752052,dentro_sezione,0.0
2026-07-29T18:31:10+00:00,151840000003,Robecco sul Naviglio,0.7196016242096119,Secondary road,full,0.0,45.43465511634912,8.88814045588459,dentro_sezione,0.0
2026-07-29T18:31:10+00:00,151840000004,Robecco sul Naviglio,0.7107590900039538,Secondary road,full,0.0,45.43465511634912,8.88814045588459,dentro_sezione,0.0
2026-07-29T18:31:10+00:00,151840000003,Robecco sul Naviglio,0.7196016242096119,Connecting road,full,0.0,45.433208070156475,8.889242619884701,dentro_sezione,0.0
2026-07-29T18:31:10+00:00,151840000004,Robecco sul Naviglio,0.7107590900039538,Connecting road,full,0.0,45.433208070156475,8.889242619884701,dentro_sezione,0.0
2026-07-29T18:31:10+00:00,150720000017,Cerro Maggiore,0.6999223680906879,Secondary road,one_side,0.0,45.59469927159379,8.956787134794192,dentro_sezione,0.0
2026-07-29T18:31:10+00:00,150720000017,Cerro Maggiore,0.6999223680906879,Secondary road,full,0.0,45.58848035915598,8.9642983740158,dentro_sezione,0.0
2026-07-29T18:31:10+00:00,150720000017,Cerro Maggiore,0.6999223680906879,Secondary road,one_side,0.0,45.59053028893129,8.961361051470247,dentro_sezione,0.0
2026-07-29T18:31:10+00:00,150720000017,Cerro Maggiore,0.6999223680906879,Major local road,one_side,0.0,45.58829146872337,8.959288092130175,dentro_sezione,0.0
2026-07-29T18:31:10+00:00,150720000017,Cerro Maggiore,0.6999223680906879,Secondary road,full,0.0,45.58756210472569,8.966193376164924,dentro_sezione,0.0
2026-07-29T18:31:10+00:00,150720000017,Cerro Maggiore,0.6999223680906879,Secondary road,one_side,0.0,45.58536762844651,8.971044060006122,dentro_sezione,0.0
2026-07-29T18:31:10+00:00,150720000017,Cerro Maggiore,0.6999223680906879,Connecting road,one_side,0.0,45.58803245184286,8.973497377206987,dentro_sezione,0.0
2026-07-29T18:31:10+00:00,150220000001,Besate,0.8066359409766615,Secondary road,full,0.0,45.31397405974819,8.970680438795323,dentro_sezione,0.0
2026-07-29T18:31:10+00:00,150220000002,Besate,0.8457837792598706,Secondary road,full,0.0,45.31397405974819,8.970680438795323,dentro_sezione,0.0
2026-07-29T18:31:10+00:00,150220000001,Besate,0.8066359409766615,Secondary road,one_side,0.0,45.31693428516195,8.970520214464711,dentro_sezione,0.0
2026-07-29T18:31:10+00:00,150220000002,Besate,0.8457837792598706,Secondary road,one_side,0.0,45.31693428516195,8.970520214464711,dentro_sezione,0.0
2026-07-29T18:31:10+00:00,150220000001,Besate,0.8066359409766615,Secondary road,full,0.0,45.31230807897691,8.970803137994647,dentro_sezione,0.0
2026-07-29T18:31:10+00:00,150220000002,Besate,0.8457837792598706,Secondary road,full,0.0,45.31230807897691,8.970803137994647,dentro_sezione,0.0
2026-07-29T18:31:10+00:00,150220000001,Besate,0.8066359409766615,Secondary road,one_side,0.0,45.30850050611067,8.971050499191625,dentro_sezione,0.0
2026-07-29T18:31:10+00:00,150220000002,Besate,0.8457837792598706,Secondary road,one_side,0.0,45.30850050611067,8.971050499191625,dentro_sezione,0.0
2026-07-29T18:31:10+00:00,150220000002,Besate,0.8457837792598706,Connecting road,one_side,0.0,45.31011677645614,8.97243897841263,dentro_sezione,0.0
2026-07-29T18:31:10+00:00,151030000093,Gaggiano,0.7171341415902132,Connecting road,full,0.0,45.37753558005545,9.02820117450363,dentro_sezione,0.0
2026-07-29T18:31:10+00:00,151030000093,Gaggiano,0.7171341415902132,Connecting road,one_side,0.0,45.37922478434031,9.025526004065227,dentro_sezione,0.0
2026-07-29T18:31:10+00:00,152360000001,Vernate,0.7404237143838364,Major road,full,0.0,45.33115422928388,9.051982675890759,dentro_sezione,0.0
2026-07-29T18:31:10+00:00,152360000001,Vernate,0.7404237143838364,Major road,one_side,0.0,45.333667378972784,9.04899330877629,dentro_sezione,0.0
2026-07-29T18:31:10+00:00,152360000001,Vernate,0.7404237143838364,Secondary road,full,0.0,45.33085582197837,9.05174506782142,dentro_sezione,0.0
2026-07-29T18:31:10+00:00,152360000001,Vernate,0.7404237143838364,Secondary road,one_side,0.0,45.3294711922926,9.049540764120502,dentro_sezione,0.0
2026-07-29T18:31:10+00:00,152360000004,Vernate,0.7248915606322527,Connecting road,full,0.0,45.31713370461864,9.060332435953853,dentro_sezione,0.0
2026-07-29T18:31:10+00:00,152360000004,Vernate,0.7248915606322527,Connecting road,one_side,0.0,45.31685556517416,9.058201381824388,dentro_sezione,0.0
2026-07-29T18:31:10+00:00,150270000044,Bollate,0.7092237674852166,Connecting road,full,0.0,45.551101576535864,9.141299958119559,dentro_sezione,0.0
2026-07-29T18:31:10+00:00,150270000044,Bollate,0.7092237674852166,Connecting road,one_side,0.0,45.54765211863531,9.13664998664483,dentro_sezione,0.0
2026-07-29T18:31:10+00:00,150270000044,Bollate,0.7092237674852166,Local road,full,0.0,45.5486136227763,9.137978497546188,dentro_sezione,0.0
2026-07-29T18:31:10+00:00,150270000044,Bollate,0.7092237674852166,Local road,one_side,0.0,45.54824986471238,9.135017346615326,dentro_sezione,0.0
2026-07-29T18:31:10+00:00,150270000046,Bollate,0.7233042911110021,Motorway,full,0.0,45.548637494915916,9.147269678190169,dentro_sezione,0.0
2026-07-29T18:31:10+00:00,150270000046,Bollate,0.7233042911110021,Secondary road,full,0.0,45.55070810723628,9.146664038825996,dentro_sezione,0.0
2026-07-29T18:31:10+00:00,150270000044,Bollate,0.7092237674852166,Connecting road,full,0.0,45.55017918548694,9.146031515963527,dentro_sezione,0.0
2026-07-29T18:31:10+00:00,150270000046,Bollate,0.7233042911110021,Connecting road,one_side,0.0,45.54844611685997,9.144391397351994,dentro_sezione,0.0
2026-07-29T18:31:10+00:00,150270000044,Bollate,0.7092237674852166,Connecting road,one_side,0.0,45.54844611685997,9.144391397351994,dentro_sezione,0.0
2026-07-29T18:31:10+00:00,150270000046,Bollate,0.7233042911110021,Major local road,one_side,0.0,45.547104666833036,9.147278688778757,dentro_sezione,0.0
2026-07-29T18:31:10+00:00,150270000044,Bollate,0.7092237674852166,Local road,full,0.0,45.549132817135515,9.14128879881228,dentro_sezione,0.0
2026-07-29T18:31:10+00:00,150270000044,Bollate,0.7092237674852166,Local road,one_side,0.0,45.55087472061718,9.140988204592569,dentro_sezione,0.0
2026-07-29T18:31:10+00:00,151660000079,Paderno Dugnano,0.7118644067796609,Major local road,full,0.0,45.571088708927974,9.156967452984189,dentro_sezione,0.0
2026-07-29T18:31:10+00:00,151660000079,Paderno Dugnano,0.7118644067796609,Major local road,one_side,0.0,45.57115547810489,9.15556725583581,dentro_sezione,0.0
2026-07-29T18:31:10+00:00,151660000079,Paderno Dugnano,0.7118644067796609,Local road,one_side,0.0,45.5697584120831,9.154184216067337,dentro_sezione,0.0
2026-07-29T18:31:10+00:00,151660000079,Paderno Dugnano,0.7118644067796609,Minor local road,full,0.0,45.569569956181454,9.157563682162007,dentro_sezione,0.0
2026-07-29T18:31:10+00:00,151660000079,Paderno Dugnano,0.7118644067796609,Major local road,full,0.0,45.56765660396396,9.16061173142433,dentro_sezione,0.0
2026-07-29T18:31:10+00:00,150770000455,Cinisello Balsamo,0.7342939680872247,Connecting road,full,0.0,45.5628198241358,9.20016664943403,dentro_sezione,0.0
2026-07-29T18:31:10+00:00,150770000308,Cinisello Balsamo,0.7375002525201512,Connecting road,full,0.0,45.5628198241358,9.20016664943403,dentro_sezione,0.0
2026-07-29T18:31:10+00:00,150770000455,Cinisello Balsamo,0.7342939680872247,Local road,one_side,0.0,45.56207030894774,9.204732755630442,dentro_sezione,0.0
2026-07-29T18:31:10+00:00,150770000308,Cinisello Balsamo,0.7375002525201512,Connecting road,one_side,0.0,45.57128500494079,9.209350914619835,dentro_sezione,0.0
2026-07-29T18:31:10+00:00,150770000310,Cinisello Balsamo,0.7121097120693088,Connecting road,one_side,0.0,45.57128500494079,9.209350914619835,dentro_sezione,0.0
2026-07-29T18:31:10+00:00,150770000370,Cinisello Balsamo,0.7379158285402604,Connecting road,one_side,0.0,45.57128500494079,9.209350914619835,dentro_sezione,0.0
2026-07-29T18:31:10+00:00,150770000370,Cinisello Balsamo,0.7379158285402604,Major local road,full,0.0,45.57139631159235,9.211628724443395,dentro_sezione,0.0
2026-07-29T18:31:10+00:00,150770000370,Cinisello Balsamo,0.7379158285402604,Major local road,one_side,0.0,45.57015685476648,9.213783784528827,dentro_sezione,0.0
2026-07-29T18:31:10+00:00,150770000308,Cinisello Balsamo,0.7375002525201512,Local road,full,0.0,45.56759310544539,9.21333004495521,dentro_sezione,0.0
2026-07-29T18:31:10+00:00,150770000455,Cinisello Balsamo,0.7342939680872247,Connecting road,full,0.0,45.565241334929205,9.208139213088042,dentro_sezione,0.0
2026-07-29T18:31:10+00:00,150770000308,Cinisello Balsamo,0.7375002525201512,Connecting road,full,0.0,45.565241334929205,9.208139213088042,dentro_sezione,0.0
2026-07-29T18:31:10+00:00,150770000308,Cinisello Balsamo,0.7375002525201512,Connecting road,one_side,0.0,45.567370928132085,9.210477903628986,dentro_sezione,0.0
2026-07-29T18:31:10+00:00,150770000310,Cinisello Balsamo,0.7121097120693088,Connecting road,one_side,0.0,45.567370928132085,9.210477903628986,dentro_sezione,0.0
2026-07-29T18:31:10+00:00,150770000308,Cinisello Balsamo,0.7375002525201512,Local road,full,0.0,45.56384641423085,9.2129889677086,dentro_sezione,0.0
2026-07-29T18:31:10+00:00,150770000455,Cinisello Balsamo,0.7342939680872247,Local road,one_side,0.0,45.56390554361116,9.211470433101258,dentro_sezione,0.0
2026-07-29T18:31:10+00:00,150770000308,Cinisello Balsamo,0.7375002525201512,Local road,one_side,0.0,45.56390554361116,9.211470433101258,dentro_sezione,0.0
2026-07-29T18:31:10+00:00,151590000022,Opera,0.730949158314262,Secondary road,full,0.0,45.40232137581589,9.209133230722834,dentro_sezione,0.0
2026-07-29T18:31:10+00:00,151460002842,Milano,0.741696415945421,Secondary road,full,0.0,45.40232137581589,9.209133230722834,dentro_sezione,0.0
2026-07-29T18:31:10+00:00,151590000022,Opera,0.730949158314262,Secondary road,full,0.0,45.39225546547591,9.211072481355576,dentro_sezione,0.0
2026-07-29T18:31:10+00:00,151460002842,Milano,0.741696415945421,Secondary road,full,0.0,45.39225546547591,9.211072481355576,dentro_sezione,0.0
2026-07-29T18:31:10+00:00,151590000022,Opera,0.730949158314262,Minor local road,full,0.0,45.39381965364314,9.211481553911986,dentro_sezione,0.0
2026-07-29T18:31:10+00:00,151590000014,Opera,0.7350933747370183,Minor local road,full,0.0,45.39381965364314,9.211481553911986,dentro_sezione,0.0
2026-07-29T18:31:10+00:00,151590000013,Opera,0.7339534266263019,Minor local road,one_side,0.0,45.39336750739379,9.211614956889422,dentro_sezione,0.0
2026-07-29T18:31:10+00:00,151590000022,Opera,0.730949158314262,Minor local road,one_side,0.0,45.39336750739379,9.211614956889422,dentro_sezione,0.0
2026-07-29T18:31:10+00:00,151590000014,Opera,0.7350933747370183,Minor local road,one_side,0.0,45.39336750739379,9.211614956889422,dentro_sezione,0.0
2026-07-29T18:31:10+00:00,151460002739,Milano,0.7105830473843242,Local road,one_side,0.0,45.416399000279455,9.239352252220206,dentro_sezione,0.0
2026-07-29T18:31:10+00:00,151460002738,Milano,0.694095645975406,Local road,one_side,0.0,45.416399000279455,9.239352252220206,dentro_sezione,0.0
2026-07-29T18:31:10+00:00,151460002739,Milano,0.7105830473843242,Local road,one_side,0.0,45.41530469682335,9.241945604240724,dentro_sezione,0.0
2026-07-29T18:31:10+00:00,151460002738,Milano,0.694095645975406,Local road,one_side,0.0,45.41530469682335,9.241945604240724,dentro_sezione,0.0
2026-07-29T18:31:10+00:00,150700000003,Cernusco sul Naviglio,0.69710280023203,Connecting road,full,0.0,45.52619869483207,9.32269038309862,dentro_sezione,0.0
2026-07-29T18:31:10+00:00,150700000003,Cernusco sul Naviglio,0.69710280023203,Connecting road,one_side,0.0,45.52385482525997,9.32355774741958,dentro_sezione,0.0
2026-07-29T18:31:10+00:00,151390000001,Mediglia,0.726435540984742,Connecting road,one_side,0.0,45.40120559797648,9.320046818976916,dentro_sezione,0.0
2026-07-29T18:31:10+00:00,151390000003,Mediglia,0.7112179551928244,Major local road,full,0.0,45.40140869376171,9.325048126419558,dentro_sezione,0.0
2026-07-29T18:31:10+00:00,151390000004,Mediglia,0.7585618760948553,Major local road,full,0.0,45.40140869376171,9.325048126419558,dentro_sezione,0.0
2026-07-29T18:31:10+00:00,151390000001,Mediglia,0.726435540984742,Major local road,full,0.0,45.40140869376171,9.325048126419558,dentro_sezione,0.0
2026-07-29T18:31:10+00:00,151390000003,Mediglia,0.7112179551928244,Major local road,one_side,0.0,45.400344667152524,9.325511649512542,dentro_sezione,0.0
2026-07-29T18:31:10+00:00,151390000001,Mediglia,0.726435540984742,Major local road,one_side,0.0,45.400344667152524,9.325511649512542,dentro_sezione,0.0
2026-07-29T18:31:10+00:00,151390000001,Mediglia,0.726435540984742,Minor local road,one_side,0.0,45.4006120470024,9.322143495082855,dentro_sezione,0.0
2026-07-29T18:31:10+00:00,151390000005,Mediglia,0.7604290822407629,Minor local road,one_side,0.22100001573562622,45.39511055682532,9.328355728091656,dentro_sezione,0.0
2026-07-29T18:31:10+00:00,151390000005,Mediglia,0.7604290822407629,Minor local road,one_side,0.2149999737739563,45.39511055682533,9.32835572809166,dentro_sezione,0.0
2026-07-29T18:31:10+00:00,151390000005,Mediglia,0.7604290822407629,Connecting road,full,0.0,45.3963907308835,9.326313621966435,dentro_sezione,0.0
2026-07-29T18:31:10+00:00,151390000005,Mediglia,0.7604290822407629,Connecting road,one_side,0.0,45.39679434052438,9.32338812732594,dentro_sezione,0.0
2026-07-29T18:31:10+00:00,151390000005,Mediglia,0.7604290822407629,Local road,one_side,0.0,45.396140404746596,9.327497611614783,dentro_sezione,0.0
2026-07-29T18:31:10+00:00,150700000003,Cernusco sul Naviglio,0.69710280023203,Connecting road,full,0.0,45.526183121436034,9.334177116536665,dentro_sezione,0.0
2026-07-29T18:31:10+00:00,150700000003,Cernusco sul Naviglio,0.69710280023203,Connecting road,one_side,0.0,45.524771461211785,9.331391066137858,dentro_sezione,0.0
2026-07-29T18:31:10+00:00,151390000003,Mediglia,0.7112179551928244,Major local road,full,0.0,45.40269867414756,9.332973177694676,dentro_sezione,0.0
2026-07-29T18:31:10+00:00,151390000004,Mediglia,0.7585618760948553,Major local road,full,0.0,45.40269867414756,9.332973177694676,dentro_sezione,0.0
2026-07-29T18:31:10+00:00,151390000005,Mediglia,0.7604290822407629,Major local road,one_side,0.0,45.39901575157139,9.328824437964817,dentro_sezione,0.0
2026-07-29T18:31:10+00:00,151390000005,Mediglia,0.7604290822407629,Minor local road,one_side,0.22100001573562622,45.39490806882062,9.328462980029421,dentro_sezione,0.0
2026-07-29T18:31:10+00:00,151390000005,Mediglia,0.7604290822407629,Minor local road,one_side,0.2149999737739563,45.39490806882062,9.328462980029425,dentro_sezione,0.0
2026-07-29T18:31:10+00:00,151390000005,Mediglia,0.7604290822407629,Connecting road,full,0.0,45.39638593209097,9.326481688905965,dentro_sezione,0.0
2026-07-29T18:31:10+00:00,151390000005,Mediglia,0.7604290822407629,Connecting road,one_side,0.0,45.393074928382816,9.32979317581705,dentro_sezione,0.0
2026-07-29T18:31:10+00:00,151390000006,Mediglia,0.7320891064249785,Major local road,full,0.0,45.39695368826313,9.331997118685997,dentro_sezione,0.0
2026-07-29T18:31:10+00:00,151390000005,Mediglia,0.7604290822407629,Major local road,full,0.0,45.39695368826313,9.331997118685997,dentro_sezione,0.0
2026-07-29T18:31:10+00:00,151390000006,Mediglia,0.7320891064249785,Major local road,one_side,0.0,45.39818813703475,9.330293207015123,dentro_sezione,0.0
2026-07-29T18:31:10+00:00,151390000005,Mediglia,0.7604290822407629,Major local road,one_side,0.0,45.39818813703475,9.330293207015123,dentro_sezione,0.0
2026-07-29T18:31:10+00:00,151390000006,Mediglia,0.7320891064249785,Local road,full,0.0,45.39608792001459,9.332509194682364,dentro_sezione,0.0
2026-07-29T18:31:10+00:00,151390000005,Mediglia,0.7604290822407629,Local road,full,0.0,45.39608792001459,9.332509194682364,dentro_sezione,0.0
2026-07-29T18:31:10+00:00,151390000006,Mediglia,0.7320891064249785,Local road,one_side,0.0,45.39326670139134,9.332485365519153,dentro_sezione,0.0
2026-07-29T18:31:10+00:00,151390000005,Mediglia,0.7604290822407629,Local road,one_side,0.0,45.39326670139134,9.332485365519153,dentro_sezione,0.0
2026-07-29T18:31:10+00:00,151390000006,Mediglia,0.7320891064249785,Minor local road,full,0.0,45.39522836417661,9.332302120406032,dentro_sezione,0.0
2026-07-29T18:31:10+00:00,151390000005,Mediglia,0.7604290822407629,Minor local road,full,0.0,45.39522836417661,9.332302120406032,dentro_sezione,0.0
2026-07-29T18:31:10+00:00,151390000005,Mediglia,0.7604290822407629,Minor local road,one_side,0.0,45.395347964709245,9.330322216494508,dentro_sezione,0.0
2026-07-29T18:31:10+00:00,151390000012,Mediglia,0.8052276000196243,Major local road,full,0.0,45.40192324569242,9.33925038288648,dentro_sezione,0.0
2026-07-29T18:31:10+00:00,151390000012,Mediglia,0.8052276000196243,Major local road,one_side,0.0,45.39971558766529,9.340347647666931,dentro_sezione,0.0
2026-07-29T18:31:10+00:00,151720000033,Pessano con Bornago,0.6917868903081323,Connecting road,full,0.0,45.550503057218656,9.371199885655058,dentro_sezione,0.0
2026-07-29T18:31:10+00:00,151720000033,Pessano con Bornago,0.6917868903081323,Connecting road,one_side,0.0,45.55027066137421,9.366442433084678,dentro_sezione,0.0
2026-07-29T18:31:10+00:00,151720000033,Pessano con Bornago,0.6917868903081323,Connecting road,full,0.0,45.54997239764829,9.375375151996868,dentro_sezione,0.0
2026-07-29T18:31:10+00:00,151720000033,Pessano con Bornago,0.6917868903081323,Connecting road,one_side,0.0,45.54934355939635,9.376151642930555,dentro_sezione,0.0
2026-07-29T18:31:10+00:00,151060000002,Gessate,0.7425160242073031,Secondary road,one_side,0.0,45.56467958054513,9.42994085278958,dentro_sezione,0.0
2026-07-29T18:31:10+00:00,151060000002,Gessate,0.7425160242073031,Local road,full,0.0,45.560255313571915,9.432396762804721,dentro_sezione,0.0
2026-07-29T18:31:10+00:00,151060000002,Gessate,0.7425160242073031,Local road,one_side,0.0,45.56454053580137,9.429751142185447,dentro_sezione,0.0
2026-07-29T18:31:10+00:00,151060000001,Gessate,0.6955934512145499,Secondary road,one_side,0.3479999899864197,45.55416798473077,9.435293616542523,dentro_sezione,0.0
2026-07-29T18:31:10+00:00,151060000001,Gessate,0.6955934512145499,Secondary road,one_side,0.0,45.557251092637316,9.434043921857496,dentro_sezione,0.0
2026-07-29T18:31:10+00:00,151060000002,Gessate,0.7425160242073031,Secondary road,one_side,0.0,45.557251092637316,9.434043921857496,dentro_sezione,0.0
2026-07-29T18:31:10+00:00,151060000001,Gessate,0.6955934512145499,Connecting road,one_side,0.0,45.55590896681553,9.431484338768323,dentro_sezione,0.0
2026-07-29T18:31:10+00:00,151060000024,Gessate,0.7259449304054464,Connecting road,one_side,0.0,45.55590896681553,9.431484338768323,dentro_sezione,0.0
2026-07-29T18:31:10+00:00,151060000001,Gessate,0.6955934512145499,Major local road,one_side,0.0,45.55422279576027,9.432760444383911,dentro_sezione,0.0
2026-07-29T18:31:10+00:00,151060000002,Gessate,0.7425160242073031,Local road,full,0.0,45.560255313571915,9.432396762804721,dentro_sezione,0.0
2026-07-29T18:31:10+00:00,151060000001,Gessate,0.6955934512145499,Local road,one_side,0.0,45.555846588990775,9.43116296524165,dentro_sezione,0.0
2026-07-29T18:31:10+00:00,151060000024,Gessate,0.7259449304054464,Local road,one_side,0.0,45.555846588990775,9.43116296524165,dentro_sezione,0.0
2026-07-29T18:31:10+00:00,151060000002,Gessate,0.7425160242073031,Local road,one_side,0.0,45.555846588990775,9.43116296524165,dentro_sezione,0.0
2026-07-29T18:31:10+00:00,151780000007,Pozzuolo Martesana,0.6870828006360621,Major local road,one_side,0.0,45.5162997071174,9.452851839905524,dentro_sezione,0.0
2026-07-29T18:31:10+00:00,151780000006,Pozzuolo Martesana,0.7249463935793504,Local road,one_side,0.0,45.51383675500905,9.455127776174606,dentro_sezione,0.0
2026-07-29T18:31:10+00:00,151780000010,Pozzuolo Martesana,0.7180720735800431,Local road,one_side,0.0,45.51383675500905,9.455127776174606,dentro_sezione,0.0
2026-07-29T18:31:10+00:00,151780000006,Pozzuolo Martesana,0.7249463935793504,Local road,one_side,0.0,45.51352177880894,9.45403040996121,dentro_sezione,0.0
2026-07-29T18:31:10+00:00,151780000010,Pozzuolo Martesana,0.7180720735800431,Local road,one_side,0.0,45.51352177880894,9.45403040996121,dentro_sezione,0.0
2026-07-29T18:31:10+00:00,151780000010,Pozzuolo Martesana,0.7180720735800431,Connecting road,full,0.0,45.513599351573255,9.460939502465216,dentro_sezione,0.0
2026-07-29T18:31:10+00:00,151780000007,Pozzuolo Martesana,0.6870828006360621,Connecting road,full,0.0,45.513599351573255,9.460939502465216,dentro_sezione,0.0
2026-07-29T18:31:10+00:00,151780000010,Pozzuolo Martesana,0.7180720735800431,Connecting road,one_side,0.0,45.51563145821439,9.465520992389205,dentro_sezione,0.0
2026-07-29T18:31:10+00:00,151780000007,Pozzuolo Martesana,0.6870828006360621,Connecting road,one_side,0.0,45.51563145821439,9.465520992389205,dentro_sezione,0.0
2026-07-29T18:31:10+00:00,151780000010,Pozzuolo Martesana,0.7180720735800431,Major local road,one_side,0.0,45.51532070853119,9.459851812271916,dentro_sezione,0.0
2026-07-29T18:31:10+00:00,151780000007,Pozzuolo Martesana,0.6870828006360621,Major local road,one_side,0.0,45.51532070853119,9.459851812271916,dentro_sezione,0.0
2026-07-29T18:31:10+00:00,151780000006,Pozzuolo Martesana,0.7249463935793504,Local road,one_side,0.0,45.51362060641403,9.459314526874598,dentro_sezione,0.0
2026-07-29T18:31:10+00:00,151780000010,Pozzuolo Martesana,0.7180720735800431,Local road,one_side,0.0,45.51362060641403,9.459314526874598,dentro_sezione,0.0
2026-07-29T18:31:10+00:00,151780000010,Pozzuolo Martesana,0.7180720735800431,Connecting road,full,0.0,45.513599351573255,9.460939502465216,dentro_sezione,0.0
2026-07-29T18:31:10+00:00,151780000007,Pozzuolo Martesana,0.6870828006360621,Connecting road,full,0.0,45.513599351573255,9.460939502465216,dentro_sezione,0.0
2026-07-29T18:31:10+00:00,151780000010,Pozzuolo Martesana,0.7180720735800431,Connecting road,one_side,0.0,45.51201985358216,9.463432597695672,dentro_sezione,0.0
2026-07-29T18:31:10+00:00,151780000007,Pozzuolo Martesana,0.6870828006360621,Connecting road,one_side,0.0,45.51201985358216,9.463432597695672,dentro_sezione,0.0
2026-07-29T18:31:10+00:00,151780000010,Pozzuolo Martesana,0.7180720735800431,Major local road,one_side,0.0,45.514391786615064,9.460879607557235,dentro_sezione,0.0
2026-07-29T18:31:10+00:00,151780000007,Pozzuolo Martesana,0.6870828006360621,Major local road,one_side,0.0,45.514391786615064,9.460879607557235,dentro_sezione,0.0
2026-07-29T18:31:10+00:00,151780000006,Pozzuolo Martesana,0.7249463935793504,Local road,one_side,0.0,45.51362060641403,9.459314526874598,dentro_sezione,0.0
2026-07-29T18:31:10+00:00,151780000010,Pozzuolo Martesana,0.7180720735800431,Local road,one_side,0.0,45.51362060641403,9.459314526874598,dentro_sezione,0.0
2026-07-29T18:31:10+00:00,152240000010,Truccazzano,0.7476905228465803,Connecting road,one_side,0.0,45.463656188833134,9.475532115410585,dentro_sezione,0.0
2026-07-29T18:31:10+00:00,150590000040,Cassano d'Adda,0.8090312749814579,Connecting road,full,0.0,45.50586857074825,9.527646386145808,dentro_sezione,0.0
2026-07-29T18:31:10+00:00,150590000040,Cassano d'Adda,0.8090312749814579,Connecting road,one_side,0.0,45.506227865561726,9.526025437081474,dentro_sezione,0.0
2026-07-29T18:31:10+00:00,150590000040,Cassano d'Adda,0.8090312749814579,Connecting road,full,0.0,45.50465141333191,9.53149248144333,dentro_sezione,0.0
2026-07-29T18:31:10+00:00,150590000040,Cassano d'Adda,0.8090312749814579,Connecting road,one_side,0.0,45.50481444915567,9.530592811924295,dentro_sezione,0.0
2026-07-29T18:31:10+00:00,150990000018,Dairago,0.7297543772564479,Connecting road,one_side,0.0,45.564686052346,8.860306390456056,piu_vicino_esterno,163.7
2026-07-29T18:31:10+00:00,150770000392,Cinisello Balsamo,0.7272782368032968,Connecting road,one_side,0.0,45.57128500494079,9.209350914619835,piu_vicino_esterno,251.1
2026-07-29T18:31:10+00:00,150770000393,Cinisello Balsamo,0.714057724663571,Connecting road,one_side,0.0,45.57128500494079,9.209350914619835,piu_vicino_esterno,263.7
2026-07-29T18:35:46+00:00,151830000004,Robecchetto con Induno,0.7553527057173448,Connecting road,one_side,0.014999985694885254,45.52430963400192,8.772143978119097,dentro_sezione,0.0
2026-07-29T18:35:46+00:00,151830000005,Robecchetto con Induno,0.7359793597243346,Connecting road,one_side,0.014999985694885254,45.52430963400192,8.772143978119097,dentro_sezione,0.0
2026-07-29T18:35:46+00:00,151830000004,Robecchetto con Induno,0.7553527057173448,Connecting road,one_side,0.0,45.524309750864354,8.772144076986255,dentro_sezione,0.0
2026-07-29T18:35:46+00:00,151830000005,Robecchetto con Induno,0.7359793597243346,Connecting road,one_side,0.0,45.524309750864354,8.772144076986255,dentro_sezione,0.0
2026-07-29T18:35:46+00:00,151830000004,Robecchetto con Induno,0.7553527057173448,Major local road,one_side,0.0,45.52593707033944,8.774034097590642,dentro_sezione,0.0
2026-07-29T18:35:46+00:00,151830000005,Robecchetto con Induno,0.7359793597243346,Major local road,one_side,0.0,45.52593707033944,8.774034097590642,dentro_sezione,0.0
2026-07-29T18:35:46+00:00,151830000004,Robecchetto con Induno,0.7553527057173448,Local road,full,0.0,45.52665341304878,8.77813513370993,dentro_sezione,0.0
2026-07-29T18:35:46+00:00,151830000005,Robecchetto con Induno,0.7359793597243346,Local road,full,0.0,45.52665341304878,8.77813513370993,dentro_sezione,0.0
2026-07-29T18:35:46+00:00,151830000004,Robecchetto con Induno,0.7553527057173448,Local road,one_side,0.0,45.52750090024759,8.777482354636556,dentro_sezione,0.0
2026-07-29T18:35:46+00:00,151830000005,Robecchetto con Induno,0.7359793597243346,Local road,one_side,0.0,45.52750090024759,8.777482354636556,dentro_sezione,0.0
2026-07-29T18:35:46+00:00,151830000004,Robecchetto con Induno,0.7553527057173448,Minor local road,one_side,0.0,45.5246629407847,8.777006510696419,dentro_sezione,0.0
2026-07-29T18:35:46+00:00,151830000005,Robecchetto con Induno,0.7359793597243346,Minor local road,one_side,0.0,45.5246629407847,8.777006510696419,dentro_sezione,0.0
2026-07-29T18:35:46+00:00,151830000004,Robecchetto con Induno,0.7553527057173448,Connecting road,one_side,0.014999985694885254,45.52127531795456,8.77769623001356,dentro_sezione,0.0
2026-07-29T18:35:46+00:00,151830000005,Robecchetto con Induno,0.7359793597243346,Connecting road,one_side,0.014999985694885254,45.52127531795456,8.77769623001356,dentro_sezione,0.0
2026-07-29T18:35:46+00:00,151830000004,Robecchetto con Induno,0.7553527057173448,Connecting road,one_side,0.0,45.52127513594969,8.777697367403958,dentro_sezione,0.0
2026-07-29T18:35:46+00:00,151830000005,Robecchetto con Induno,0.7359793597243346,Connecting road,one_side,0.0,45.52127513594969,8.777697367403958,dentro_sezione,0.0
2026-07-29T18:35:46+00:00,151830000004,Robecchetto con Induno,0.7553527057173448,Major local road,one_side,0.0,45.52003006239406,8.771803302455004,dentro_sezione,0.0
2026-07-29T18:35:46+00:00,151830000004,Robecchetto con Induno,0.7553527057173448,Connecting road,one_side,0.014999985694885254,45.52138429939102,8.777471672389858,dentro_sezione,0.0
2026-07-29T18:35:46+00:00,151830000005,Robecchetto con Induno,0.7359793597243346,Connecting road,one_side,0.014999985694885254,45.52138429939102,8.777471672389858,dentro_sezione,0.0
2026-07-29T18:35:46+00:00,151830000004,Robecchetto con Induno,0.7553527057173448,Connecting road,one_side,0.0,45.52138429939102,8.777471672389858,dentro_sezione,0.0
2026-07-29T18:35:46+00:00,151830000005,Robecchetto con Induno,0.7359793597243346,Connecting road,one_side,0.0,45.52138429939102,8.777471672389858,dentro_sezione,0.0
2026-07-29T18:35:46+00:00,151830000005,Robecchetto con Induno,0.7359793597243346,Major local road,full,0.0,45.52572185698712,8.781758926879993,dentro_sezione,0.0
2026-07-29T18:35:46+00:00,151830000004,Robecchetto con Induno,0.7553527057173448,Major local road,one_side,0.0,45.52545606758585,8.783235613334185,dentro_sezione,0.0
2026-07-29T18:35:46+00:00,151830000005,Robecchetto con Induno,0.7359793597243346,Major local road,one_side,0.0,45.52545606758585,8.783235613334185,dentro_sezione,0.0
2026-07-29T18:35:46+00:00,151830000004,Robecchetto con Induno,0.7553527057173448,Local road,full,0.0,45.52665017246545,8.778138354718036,dentro_sezione,0.0
2026-07-29T18:35:46+00:00,151830000005,Robecchetto con Induno,0.7359793597243346,Local road,full,0.0,45.52665017246545,8.778138354718036,dentro_sezione,0.0
2026-07-29T18:35:46+00:00,151830000004,Robecchetto con Induno,0.7553527057173448,Local road,one_side,0.0,45.52614843665075,8.779160738634744,dentro_sezione,0.0
2026-07-29T18:35:46+00:00,151830000005,Robecchetto con Induno,0.7359793597243346,Local road,one_side,0.0,45.52614843665075,8.779160738634744,dentro_sezione,0.0
2026-07-29T18:35:46+00:00,151830000004,Robecchetto con Induno,0.7553527057173448,Minor local road,one_side,0.0,45.524831941765086,8.777906603428388,dentro_sezione,0.0
2026-07-29T18:35:46+00:00,151830000005,Robecchetto con Induno,0.7359793597243346,Minor local road,one_side,0.0,45.524831941765086,8.777906603428388,dentro_sezione,0.0
2026-07-29T18:35:46+00:00,151830000004,Robecchetto con Induno,0.7553527057173448,Connecting road,one_side,0.08499997854232788,45.51480777440742,8.780922752228813,dentro_sezione,0.0
2026-07-29T18:35:46+00:00,151830000004,Robecchetto con Induno,0.7553527057173448,Connecting road,one_side,0.07499998807907104,45.514767439361535,8.78093221662328,dentro_sezione,0.0
2026-07-29T18:35:46+00:00,151830000004,Robecchetto con Induno,0.7553527057173448,Connecting road,one_side,0.014999985694885254,45.51944491757978,8.77943916454409,dentro_sezione,0.0
2026-07-29T18:35:46+00:00,151830000005,Robecchetto con Induno,0.7359793597243346,Connecting road,one_side,0.014999985694885254,45.51944491757978,8.77943916454409,dentro_sezione,0.0
2026-07-29T18:35:46+00:00,151830000004,Robecchetto con Induno,0.7553527057173448,Connecting road,one_side,0.0,45.51940990986347,8.779451799814872,dentro_sezione,0.0
2026-07-29T18:35:46+00:00,151830000005,Robecchetto con Induno,0.7359793597243346,Connecting road,one_side,0.0,45.51940990986347,8.779451799814872,dentro_sezione,0.0
2026-07-29T18:35:46+00:00,151830000004,Robecchetto con Induno,0.7553527057173448,Major local road,one_side,0.0,45.52129064980628,8.777203055737562,dentro_sezione,0.0
2026-07-29T18:35:46+00:00,150990000004,Dairago,0.7676872328697544,Connecting road,one_side,0.0,45.559969756077514,8.855855576146451,dentro_sezione,0.0
2026-07-29T18:35:46+00:00,150990000005,Dairago,0.7542589327199739,Connecting road,one_side,0.0,45.559969756077514,8.855855576146451,dentro_sezione,0.0
2026-07-29T18:35:46+00:00,150990000006,Dairago,0.7709685518618672,Secondary road,one_side,0.6680000126361847,45.57774381193826,8.86005125574286,dentro_sezione,0.0
2026-07-29T18:35:46+00:00,150990000006,Dairago,0.7709685518618672,Secondary road,one_side,0.02399998903274536,45.57550377845801,8.861572145141743,dentro_sezione,0.0
2026-07-29T18:35:46+00:00,150990000006,Dairago,0.7709685518618672,Secondary road,one_side,0.0,45.58104568913294,8.857076207528335,dentro_sezione,0.0
2026-07-29T18:35:46+00:00,150990000006,Dairago,0.7709685518618672,Secondary road,one_side,0.6680000126361847,45.57626841121212,8.861078594174671,dentro_sezione,0.0
2026-07-29T18:35:46+00:00,150990000006,Dairago,0.7709685518618672,Secondary road,full,0.19999998807907104,45.57379030956311,8.862627446651459,dentro_sezione,0.0
2026-07-29T18:35:46+00:00,150990000005,Dairago,0.7542589327199739,Secondary road,one_side,0.19999998807907104,45.570433449813656,8.864192014930888,dentro_sezione,0.0
2026-07-29T18:35:46+00:00,150990000001,Dairago,0.7159220448648945,Secondary road,one_side,0.19999998807907104,45.570433449813656,8.864192014930888,dentro_sezione,0.0
2026-07-29T18:35:46+00:00,150990000002,Dairago,0.6942688026504515,Secondary road,one_side,0.19999998807907104,45.570433449813656,8.864192014930888,dentro_sezione,0.0
2026-07-29T18:35:46+00:00,150990000006,Dairago,0.7709685518618672,Secondary road,one_side,0.19999998807907104,45.570433449813656,8.864192014930888,dentro_sezione,0.0
2026-07-29T18:35:46+00:00,150990000006,Dairago,0.7709685518618672,Secondary road,full,0.02399998903274536,45.574130222271364,8.862384773534133,dentro_sezione,0.0
2026-07-29T18:35:46+00:00,150990000006,Dairago,0.7709685518618672,Secondary road,one_side,0.02399998903274536,45.5752231718279,8.861740512995713,dentro_sezione,0.0
2026-07-29T18:35:46+00:00,150990000006,Dairago,0.7709685518618672,Secondary road,full,0.0,45.57396998798928,8.86251128068678,dentro_sezione,0.0
2026-07-29T18:35:46+00:00,150990000005,Dairago,0.7542589327199739,Secondary road,one_side,0.0,45.57155625802089,8.863616983229567,dentro_sezione,0.0
2026-07-29T18:35:46+00:00,150990000001,Dairago,0.7159220448648945,Secondary road,one_side,0.0,45.57155625802089,8.863616983229567,dentro_sezione,0.0
2026-07-29T18:35:46+00:00,150990000002,Dairago,0.6942688026504515,Secondary road,one_side,0.0,45.57155625802089,8.863616983229567,dentro_sezione,0.0
2026-07-29T18:35:46+00:00,150990000006,Dairago,0.7709685518618672,Secondary road,one_side,0.0,45.57155625802089,8.863616983229567,dentro_sezione,0.0
2026-07-29T18:35:46+00:00,150990000005,Dairago,0.7542589327199739,Connecting road,one_side,0.0,45.56869535247887,8.862106087174277,dentro_sezione,0.0
2026-07-29T18:35:46+00:00,150990000001,Dairago,0.7159220448648945,Connecting road,one_side,0.0,45.56869535247887,8.862106087174277,dentro_sezione,0.0
2026-07-29T18:35:46+00:00,150990000002,Dairago,0.6942688026504515,Connecting road,one_side,0.0,45.56869535247887,8.862106087174277,dentro_sezione,0.0
2026-07-29T18:35:46+00:00,150990000006,Dairago,0.7709685518618672,Connecting road,one_side,0.0,45.56869535247887,8.862106087174277,dentro_sezione,0.0
2026-07-29T18:35:46+00:00,150990000005,Dairago,0.7542589327199739,Local road,full,0.0,45.57115044782316,8.861418408582644,dentro_sezione,0.0
2026-07-29T18:35:46+00:00,150990000006,Dairago,0.7709685518618672,Local road,full,0.0,45.57115044782316,8.861418408582644,dentro_sezione,0.0
2026-07-29T18:35:46+00:00,150990000005,Dairago,0.7542589327199739,Local road,one_side,0.0,45.57092412688219,8.861752614264068,dentro_sezione,0.0
2026-07-29T18:35:46+00:00,150990000006,Dairago,0.7709685518618672,Local road,one_side,0.0,45.57092412688219,8.861752614264068,dentro_sezione,0.0
2026-07-29T18:35:46+00:00,150990000006,Dairago,0.7709685518618672,Minor local road,full,0.0,45.57390108315492,8.862335085868835,dentro_sezione,0.0
2026-07-29T18:35:46+00:00,150990000006,Dairago,0.7709685518618672,Minor local road,one_side,0.0,45.57342910946712,8.861447226380976,dentro_sezione,0.0
2026-07-29T18:35:46+00:00,150990000004,Dairago,0.7676872328697544,Secondary road,one_side,0.19999998807907104,45.56754907344413,8.865468281462599,dentro_sezione,0.0
2026-07-29T18:35:46+00:00,150990000001,Dairago,0.7159220448648945,Secondary road,one_side,0.19999998807907104,45.56754907344413,8.865468281462599,dentro_sezione,0.0
2026-07-29T18:35:46+00:00,150990000002,Dairago,0.6942688026504515,Secondary road,one_side,0.19999998807907104,45.56754907344413,8.865468281462599,dentro_sezione,0.0
2026-07-29T18:35:46+00:00,150990000004,Dairago,0.7676872328697544,Secondary road,one_side,0.0,45.565675664297586,8.866151684405883,dentro_sezione,0.0
2026-07-29T18:35:46+00:00,150990000001,Dairago,0.7159220448648945,Secondary road,one_side,0.0,45.565675664297586,8.866151684405883,dentro_sezione,0.0
2026-07-29T18:35:46+00:00,150990000002,Dairago,0.6942688026504515,Secondary road,one_side,0.0,45.565675664297586,8.866151684405883,dentro_sezione,0.0
2026-07-29T18:35:46+00:00,150990000004,Dairago,0.7676872328697544,Connecting road,full,0.0,45.56559331224461,8.864327222945509,dentro_sezione,0.0
2026-07-29T18:35:46+00:00,150990000005,Dairago,0.7542589327199739,Connecting road,full,0.0,45.56559331224461,8.864327222945509,dentro_sezione,0.0
2026-07-29T18:35:46+00:00,150990000001,Dairago,0.7159220448648945,Connecting road,full,0.0,45.56559331224461,8.864327222945509,dentro_sezione,0.0
2026-07-29T18:35:46+00:00,150990000002,Dairago,0.6942688026504515,Connecting road,full,0.0,45.56559331224461,8.864327222945509,dentro_sezione,0.0
2026-07-29T18:35:46+00:00,150990000004,Dairago,0.7676872328697544,Connecting road,one_side,0.0,45.564686052346,8.860306390456056,dentro_sezione,0.0
2026-07-29T18:35:46+00:00,150990000005,Dairago,0.7542589327199739,Connecting road,one_side,0.0,45.564686052346,8.860306390456056,dentro_sezione,0.0
2026-07-29T18:35:46+00:00,150990000001,Dairago,0.7159220448648945,Connecting road,one_side,0.0,45.564686052346,8.860306390456056,dentro_sezione,0.0
2026-07-29T18:35:46+00:00,150990000002,Dairago,0.6942688026504515,Connecting road,one_side,0.0,45.564686052346,8.860306390456056,dentro_sezione,0.0
2026-07-29T18:35:46+00:00,150990000004,Dairago,0.7676872328697544,Major local road,one_side,0.0,45.563239021472114,8.860581830730837,dentro_sezione,0.0
2026-07-29T18:35:46+00:00,150990000005,Dairago,0.7542589327199739,Major local road,one_side,0.0,45.563239021472114,8.860581830730837,dentro_sezione,0.0
2026-07-29T18:35:46+00:00,150990000001,Dairago,0.7159220448648945,Secondary road,one_side,0.19999998807907104,45.56793643860762,8.865308032085537,dentro_sezione,0.0
2026-07-29T18:35:46+00:00,150990000002,Dairago,0.6942688026504515,Secondary road,one_side,0.19999998807907104,45.56793643860762,8.865308032085537,dentro_sezione,0.0
2026-07-29T18:35:46+00:00,150990000001,Dairago,0.7159220448648945,Secondary road,one_side,0.0,45.56793608713956,8.865307163391256,dentro_sezione,0.0
2026-07-29T18:35:46+00:00,150990000002,Dairago,0.6942688026504515,Secondary road,one_side,0.0,45.56793608713956,8.865307163391256,dentro_sezione,0.0
2026-07-29T18:35:46+00:00,150990000004,Dairago,0.7676872328697544,Secondary road,one_side,0.19999998807907104,45.56754869645032,8.86546906182961,dentro_sezione,0.0
2026-07-29T18:35:46+00:00,150990000001,Dairago,0.7159220448648945,Secondary road,one_side,0.19999998807907104,45.56754869645032,8.86546906182961,dentro_sezione,0.0
2026-07-29T18:35:46+00:00,150990000002,Dairago,0.6942688026504515,Secondary road,one_side,0.19999998807907104,45.56754869645032,8.86546906182961,dentro_sezione,0.0
2026-07-29T18:35:46+00:00,150990000004,Dairago,0.7676872328697544,Secondary road,one_side,0.0,45.56350375152398,8.867135362175203,dentro_sezione,0.0
2026-07-29T18:35:46+00:00,150990000001,Dairago,0.7159220448648945,Secondary road,one_side,0.0,45.56350375152398,8.867135362175203,dentro_sezione,0.0
2026-07-29T18:35:46+00:00,150990000002,Dairago,0.6942688026504515,Secondary road,one_side,0.0,45.56350375152398,8.867135362175203,dentro_sezione,0.0
2026-07-29T18:35:46+00:00,150990000004,Dairago,0.7676872328697544,Connecting road,full,0.0,45.566236844428026,8.865384249111933,dentro_sezione,0.0
2026-07-29T18:35:46+00:00,150990000001,Dairago,0.7159220448648945,Connecting road,full,0.0,45.566236844428026,8.865384249111933,dentro_sezione,0.0
2026-07-29T18:35:46+00:00,150990000002,Dairago,0.6942688026504515,Connecting road,full,0.0,45.566236844428026,8.865384249111933,dentro_sezione,0.0
2026-07-29T18:35:46+00:00,150990000004,Dairago,0.7676872328697544,Connecting road,one_side,0.0,45.565772277047955,8.87122243071949,dentro_sezione,0.0
2026-07-29T18:35:46+00:00,150990000001,Dairago,0.7159220448648945,Connecting road,one_side,0.0,45.565772277047955,8.87122243071949,dentro_sezione,0.0
2026-07-29T18:35:46+00:00,150990000002,Dairago,0.6942688026504515,Connecting road,one_side,0.0,45.565772277047955,8.87122243071949,dentro_sezione,0.0
2026-07-29T18:35:46+00:00,151840000003,Robecco sul Naviglio,0.7196016242096119,Secondary road,full,0.0,45.43738004527872,8.884716475393938,dentro_sezione,0.0
2026-07-29T18:35:46+00:00,151840000006,Robecco sul Naviglio,0.7230185825971769,Secondary road,full,0.0,45.43738004527872,8.884716475393938,dentro_sezione,0.0
2026-07-29T18:35:46+00:00,151840000004,Robecco sul Naviglio,0.7107590900039538,Secondary road,full,0.0,45.43738004527872,8.884716475393938,dentro_sezione,0.0
2026-07-29T18:35:46+00:00,151840000006,Robecco sul Naviglio,0.7230185825971769,Secondary road,one_side,0.0,45.441021454681305,8.886726811167174,dentro_sezione,0.0
2026-07-29T18:35:46+00:00,151840000004,Robecco sul Naviglio,0.7107590900039538,Secondary road,one_side,0.0,45.441021454681305,8.886726811167174,dentro_sezione,0.0
2026-07-29T18:35:46+00:00,151840000004,Robecco sul Naviglio,0.7107590900039538,Connecting road,one_side,0.0,45.44215302778418,8.881694311544635,dentro_sezione,0.0
2026-07-29T18:35:46+00:00,151840000008,Robecco sul Naviglio,0.7257111688941349,Connecting road,one_side,0.0,45.44215302778418,8.881694311544635,dentro_sezione,0.0
2026-07-29T18:35:46+00:00,151840000008,Robecco sul Naviglio,0.7257111688941349,Minor local road,one_side,0.0,45.44305633774382,8.87880615453956,dentro_sezione,0.0
2026-07-29T18:35:46+00:00,151840000003,Robecco sul Naviglio,0.7196016242096119,Secondary road,full,0.0,45.436020247875916,8.88427360275287,dentro_sezione,0.0
2026-07-29T18:35:46+00:00,151840000006,Robecco sul Naviglio,0.7230185825971769,Secondary road,full,0.0,45.436020247875916,8.88427360275287,dentro_sezione,0.0
2026-07-29T18:35:46+00:00,151840000004,Robecco sul Naviglio,0.7107590900039538,Secondary road,full,0.0,45.436020247875916,8.88427360275287,dentro_sezione,0.0
2026-07-29T18:35:46+00:00,151840000003,Robecco sul Naviglio,0.7196016242096119,Secondary road,one_side,0.0,45.432741752237355,8.885387574658592,dentro_sezione,0.0
2026-07-29T18:35:46+00:00,151840000006,Robecco sul Naviglio,0.7230185825971769,Secondary road,one_side,0.0,45.432741752237355,8.885387574658592,dentro_sezione,0.0
2026-07-29T18:35:46+00:00,151840000004,Robecco sul Naviglio,0.7107590900039538,Secondary road,one_side,0.0,45.432741752237355,8.885387574658592,dentro_sezione,0.0
2026-07-29T18:35:46+00:00,151840000003,Robecco sul Naviglio,0.7196016242096119,Connecting road,full,0.0,45.434818033444905,8.888212023960996,dentro_sezione,0.0
2026-07-29T18:35:46+00:00,151840000004,Robecco sul Naviglio,0.7107590900039538,Connecting road,full,0.0,45.434818033444905,8.888212023960996,dentro_sezione,0.0
2026-07-29T18:35:46+00:00,151840000003,Robecco sul Naviglio,0.7196016242096119,Connecting road,one_side,0.0,45.43218495639539,8.879627085051737,dentro_sezione,0.0
2026-07-29T18:35:46+00:00,151840000006,Robecco sul Naviglio,0.7230185825971769,Connecting road,one_side,0.0,45.43218495639539,8.879627085051737,dentro_sezione,0.0
2026-07-29T18:35:46+00:00,150410000011,Busto Garolfo,0.7031690557477914,Local road,one_side,0.6410000026226044,45.544972559851566,8.890237233490335,dentro_sezione,0.0
2026-07-29T18:35:46+00:00,150410000011,Busto Garolfo,0.7031690557477914,Major local road,one_side,0.0,45.547462481839126,8.892937891739695,dentro_sezione,0.0
2026-07-29T18:35:46+00:00,150410000011,Busto Garolfo,0.7031690557477914,Local road,one_side,0.0,45.54939605649458,8.888692897569367,dentro_sezione,0.0
2026-07-29T18:35:46+00:00,150410000011,Busto Garolfo,0.7031690557477914,Local road,one_side,0.6410000026226044,45.54407600412062,8.890929616471169,dentro_sezione,0.0
2026-07-29T18:35:46+00:00,150410000011,Busto Garolfo,0.7031690557477914,Connecting road,one_side,0.0,45.54197439189159,8.89465136982906,dentro_sezione,0.0
2026-07-29T18:35:46+00:00,150410000011,Busto Garolfo,0.7031690557477914,Major local road,one_side,0.0,45.544562915692,8.895608895264767,dentro_sezione,0.0
2026-07-29T18:35:46+00:00,150410000011,Busto Garolfo,0.7031690557477914,Local road,one_side,0.0,45.54049505829869,8.891599000579392,dentro_sezione,0.0
2026-07-29T18:35:46+00:00,151840000003,Robecco sul Naviglio,0.7196016242096119,Secondary road,full,0.0,45.43673429376078,8.88704731701488,dentro_sezione,0.0
2026-07-29T18:35:46+00:00,151840000004,Robecco sul Naviglio,0.7107590900039538,Secondary road,full,0.0,45.43673429376078,8.88704731701488,dentro_sezione,0.0
2026-07-29T18:35:46+00:00,151840000004,Robecco sul Naviglio,0.7107590900039538,Secondary road,one_side,0.0,45.44129080099548,8.887639896752052,dentro_sezione,0.0
2026-07-29T18:35:46+00:00,151840000003,Robecco sul Naviglio,0.7196016242096119,Secondary road,full,0.0,45.43465511634912,8.88814045588459,dentro_sezione,0.0
2026-07-29T18:35:46+00:00,151840000004,Robecco sul Naviglio,0.7107590900039538,Secondary road,full,0.0,45.43465511634912,8.88814045588459,dentro_sezione,0.0
2026-07-29T18:35:46+00:00,151840000003,Robecco sul Naviglio,0.7196016242096119,Connecting road,full,0.0,45.433208070156475,8.889242619884701,dentro_sezione,0.0
2026-07-29T18:35:46+00:00,151840000004,Robecco sul Naviglio,0.7107590900039538,Connecting road,full,0.0,45.433208070156475,8.889242619884701,dentro_sezione,0.0
2026-07-29T18:35:46+00:00,150720000017,Cerro Maggiore,0.6999223680906879,Secondary road,one_side,0.0,45.59469927159379,8.956787134794192,dentro_sezione,0.0
2026-07-29T18:35:46+00:00,150720000017,Cerro Maggiore,0.6999223680906879,Secondary road,full,0.0,45.58848035915598,8.9642983740158,dentro_sezione,0.0
2026-07-29T18:35:46+00:00,150720000017,Cerro Maggiore,0.6999223680906879,Secondary road,one_side,0.0,45.59053028893129,8.961361051470247,dentro_sezione,0.0
2026-07-29T18:35:46+00:00,150720000017,Cerro Maggiore,0.6999223680906879,Major local road,one_side,0.0,45.58829146872337,8.959288092130175,dentro_sezione,0.0
2026-07-29T18:35:46+00:00,150720000017,Cerro Maggiore,0.6999223680906879,Secondary road,full,0.0,45.58756210472569,8.966193376164924,dentro_sezione,0.0
2026-07-29T18:35:46+00:00,150720000017,Cerro Maggiore,0.6999223680906879,Secondary road,one_side,0.0,45.58536762844651,8.971044060006122,dentro_sezione,0.0
2026-07-29T18:35:46+00:00,150720000017,Cerro Maggiore,0.6999223680906879,Connecting road,one_side,0.0,45.58803245184286,8.973497377206987,dentro_sezione,0.0
2026-07-29T18:35:46+00:00,150220000001,Besate,0.8066359409766615,Secondary road,full,0.0,45.31397405974819,8.970680438795323,dentro_sezione,0.0
2026-07-29T18:35:46+00:00,150220000002,Besate,0.8457837792598706,Secondary road,full,0.0,45.31397405974819,8.970680438795323,dentro_sezione,0.0
2026-07-29T18:35:46+00:00,150220000001,Besate,0.8066359409766615,Secondary road,one_side,0.0,45.31693428516195,8.970520214464711,dentro_sezione,0.0
2026-07-29T18:35:46+00:00,150220000002,Besate,0.8457837792598706,Secondary road,one_side,0.0,45.31693428516195,8.970520214464711,dentro_sezione,0.0
2026-07-29T18:35:46+00:00,150220000001,Besate,0.8066359409766615,Secondary road,full,0.0,45.31230807897691,8.970803137994647,dentro_sezione,0.0
2026-07-29T18:35:46+00:00,150220000002,Besate,0.8457837792598706,Secondary road,full,0.0,45.31230807897691,8.970803137994647,dentro_sezione,0.0
2026-07-29T18:35:46+00:00,150220000001,Besate,0.8066359409766615,Secondary road,one_side,0.0,45.30850050611067,8.971050499191625,dentro_sezione,0.0
2026-07-29T18:35:46+00:00,150220000002,Besate,0.8457837792598706,Secondary road,one_side,0.0,45.30850050611067,8.971050499191625,dentro_sezione,0.0
2026-07-29T18:35:46+00:00,150220000002,Besate,0.8457837792598706,Connecting road,one_side,0.0,45.31011677645614,8.97243897841263,dentro_sezione,0.0
2026-07-29T18:35:46+00:00,151030000093,Gaggiano,0.7171341415902132,Connecting road,full,0.0,45.37753558005545,9.02820117450363,dentro_sezione,0.0
2026-07-29T18:35:46+00:00,151030000093,Gaggiano,0.7171341415902132,Connecting road,one_side,0.0,45.37922478434031,9.025526004065227,dentro_sezione,0.0
2026-07-29T18:35:46+00:00,152360000001,Vernate,0.7404237143838364,Major road,full,0.0,45.33115422928388,9.051982675890759,dentro_sezione,0.0
2026-07-29T18:35:46+00:00,152360000001,Vernate,0.7404237143838364,Major road,one_side,0.0,45.333667378972784,9.04899330877629,dentro_sezione,0.0
2026-07-29T18:35:46+00:00,152360000001,Vernate,0.7404237143838364,Secondary road,full,0.0,45.33085582197837,9.05174506782142,dentro_sezione,0.0
2026-07-29T18:35:46+00:00,152360000001,Vernate,0.7404237143838364,Secondary road,one_side,0.0,45.3294711922926,9.049540764120502,dentro_sezione,0.0
2026-07-29T18:35:46+00:00,152360000004,Vernate,0.7248915606322527,Connecting road,full,0.0,45.31713370461864,9.060332435953853,dentro_sezione,0.0
2026-07-29T18:35:46+00:00,152360000004,Vernate,0.7248915606322527,Connecting road,one_side,0.0,45.31685556517416,9.058201381824388,dentro_sezione,0.0
2026-07-29T18:35:46+00:00,150270000044,Bollate,0.7092237674852166,Connecting road,full,0.0,45.551101576535864,9.141299958119559,dentro_sezione,0.0
2026-07-29T18:35:46+00:00,150270000044,Bollate,0.7092237674852166,Connecting road,one_side,0.0,45.54765211863531,9.13664998664483,dentro_sezione,0.0
2026-07-29T18:35:46+00:00,150270000044,Bollate,0.7092237674852166,Local road,full,0.0,45.5486136227763,9.137978497546188,dentro_sezione,0.0
2026-07-29T18:35:46+00:00,150270000044,Bollate,0.7092237674852166,Local road,one_side,0.0,45.54824986471238,9.135017346615326,dentro_sezione,0.0
2026-07-29T18:35:46+00:00,150270000046,Bollate,0.7233042911110021,Motorway,full,0.0,45.548637494915916,9.147269678190169,dentro_sezione,0.0
2026-07-29T18:35:46+00:00,150270000046,Bollate,0.7233042911110021,Secondary road,full,0.0,45.55070810723628,9.146664038825996,dentro_sezione,0.0
2026-07-29T18:35:46+00:00,150270000044,Bollate,0.7092237674852166,Connecting road,full,0.0,45.55017918548694,9.146031515963527,dentro_sezione,0.0
2026-07-29T18:35:46+00:00,150270000046,Bollate,0.7233042911110021,Connecting road,one_side,0.0,45.54844611685997,9.144391397351994,dentro_sezione,0.0
2026-07-29T18:35:46+00:00,150270000044,Bollate,0.7092237674852166,Connecting road,one_side,0.0,45.54844611685997,9.144391397351994,dentro_sezione,0.0
2026-07-29T18:35:46+00:00,150270000046,Bollate,0.7233042911110021,Major local road,one_side,0.0,45.547104666833036,9.147278688778757,dentro_sezione,0.0
2026-07-29T18:35:46+00:00,150270000044,Bollate,0.7092237674852166,Local road,full,0.0,45.549132817135515,9.14128879881228,dentro_sezione,0.0
2026-07-29T18:35:46+00:00,150270000044,Bollate,0.7092237674852166,Local road,one_side,0.0,45.55087472061718,9.140988204592569,dentro_sezione,0.0
2026-07-29T18:35:46+00:00,151660000079,Paderno Dugnano,0.7118644067796609,Major local road,full,0.0,45.571088708927974,9.156967452984189,dentro_sezione,0.0
2026-07-29T18:35:46+00:00,151660000079,Paderno Dugnano,0.7118644067796609,Major local road,one_side,0.0,45.57115547810489,9.15556725583581,dentro_sezione,0.0
2026-07-29T18:35:46+00:00,151660000079,Paderno Dugnano,0.7118644067796609,Local road,one_side,0.0,45.5697584120831,9.154184216067337,dentro_sezione,0.0
2026-07-29T18:35:46+00:00,151660000079,Paderno Dugnano,0.7118644067796609,Minor local road,full,0.0,45.569569956181454,9.157563682162007,dentro_sezione,0.0
2026-07-29T18:35:46+00:00,151660000079,Paderno Dugnano,0.7118644067796609,Major local road,full,0.0,45.56765660396396,9.16061173142433,dentro_sezione,0.0
2026-07-29T18:35:46+00:00,150770000455,Cinisello Balsamo,0.7342939680872247,Connecting road,full,0.0,45.5628198241358,9.20016664943403,dentro_sezione,0.0
2026-07-29T18:35:46+00:00,150770000308,Cinisello Balsamo,0.7375002525201512,Connecting road,full,0.0,45.5628198241358,9.20016664943403,dentro_sezione,0.0
2026-07-29T18:35:46+00:00,150770000455,Cinisello Balsamo,0.7342939680872247,Local road,one_side,0.0,45.56207030894774,9.204732755630442,dentro_sezione,0.0
2026-07-29T18:35:46+00:00,150770000308,Cinisello Balsamo,0.7375002525201512,Connecting road,one_side,0.0,45.57128500494079,9.209350914619835,dentro_sezione,0.0
2026-07-29T18:35:46+00:00,150770000310,Cinisello Balsamo,0.7121097120693088,Connecting road,one_side,0.0,45.57128500494079,9.209350914619835,dentro_sezione,0.0
2026-07-29T18:35:46+00:00,150770000370,Cinisello Balsamo,0.7379158285402604,Connecting road,one_side,0.0,45.57128500494079,9.209350914619835,dentro_sezione,0.0
2026-07-29T18:35:46+00:00,150770000370,Cinisello Balsamo,0.7379158285402604,Major local road,full,0.0,45.57139631159235,9.211628724443395,dentro_sezione,0.0
2026-07-29T18:35:46+00:00,150770000370,Cinisello Balsamo,0.7379158285402604,Major local road,one_side,0.0,45.57015685476648,9.213783784528827,dentro_sezione,0.0
2026-07-29T18:35:46+00:00,150770000308,Cinisello Balsamo,0.7375002525201512,Local road,full,0.0,45.56759310544539,9.21333004495521,dentro_sezione,0.0
2026-07-29T18:35:46+00:00,150770000455,Cinisello Balsamo,0.7342939680872247,Connecting road,full,0.0,45.565241334929205,9.208139213088042,dentro_sezione,0.0
2026-07-29T18:35:46+00:00,150770000308,Cinisello Balsamo,0.7375002525201512,Connecting road,full,0.0,45.565241334929205,9.208139213088042,dentro_sezione,0.0
2026-07-29T18:35:46+00:00,150770000308,Cinisello Balsamo,0.7375002525201512,Connecting road,one_side,0.0,45.567370928132085,9.210477903628986,dentro_sezione,0.0
2026-07-29T18:35:46+00:00,150770000310,Cinisello Balsamo,0.7121097120693088,Connecting road,one_side,0.0,45.567370928132085,9.210477903628986,dentro_sezione,0.0
2026-07-29T18:35:46+00:00,150770000308,Cinisello Balsamo,0.7375002525201512,Local road,full,0.0,45.56384641423085,9.2129889677086,dentro_sezione,0.0
2026-07-29T18:35:46+00:00,150770000455,Cinisello Balsamo,0.7342939680872247,Local road,one_side,0.0,45.56390554361116,9.211470433101258,dentro_sezione,0.0
2026-07-29T18:35:46+00:00,150770000308,Cinisello Balsamo,0.7375002525201512,Local road,one_side,0.0,45.56390554361116,9.211470433101258,dentro_sezione,0.0
2026-07-29T18:35:46+00:00,151590000022,Opera,0.730949158314262,Secondary road,full,0.0,45.40169260125067,9.209300591556351,dentro_sezione,0.0
2026-07-29T18:35:46+00:00,151460002842,Milano,0.741696415945421,Secondary road,full,0.0,45.40169260125067,9.209300591556351,dentro_sezione,0.0
2026-07-29T18:35:46+00:00,151590000022,Opera,0.730949158314262,Secondary road,full,0.0,45.39231820710735,9.211039605398893,dentro_sezione,0.0
2026-07-29T18:35:46+00:00,151460002842,Milano,0.741696415945421,Secondary road,full,0.0,45.39231820710735,9.211039605398893,dentro_sezione,0.0
2026-07-29T18:35:46+00:00,151590000022,Opera,0.730949158314262,Minor local road,full,0.0,45.39381965364314,9.211481553911986,dentro_sezione,0.0
2026-07-29T18:35:46+00:00,151590000014,Opera,0.7350933747370183,Minor local road,full,0.0,45.39381965364314,9.211481553911986,dentro_sezione,0.0
2026-07-29T18:35:46+00:00,151590000013,Opera,0.7339534266263019,Minor local road,one_side,0.0,45.39336750739379,9.211614956889422,dentro_sezione,0.0
2026-07-29T18:35:46+00:00,151590000022,Opera,0.730949158314262,Minor local road,one_side,0.0,45.39336750739379,9.211614956889422,dentro_sezione,0.0
2026-07-29T18:35:46+00:00,151590000014,Opera,0.7350933747370183,Minor local road,one_side,0.0,45.39336750739379,9.211614956889422,dentro_sezione,0.0
2026-07-29T18:35:46+00:00,151460002739,Milano,0.7105830473843242,Local road,one_side,0.0,45.416399000279455,9.239352252220206,dentro_sezione,0.0
2026-07-29T18:35:46+00:00,151460002738,Milano,0.694095645975406,Local road,one_side,0.0,45.416399000279455,9.239352252220206,dentro_sezione,0.0
2026-07-29T18:35:46+00:00,151460002739,Milano,0.7105830473843242,Local road,one_side,0.0,45.41530469682335,9.241945604240724,dentro_sezione,0.0
2026-07-29T18:35:46+00:00,151460002738,Milano,0.694095645975406,Local road,one_side,0.0,45.41530469682335,9.241945604240724,dentro_sezione,0.0
2026-07-29T18:35:46+00:00,150700000003,Cernusco sul Naviglio,0.69710280023203,Connecting road,full,0.0,45.526320116081415,9.322236627355936,dentro_sezione,0.0
2026-07-29T18:35:46+00:00,150700000003,Cernusco sul Naviglio,0.69710280023203,Connecting road,one_side,0.0,45.52385482525997,9.32355774741958,dentro_sezione,0.0
2026-07-29T18:35:46+00:00,151390000001,Mediglia,0.726435540984742,Connecting road,one_side,0.0,45.40120559797648,9.320046818976916,dentro_sezione,0.0
2026-07-29T18:35:46+00:00,151390000003,Mediglia,0.7112179551928244,Major local road,full,0.0,45.40140869376171,9.325048126419558,dentro_sezione,0.0
2026-07-29T18:35:46+00:00,151390000004,Mediglia,0.7585618760948553,Major local road,full,0.0,45.40140869376171,9.325048126419558,dentro_sezione,0.0
2026-07-29T18:35:46+00:00,151390000001,Mediglia,0.726435540984742,Major local road,full,0.0,45.40140869376171,9.325048126419558,dentro_sezione,0.0
2026-07-29T18:35:46+00:00,151390000003,Mediglia,0.7112179551928244,Major local road,one_side,0.0,45.400344667152524,9.325511649512542,dentro_sezione,0.0
2026-07-29T18:35:46+00:00,151390000001,Mediglia,0.726435540984742,Major local road,one_side,0.0,45.400344667152524,9.325511649512542,dentro_sezione,0.0
2026-07-29T18:35:46+00:00,151390000001,Mediglia,0.726435540984742,Minor local road,one_side,0.0,45.4006120470024,9.322143495082855,dentro_sezione,0.0
2026-07-29T18:35:46+00:00,151390000005,Mediglia,0.7604290822407629,Minor local road,one_side,0.20999997854232788,45.39511055682533,9.32835572809166,dentro_sezione,0.0
2026-07-29T18:35:46+00:00,151390000005,Mediglia,0.7604290822407629,Connecting road,full,0.0,45.3963907308835,9.326313621966435,dentro_sezione,0.0
2026-07-29T18:35:46+00:00,151390000005,Mediglia,0.7604290822407629,Connecting road,one_side,0.0,45.39679434052438,9.32338812732594,dentro_sezione,0.0
2026-07-29T18:35:46+00:00,151390000005,Mediglia,0.7604290822407629,Local road,one_side,0.0,45.396140404746596,9.327497611614783,dentro_sezione,0.0
2026-07-29T18:35:46+00:00,151390000005,Mediglia,0.7604290822407629,Minor local road,one_side,0.0,45.39511055682532,9.328355728091656,dentro_sezione,0.0
2026-07-29T18:35:46+00:00,150700000003,Cernusco sul Naviglio,0.69710280023203,Connecting road,full,0.0,45.52576515895114,9.33486639761273,dentro_sezione,0.0
2026-07-29T18:35:46+00:00,150700000003,Cernusco sul Naviglio,0.69710280023203,Connecting road,one_side,0.0,45.524771461211785,9.331391066137858,dentro_sezione,0.0
2026-07-29T18:35:46+00:00,151390000003,Mediglia,0.7112179551928244,Major local road,full,0.0,45.40269867414756,9.332973177694676,dentro_sezione,0.0
2026-07-29T18:35:46+00:00,151390000004,Mediglia,0.7585618760948553,Major local road,full,0.0,45.40269867414756,9.332973177694676,dentro_sezione,0.0
2026-07-29T18:35:46+00:00,151390000005,Mediglia,0.7604290822407629,Major local road,one_side,0.0,45.39901575157139,9.328824437964817,dentro_sezione,0.0
2026-07-29T18:35:46+00:00,151390000005,Mediglia,0.7604290822407629,Minor local road,one_side,0.20999997854232788,45.39490806882062,9.328462980029425,dentro_sezione,0.0
2026-07-29T18:35:46+00:00,151390000005,Mediglia,0.7604290822407629,Connecting road,full,0.0,45.39638593209097,9.326481688905965,dentro_sezione,0.0
2026-07-29T18:35:46+00:00,151390000005,Mediglia,0.7604290822407629,Connecting road,one_side,0.0,45.393074928382816,9.32979317581705,dentro_sezione,0.0
2026-07-29T18:35:46+00:00,151390000006,Mediglia,0.7320891064249785,Major local road,full,0.0,45.39695368826313,9.331997118685997,dentro_sezione,0.0
2026-07-29T18:35:46+00:00,151390000005,Mediglia,0.7604290822407629,Major local road,full,0.0,45.39695368826313,9.331997118685997,dentro_sezione,0.0
2026-07-29T18:35:46+00:00,151390000006,Mediglia,0.7320891064249785,Major local road,one_side,0.0,45.39818813703475,9.330293207015123,dentro_sezione,0.0
2026-07-29T18:35:46+00:00,151390000005,Mediglia,0.7604290822407629,Major local road,one_side,0.0,45.39818813703475,9.330293207015123,dentro_sezione,0.0
2026-07-29T18:35:46+00:00,151390000006,Mediglia,0.7320891064249785,Local road,full,0.0,45.39608792001459,9.332509194682364,dentro_sezione,0.0
2026-07-29T18:35:46+00:00,151390000005,Mediglia,0.7604290822407629,Local road,full,0.0,45.39608792001459,9.332509194682364,dentro_sezione,0.0
2026-07-29T18:35:46+00:00,151390000006,Mediglia,0.7320891064249785,Local road,one_side,0.0,45.39326670139134,9.332485365519153,dentro_sezione,0.0
2026-07-29T18:35:46+00:00,151390000005,Mediglia,0.7604290822407629,Local road,one_side,0.0,45.39326670139134,9.332485365519153,dentro_sezione,0.0
2026-07-29T18:35:46+00:00,151390000006,Mediglia,0.7320891064249785,Minor local road,full,0.0,45.39522836417661,9.332302120406032,dentro_sezione,0.0
2026-07-29T18:35:46+00:00,151390000005,Mediglia,0.7604290822407629,Minor local road,full,0.0,45.39522836417661,9.332302120406032,dentro_sezione,0.0
2026-07-29T18:35:46+00:00,151390000005,Mediglia,0.7604290822407629,Minor local road,one_side,0.0,45.39519400092816,9.329671482801604,dentro_sezione,0.0
2026-07-29T18:35:46+00:00,151390000012,Mediglia,0.8052276000196243,Major local road,full,0.0,45.40192324569242,9.33925038288648,dentro_sezione,0.0
2026-07-29T18:35:46+00:00,151390000012,Mediglia,0.8052276000196243,Major local road,one_side,0.0,45.39971558766529,9.340347647666931,dentro_sezione,0.0
2026-07-29T18:35:46+00:00,151720000033,Pessano con Bornago,0.6917868903081323,Connecting road,full,0.0,45.550503057218656,9.371199885655058,dentro_sezione,0.0
2026-07-29T18:35:46+00:00,151720000033,Pessano con Bornago,0.6917868903081323,Connecting road,one_side,0.0,45.55027066137421,9.366442433084678,dentro_sezione,0.0
2026-07-29T18:35:46+00:00,151720000033,Pessano con Bornago,0.6917868903081323,Connecting road,full,0.0,45.54997239764829,9.375375151996868,dentro_sezione,0.0
2026-07-29T18:35:46+00:00,151720000033,Pessano con Bornago,0.6917868903081323,Connecting road,one_side,0.0,45.54934355939635,9.376151642930555,dentro_sezione,0.0
2026-07-29T18:35:46+00:00,151060000002,Gessate,0.7425160242073031,Secondary road,one_side,0.0,45.56467958054513,9.42994085278958,dentro_sezione,0.0
2026-07-29T18:35:46+00:00,151060000002,Gessate,0.7425160242073031,Local road,full,0.0,45.560255313571915,9.432396762804721,dentro_sezione,0.0
2026-07-29T18:35:46+00:00,151060000002,Gessate,0.7425160242073031,Local road,one_side,0.0,45.56454053580137,9.429751142185447,dentro_sezione,0.0
2026-07-29T18:35:46+00:00,151060000001,Gessate,0.6955934512145499,Secondary road,one_side,0.0,45.556528542306786,9.434336921465553,dentro_sezione,0.0
2026-07-29T18:35:46+00:00,151060000002,Gessate,0.7425160242073031,Secondary road,one_side,0.0,45.556528542306786,9.434336921465553,dentro_sezione,0.0
2026-07-29T18:35:46+00:00,151060000001,Gessate,0.6955934512145499,Connecting road,one_side,0.0,45.55590896681553,9.431484338768323,dentro_sezione,0.0
2026-07-29T18:35:46+00:00,151060000024,Gessate,0.7259449304054464,Connecting road,one_side,0.0,45.55590896681553,9.431484338768323,dentro_sezione,0.0
2026-07-29T18:35:46+00:00,151060000001,Gessate,0.6955934512145499,Major local road,one_side,0.0,45.55422279576027,9.432760444383911,dentro_sezione,0.0
2026-07-29T18:35:46+00:00,151060000002,Gessate,0.7425160242073031,Local road,full,0.0,45.560255313571915,9.432396762804721,dentro_sezione,0.0
2026-07-29T18:35:46+00:00,151060000001,Gessate,0.6955934512145499,Local road,one_side,0.0,45.555846588990775,9.43116296524165,dentro_sezione,0.0
2026-07-29T18:35:46+00:00,151060000024,Gessate,0.7259449304054464,Local road,one_side,0.0,45.555846588990775,9.43116296524165,dentro_sezione,0.0
2026-07-29T18:35:46+00:00,151060000002,Gessate,0.7425160242073031,Local road,one_side,0.0,45.555846588990775,9.43116296524165,dentro_sezione,0.0
2026-07-29T18:35:46+00:00,151780000007,Pozzuolo Martesana,0.6870828006360621,Major local road,one_side,0.0,45.5162997071174,9.452851839905524,dentro_sezione,0.0
2026-07-29T18:35:46+00:00,151780000006,Pozzuolo Martesana,0.7249463935793504,Local road,one_side,0.0,45.51383675500905,9.455127776174606,dentro_sezione,0.0
2026-07-29T18:35:46+00:00,151780000010,Pozzuolo Martesana,0.7180720735800431,Local road,one_side,0.0,45.51383675500905,9.455127776174606,dentro_sezione,0.0
2026-07-29T18:35:46+00:00,151780000006,Pozzuolo Martesana,0.7249463935793504,Local road,one_side,0.0,45.51352177880894,9.45403040996121,dentro_sezione,0.0
2026-07-29T18:35:46+00:00,151780000010,Pozzuolo Martesana,0.7180720735800431,Local road,one_side,0.0,45.51352177880894,9.45403040996121,dentro_sezione,0.0
2026-07-29T18:35:46+00:00,151780000010,Pozzuolo Martesana,0.7180720735800431,Connecting road,full,0.0,45.513599351573255,9.460939502465216,dentro_sezione,0.0
2026-07-29T18:35:46+00:00,151780000007,Pozzuolo Martesana,0.6870828006360621,Connecting road,full,0.0,45.513599351573255,9.460939502465216,dentro_sezione,0.0
2026-07-29T18:35:46+00:00,151780000010,Pozzuolo Martesana,0.7180720735800431,Connecting road,one_side,0.0,45.51563145821439,9.465520992389205,dentro_sezione,0.0
2026-07-29T18:35:46+00:00,151780000007,Pozzuolo Martesana,0.6870828006360621,Connecting road,one_side,0.0,45.51563145821439,9.465520992389205,dentro_sezione,0.0
2026-07-29T18:35:46+00:00,151780000010,Pozzuolo Martesana,0.7180720735800431,Major local road,one_side,0.0,45.51532070853119,9.459851812271916,dentro_sezione,0.0
2026-07-29T18:35:46+00:00,151780000007,Pozzuolo Martesana,0.6870828006360621,Major local road,one_side,0.0,45.51532070853119,9.459851812271916,dentro_sezione,0.0
2026-07-29T18:35:46+00:00,151780000006,Pozzuolo Martesana,0.7249463935793504,Local road,one_side,0.0,45.51362060641403,9.459314526874598,dentro_sezione,0.0
2026-07-29T18:35:46+00:00,151780000010,Pozzuolo Martesana,0.7180720735800431,Local road,one_side,0.0,45.51362060641403,9.459314526874598,dentro_sezione,0.0
2026-07-29T18:35:46+00:00,151780000010,Pozzuolo Martesana,0.7180720735800431,Connecting road,full,0.0,45.513599351573255,9.460939502465216,dentro_sezione,0.0
2026-07-29T18:35:46+00:00,151780000007,Pozzuolo Martesana,0.6870828006360621,Connecting road,full,0.0,45.513599351573255,9.460939502465216,dentro_sezione,0.0
2026-07-29T18:35:46+00:00,151780000010,Pozzuolo Martesana,0.7180720735800431,Connecting road,one_side,0.0,45.51201985358216,9.463432597695672,dentro_sezione,0.0
2026-07-29T18:35:46+00:00,151780000007,Pozzuolo Martesana,0.6870828006360621,Connecting road,one_side,0.0,45.51201985358216,9.463432597695672,dentro_sezione,0.0
2026-07-29T18:35:46+00:00,151780000010,Pozzuolo Martesana,0.7180720735800431,Major local road,one_side,0.0,45.514391786615064,9.460879607557235,dentro_sezione,0.0
2026-07-29T18:35:46+00:00,151780000007,Pozzuolo Martesana,0.6870828006360621,Major local road,one_side,0.0,45.514391786615064,9.460879607557235,dentro_sezione,0.0
2026-07-29T18:35:46+00:00,151780000006,Pozzuolo Martesana,0.7249463935793504,Local road,one_side,0.0,45.51362060641403,9.459314526874598,dentro_sezione,0.0
2026-07-29T18:35:46+00:00,151780000010,Pozzuolo Martesana,0.7180720735800431,Local road,one_side,0.0,45.51362060641403,9.459314526874598,dentro_sezione,0.0
2026-07-29T18:35:46+00:00,152240000010,Truccazzano,0.7476905228465803,Connecting road,one_side,0.0,45.463656188833134,9.475532115410585,dentro_sezione,0.0
2026-07-29T18:35:46+00:00,150590000040,Cassano d'Adda,0.8090312749814579,Connecting road,full,0.0,45.50586857074825,9.527646386145808,dentro_sezione,0.0
2026-07-29T18:35:46+00:00,150590000040,Cassano d'Adda,0.8090312749814579,Connecting road,one_side,0.0,45.506227865561726,9.526025437081474,dentro_sezione,0.0
2026-07-29T18:35:46+00:00,150590000040,Cassano d'Adda,0.8090312749814579,Connecting road,full,0.0,45.50465141333191,9.53149248144333,dentro_sezione,0.0
2026-07-29T18:35:46+00:00,150590000040,Cassano d'Adda,0.8090312749814579,Connecting road,one_side,0.0,45.50481444915567,9.530592811924295,dentro_sezione,0.0
2026-07-29T18:35:46+00:00,150990000018,Dairago,0.7297543772564479,Connecting road,one_side,0.0,45.564686052346,8.860306390456056,piu_vicino_esterno,163.7
2026-07-29T18:35:46+00:00,150770000392,Cinisello Balsamo,0.7272782368032968,Connecting road,one_side,0.0,45.57128500494079,9.209350914619835,piu_vicino_esterno,251.1
2026-07-29T18:35:46+00:00,150770000393,Cinisello Balsamo,0.714057724663571,Connecting road,one_side,0.0,45.57128500494079,9.209350914619835,piu_vicino_esterno,263.7
2026-07-29T18:41:02+00:00,151830000004,Robecchetto con Induno,0.7553527057173448,Connecting road,one_side,0.022000014781951904,45.52297511337256,8.775044939687838,dentro_sezione,0.0
2026-07-29T18:41:02+00:00,151830000005,Robecchetto con Induno,0.7359793597243346,Connecting road,one_side,0.022000014781951904,45.52297511337256,8.775044939687838,dentro_sezione,0.0
2026-07-29T18:41:02+00:00,151830000004,Robecchetto con Induno,0.7553527057173448,Connecting road,one_side,0.019999980926513672,45.52430963400192,8.772143978119097,dentro_sezione,0.0
2026-07-29T18:41:02+00:00,151830000005,Robecchetto con Induno,0.7359793597243346,Connecting road,one_side,0.019999980926513672,45.52430963400192,8.772143978119097,dentro_sezione,0.0
2026-07-29T18:41:02+00:00,151830000004,Robecchetto con Induno,0.7553527057173448,Major local road,one_side,0.0,45.52593707033944,8.774034097590642,dentro_sezione,0.0
2026-07-29T18:41:02+00:00,151830000005,Robecchetto con Induno,0.7359793597243346,Major local road,one_side,0.0,45.52593707033944,8.774034097590642,dentro_sezione,0.0
2026-07-29T18:41:02+00:00,151830000004,Robecchetto con Induno,0.7553527057173448,Local road,full,0.0,45.52665341304878,8.77813513370993,dentro_sezione,0.0
2026-07-29T18:41:02+00:00,151830000005,Robecchetto con Induno,0.7359793597243346,Local road,full,0.0,45.52665341304878,8.77813513370993,dentro_sezione,0.0
2026-07-29T18:41:02+00:00,151830000004,Robecchetto con Induno,0.7553527057173448,Local road,one_side,0.0,45.52750090024759,8.777482354636556,dentro_sezione,0.0
2026-07-29T18:41:02+00:00,151830000005,Robecchetto con Induno,0.7359793597243346,Local road,one_side,0.0,45.52750090024759,8.777482354636556,dentro_sezione,0.0
2026-07-29T18:41:02+00:00,151830000004,Robecchetto con Induno,0.7553527057173448,Minor local road,one_side,0.0,45.5246629407847,8.777006510696419,dentro_sezione,0.0
2026-07-29T18:41:02+00:00,151830000005,Robecchetto con Induno,0.7359793597243346,Minor local road,one_side,0.0,45.5246629407847,8.777006510696419,dentro_sezione,0.0
2026-07-29T18:41:02+00:00,151830000004,Robecchetto con Induno,0.7553527057173448,Connecting road,one_side,0.022000014781951904,45.52127513594969,8.777697367403958,dentro_sezione,0.0
2026-07-29T18:41:02+00:00,151830000005,Robecchetto con Induno,0.7359793597243346,Connecting road,one_side,0.022000014781951904,45.52127513594969,8.777697367403958,dentro_sezione,0.0
2026-07-29T18:41:02+00:00,151830000004,Robecchetto con Induno,0.7553527057173448,Connecting road,one_side,0.019999980926513672,45.52127531795456,8.77769623001356,dentro_sezione,0.0
2026-07-29T18:41:02+00:00,151830000005,Robecchetto con Induno,0.7359793597243346,Connecting road,one_side,0.019999980926513672,45.52127531795456,8.77769623001356,dentro_sezione,0.0
2026-07-29T18:41:02+00:00,151830000004,Robecchetto con Induno,0.7553527057173448,Major local road,one_side,0.0,45.52003006239406,8.771803302455004,dentro_sezione,0.0
2026-07-29T18:41:02+00:00,151830000004,Robecchetto con Induno,0.7553527057173448,Connecting road,one_side,0.022000014781951904,45.52138429939102,8.777471672389858,dentro_sezione,0.0
2026-07-29T18:41:02+00:00,151830000005,Robecchetto con Induno,0.7359793597243346,Connecting road,one_side,0.022000014781951904,45.52138429939102,8.777471672389858,dentro_sezione,0.0
2026-07-29T18:41:02+00:00,151830000004,Robecchetto con Induno,0.7553527057173448,Connecting road,one_side,0.019999980926513672,45.52138429939102,8.777471672389858,dentro_sezione,0.0
2026-07-29T18:41:02+00:00,151830000005,Robecchetto con Induno,0.7359793597243346,Connecting road,one_side,0.019999980926513672,45.52138429939102,8.777471672389858,dentro_sezione,0.0
2026-07-29T18:41:02+00:00,151830000005,Robecchetto con Induno,0.7359793597243346,Major local road,full,0.0,45.52572185698712,8.781758926879993,dentro_sezione,0.0
2026-07-29T18:41:02+00:00,151830000004,Robecchetto con Induno,0.7553527057173448,Major local road,one_side,0.0,45.52545606758585,8.783235613334185,dentro_sezione,0.0
2026-07-29T18:41:02+00:00,151830000005,Robecchetto con Induno,0.7359793597243346,Major local road,one_side,0.0,45.52545606758585,8.783235613334185,dentro_sezione,0.0
2026-07-29T18:41:02+00:00,151830000004,Robecchetto con Induno,0.7553527057173448,Local road,full,0.0,45.52665017246545,8.778138354718036,dentro_sezione,0.0
2026-07-29T18:41:02+00:00,151830000005,Robecchetto con Induno,0.7359793597243346,Local road,full,0.0,45.52665017246545,8.778138354718036,dentro_sezione,0.0
2026-07-29T18:41:02+00:00,151830000004,Robecchetto con Induno,0.7553527057173448,Local road,one_side,0.0,45.52614843665075,8.779160738634744,dentro_sezione,0.0
2026-07-29T18:41:02+00:00,151830000005,Robecchetto con Induno,0.7359793597243346,Local road,one_side,0.0,45.52614843665075,8.779160738634744,dentro_sezione,0.0
2026-07-29T18:41:02+00:00,151830000004,Robecchetto con Induno,0.7553527057173448,Minor local road,one_side,0.0,45.524831941765086,8.777906603428388,dentro_sezione,0.0
2026-07-29T18:41:02+00:00,151830000005,Robecchetto con Induno,0.7359793597243346,Minor local road,one_side,0.0,45.524831941765086,8.777906603428388,dentro_sezione,0.0
2026-07-29T18:41:02+00:00,151830000004,Robecchetto con Induno,0.7553527057173448,Connecting road,one_side,0.11500000953674316,45.514767439361535,8.78093221662328,dentro_sezione,0.0
2026-07-29T18:41:02+00:00,151830000004,Robecchetto con Induno,0.7553527057173448,Connecting road,one_side,0.07899999618530273,45.51500790823353,8.780879796678562,dentro_sezione,0.0
2026-07-29T18:41:02+00:00,151830000004,Robecchetto con Induno,0.7553527057173448,Connecting road,one_side,0.022000014781951904,45.51940990986347,8.779451799814872,dentro_sezione,0.0
2026-07-29T18:41:02+00:00,151830000005,Robecchetto con Induno,0.7359793597243346,Connecting road,one_side,0.022000014781951904,45.51940990986347,8.779451799814872,dentro_sezione,0.0
2026-07-29T18:41:02+00:00,151830000004,Robecchetto con Induno,0.7553527057173448,Connecting road,one_side,0.019999980926513672,45.51961521008448,8.779372786390145,dentro_sezione,0.0
2026-07-29T18:41:02+00:00,151830000005,Robecchetto con Induno,0.7359793597243346,Connecting road,one_side,0.019999980926513672,45.51961521008448,8.779372786390145,dentro_sezione,0.0
2026-07-29T18:41:02+00:00,151830000004,Robecchetto con Induno,0.7553527057173448,Major local road,one_side,0.0,45.52129064980628,8.777203055737562,dentro_sezione,0.0
2026-07-29T18:41:02+00:00,150990000004,Dairago,0.7676872328697544,Connecting road,one_side,0.0,45.559969756077514,8.855855576146451,dentro_sezione,0.0
2026-07-29T18:41:02+00:00,150990000005,Dairago,0.7542589327199739,Connecting road,one_side,0.0,45.559969756077514,8.855855576146451,dentro_sezione,0.0
2026-07-29T18:41:02+00:00,150990000006,Dairago,0.7709685518618672,Secondary road,one_side,0.7339999973773956,45.577741311180816,8.860052659197983,dentro_sezione,0.0
2026-07-29T18:41:02+00:00,150990000006,Dairago,0.7709685518618672,Secondary road,one_side,0.6890000104904175,45.5777463162237,8.860049850307782,dentro_sezione,0.0
2026-07-29T18:41:02+00:00,150990000006,Dairago,0.7709685518618672,Secondary road,one_side,0.05699998140335083,45.57550377845801,8.861572145141743,dentro_sezione,0.0
2026-07-29T18:41:02+00:00,150990000006,Dairago,0.7709685518618672,Secondary road,one_side,0.0,45.58104568913294,8.857076207528335,dentro_sezione,0.0
2026-07-29T18:41:02+00:00,150990000006,Dairago,0.7709685518618672,Secondary road,one_side,0.7339999973773956,45.576266444336554,8.861078712573057,dentro_sezione,0.0
2026-07-29T18:41:02+00:00,150990000006,Dairago,0.7709685518618672,Secondary road,one_side,0.6890000104904175,45.576270458340744,8.861078470945358,dentro_sezione,0.0
2026-07-29T18:41:02+00:00,150990000006,Dairago,0.7709685518618672,Secondary road,full,0.20899999141693115,45.57379030956311,8.862627446651459,dentro_sezione,0.0
2026-07-29T18:41:02+00:00,150990000005,Dairago,0.7542589327199739,Secondary road,one_side,0.20899999141693115,45.570433449813656,8.864192014930888,dentro_sezione,0.0
2026-07-29T18:41:02+00:00,150990000001,Dairago,0.7159220448648945,Secondary road,one_side,0.20899999141693115,45.570433449813656,8.864192014930888,dentro_sezione,0.0
2026-07-29T18:41:02+00:00,150990000002,Dairago,0.6942688026504515,Secondary road,one_side,0.20899999141693115,45.570433449813656,8.864192014930888,dentro_sezione,0.0
2026-07-29T18:41:02+00:00,150990000006,Dairago,0.7709685518618672,Secondary road,one_side,0.20899999141693115,45.570433449813656,8.864192014930888,dentro_sezione,0.0
2026-07-29T18:41:02+00:00,150990000006,Dairago,0.7709685518618672,Secondary road,full,0.05699998140335083,45.574130222271364,8.862384773534133,dentro_sezione,0.0
2026-07-29T18:41:02+00:00,150990000006,Dairago,0.7709685518618672,Secondary road,one_side,0.05699998140335083,45.5752231718279,8.861740512995713,dentro_sezione,0.0
2026-07-29T18:41:02+00:00,150990000006,Dairago,0.7709685518618672,Secondary road,full,0.0,45.57396998798928,8.86251128068678,dentro_sezione,0.0
2026-07-29T18:41:02+00:00,150990000005,Dairago,0.7542589327199739,Secondary road,one_side,0.0,45.57155625802089,8.863616983229567,dentro_sezione,0.0
2026-07-29T18:41:02+00:00,150990000001,Dairago,0.7159220448648945,Secondary road,one_side,0.0,45.57155625802089,8.863616983229567,dentro_sezione,0.0
2026-07-29T18:41:02+00:00,150990000002,Dairago,0.6942688026504515,Secondary road,one_side,0.0,45.57155625802089,8.863616983229567,dentro_sezione,0.0
2026-07-29T18:41:02+00:00,150990000006,Dairago,0.7709685518618672,Secondary road,one_side,0.0,45.57155625802089,8.863616983229567,dentro_sezione,0.0
2026-07-29T18:41:02+00:00,150990000005,Dairago,0.7542589327199739,Connecting road,one_side,0.0,45.56869535247887,8.862106087174277,dentro_sezione,0.0
2026-07-29T18:41:02+00:00,150990000001,Dairago,0.7159220448648945,Connecting road,one_side,0.0,45.56869535247887,8.862106087174277,dentro_sezione,0.0
2026-07-29T18:41:02+00:00,150990000002,Dairago,0.6942688026504515,Connecting road,one_side,0.0,45.56869535247887,8.862106087174277,dentro_sezione,0.0
2026-07-29T18:41:02+00:00,150990000006,Dairago,0.7709685518618672,Connecting road,one_side,0.0,45.56869535247887,8.862106087174277,dentro_sezione,0.0
2026-07-29T18:41:02+00:00,150990000005,Dairago,0.7542589327199739,Local road,full,0.0,45.57115044782316,8.861418408582644,dentro_sezione,0.0
2026-07-29T18:41:02+00:00,150990000006,Dairago,0.7709685518618672,Local road,full,0.0,45.57115044782316,8.861418408582644,dentro_sezione,0.0
2026-07-29T18:41:02+00:00,150990000005,Dairago,0.7542589327199739,Local road,one_side,0.0,45.57092412688219,8.861752614264068,dentro_sezione,0.0
2026-07-29T18:41:02+00:00,150990000006,Dairago,0.7709685518618672,Local road,one_side,0.0,45.57092412688219,8.861752614264068,dentro_sezione,0.0
2026-07-29T18:41:02+00:00,150990000006,Dairago,0.7709685518618672,Minor local road,full,0.0,45.57390108315492,8.862335085868835,dentro_sezione,0.0
2026-07-29T18:41:02+00:00,150990000006,Dairago,0.7709685518618672,Minor local road,one_side,0.0,45.57342910946712,8.861447226380976,dentro_sezione,0.0
2026-07-29T18:41:02+00:00,150990000004,Dairago,0.7676872328697544,Secondary road,one_side,0.20899999141693115,45.56754907344413,8.865468281462599,dentro_sezione,0.0
2026-07-29T18:41:02+00:00,150990000001,Dairago,0.7159220448648945,Secondary road,one_side,0.20899999141693115,45.56754907344413,8.865468281462599,dentro_sezione,0.0
2026-07-29T18:41:02+00:00,150990000002,Dairago,0.6942688026504515,Secondary road,one_side,0.20899999141693115,45.56754907344413,8.865468281462599,dentro_sezione,0.0
2026-07-29T18:41:02+00:00,150990000004,Dairago,0.7676872328697544,Secondary road,one_side,0.0,45.565675664297586,8.866151684405883,dentro_sezione,0.0
2026-07-29T18:41:02+00:00,150990000001,Dairago,0.7159220448648945,Secondary road,one_side,0.0,45.565675664297586,8.866151684405883,dentro_sezione,0.0
2026-07-29T18:41:02+00:00,150990000002,Dairago,0.6942688026504515,Secondary road,one_side,0.0,45.565675664297586,8.866151684405883,dentro_sezione,0.0
2026-07-29T18:41:02+00:00,150990000004,Dairago,0.7676872328697544,Connecting road,full,0.0,45.56559331224461,8.864327222945509,dentro_sezione,0.0
2026-07-29T18:41:02+00:00,150990000005,Dairago,0.7542589327199739,Connecting road,full,0.0,45.56559331224461,8.864327222945509,dentro_sezione,0.0
2026-07-29T18:41:02+00:00,150990000001,Dairago,0.7159220448648945,Connecting road,full,0.0,45.56559331224461,8.864327222945509,dentro_sezione,0.0
2026-07-29T18:41:02+00:00,150990000002,Dairago,0.6942688026504515,Connecting road,full,0.0,45.56559331224461,8.864327222945509,dentro_sezione,0.0
2026-07-29T18:41:02+00:00,150990000004,Dairago,0.7676872328697544,Connecting road,one_side,0.0,45.564686052346,8.860306390456056,dentro_sezione,0.0
2026-07-29T18:41:02+00:00,150990000005,Dairago,0.7542589327199739,Connecting road,one_side,0.0,45.564686052346,8.860306390456056,dentro_sezione,0.0
2026-07-29T18:41:02+00:00,150990000001,Dairago,0.7159220448648945,Connecting road,one_side,0.0,45.564686052346,8.860306390456056,dentro_sezione,0.0
2026-07-29T18:41:02+00:00,150990000002,Dairago,0.6942688026504515,Connecting road,one_side,0.0,45.564686052346,8.860306390456056,dentro_sezione,0.0
2026-07-29T18:41:02+00:00,150990000004,Dairago,0.7676872328697544,Major local road,one_side,0.0,45.563239021472114,8.860581830730837,dentro_sezione,0.0
2026-07-29T18:41:02+00:00,150990000005,Dairago,0.7542589327199739,Major local road,one_side,0.0,45.563239021472114,8.860581830730837,dentro_sezione,0.0
2026-07-29T18:41:02+00:00,150990000001,Dairago,0.7159220448648945,Secondary road,one_side,0.20899999141693115,45.56793643860762,8.865308032085537,dentro_sezione,0.0
2026-07-29T18:41:02+00:00,150990000002,Dairago,0.6942688026504515,Secondary road,one_side,0.20899999141693115,45.56793643860762,8.865308032085537,dentro_sezione,0.0
2026-07-29T18:41:02+00:00,150990000001,Dairago,0.7159220448648945,Secondary road,one_side,0.0,45.56793608713956,8.865307163391256,dentro_sezione,0.0
2026-07-29T18:41:02+00:00,150990000002,Dairago,0.6942688026504515,Secondary road,one_side,0.0,45.56793608713956,8.865307163391256,dentro_sezione,0.0
2026-07-29T18:41:02+00:00,150990000004,Dairago,0.7676872328697544,Secondary road,one_side,0.20899999141693115,45.56754869645032,8.86546906182961,dentro_sezione,0.0
2026-07-29T18:41:02+00:00,150990000001,Dairago,0.7159220448648945,Secondary road,one_side,0.20899999141693115,45.56754869645032,8.86546906182961,dentro_sezione,0.0
2026-07-29T18:41:02+00:00,150990000002,Dairago,0.6942688026504515,Secondary road,one_side,0.20899999141693115,45.56754869645032,8.86546906182961,dentro_sezione,0.0
2026-07-29T18:41:02+00:00,150990000004,Dairago,0.7676872328697544,Secondary road,one_side,0.0,45.56350375152398,8.867135362175203,dentro_sezione,0.0
2026-07-29T18:41:02+00:00,150990000001,Dairago,0.7159220448648945,Secondary road,one_side,0.0,45.56350375152398,8.867135362175203,dentro_sezione,0.0
2026-07-29T18:41:02+00:00,150990000002,Dairago,0.6942688026504515,Secondary road,one_side,0.0,45.56350375152398,8.867135362175203,dentro_sezione,0.0
2026-07-29T18:41:02+00:00,150990000004,Dairago,0.7676872328697544,Connecting road,full,0.0,45.566236844428026,8.865384249111933,dentro_sezione,0.0
2026-07-29T18:41:02+00:00,150990000001,Dairago,0.7159220448648945,Connecting road,full,0.0,45.566236844428026,8.865384249111933,dentro_sezione,0.0
2026-07-29T18:41:02+00:00,150990000002,Dairago,0.6942688026504515,Connecting road,full,0.0,45.566236844428026,8.865384249111933,dentro_sezione,0.0
2026-07-29T18:41:02+00:00,150990000004,Dairago,0.7676872328697544,Connecting road,one_side,0.0,45.565772277047955,8.87122243071949,dentro_sezione,0.0
2026-07-29T18:41:02+00:00,150990000001,Dairago,0.7159220448648945,Connecting road,one_side,0.0,45.565772277047955,8.87122243071949,dentro_sezione,0.0
2026-07-29T18:41:02+00:00,150990000002,Dairago,0.6942688026504515,Connecting road,one_side,0.0,45.565772277047955,8.87122243071949,dentro_sezione,0.0
2026-07-29T18:41:02+00:00,151840000003,Robecco sul Naviglio,0.7196016242096119,Secondary road,full,0.0,45.43738004527872,8.884716475393938,dentro_sezione,0.0
2026-07-29T18:41:02+00:00,151840000006,Robecco sul Naviglio,0.7230185825971769,Secondary road,full,0.0,45.43738004527872,8.884716475393938,dentro_sezione,0.0
2026-07-29T18:41:02+00:00,151840000004,Robecco sul Naviglio,0.7107590900039538,Secondary road,full,0.0,45.43738004527872,8.884716475393938,dentro_sezione,0.0
2026-07-29T18:41:02+00:00,151840000006,Robecco sul Naviglio,0.7230185825971769,Secondary road,one_side,0.0,45.441021454681305,8.886726811167174,dentro_sezione,0.0
2026-07-29T18:41:02+00:00,151840000004,Robecco sul Naviglio,0.7107590900039538,Secondary road,one_side,0.0,45.441021454681305,8.886726811167174,dentro_sezione,0.0
2026-07-29T18:41:02+00:00,151840000004,Robecco sul Naviglio,0.7107590900039538,Connecting road,one_side,0.0,45.44215302778418,8.881694311544635,dentro_sezione,0.0
2026-07-29T18:41:02+00:00,151840000008,Robecco sul Naviglio,0.7257111688941349,Connecting road,one_side,0.0,45.44215302778418,8.881694311544635,dentro_sezione,0.0
2026-07-29T18:41:02+00:00,151840000008,Robecco sul Naviglio,0.7257111688941349,Minor local road,one_side,0.0,45.44305633774382,8.87880615453956,dentro_sezione,0.0
2026-07-29T18:41:02+00:00,151840000003,Robecco sul Naviglio,0.7196016242096119,Secondary road,full,0.0,45.436020247875916,8.88427360275287,dentro_sezione,0.0
2026-07-29T18:41:02+00:00,151840000006,Robecco sul Naviglio,0.7230185825971769,Secondary road,full,0.0,45.436020247875916,8.88427360275287,dentro_sezione,0.0
2026-07-29T18:41:02+00:00,151840000004,Robecco sul Naviglio,0.7107590900039538,Secondary road,full,0.0,45.436020247875916,8.88427360275287,dentro_sezione,0.0
2026-07-29T18:41:02+00:00,151840000003,Robecco sul Naviglio,0.7196016242096119,Secondary road,one_side,0.0,45.432741752237355,8.885387574658592,dentro_sezione,0.0
2026-07-29T18:41:02+00:00,151840000006,Robecco sul Naviglio,0.7230185825971769,Secondary road,one_side,0.0,45.432741752237355,8.885387574658592,dentro_sezione,0.0
2026-07-29T18:41:02+00:00,151840000004,Robecco sul Naviglio,0.7107590900039538,Secondary road,one_side,0.0,45.432741752237355,8.885387574658592,dentro_sezione,0.0
2026-07-29T18:41:02+00:00,151840000003,Robecco sul Naviglio,0.7196016242096119,Connecting road,full,0.0,45.434818033444905,8.888212023960996,dentro_sezione,0.0
2026-07-29T18:41:02+00:00,151840000004,Robecco sul Naviglio,0.7107590900039538,Connecting road,full,0.0,45.434818033444905,8.888212023960996,dentro_sezione,0.0
2026-07-29T18:41:02+00:00,151840000003,Robecco sul Naviglio,0.7196016242096119,Connecting road,one_side,0.0,45.43218495639539,8.879627085051737,dentro_sezione,0.0
2026-07-29T18:41:02+00:00,151840000006,Robecco sul Naviglio,0.7230185825971769,Connecting road,one_side,0.0,45.43218495639539,8.879627085051737,dentro_sezione,0.0
2026-07-29T18:41:02+00:00,150410000011,Busto Garolfo,0.7031690557477914,Local road,one_side,0.48799997568130493,45.544972559851566,8.890237233490335,dentro_sezione,0.0
2026-07-29T18:41:02+00:00,150410000011,Busto Garolfo,0.7031690557477914,Major local road,one_side,0.0,45.547462481839126,8.892937891739695,dentro_sezione,0.0
2026-07-29T18:41:02+00:00,150410000011,Busto Garolfo,0.7031690557477914,Local road,one_side,0.0,45.54893945265665,8.888579923563244,dentro_sezione,0.0
2026-07-29T18:41:02+00:00,150410000011,Busto Garolfo,0.7031690557477914,Local road,one_side,0.48799997568130493,45.54407600412062,8.890929616471169,dentro_sezione,0.0
2026-07-29T18:41:02+00:00,150410000011,Busto Garolfo,0.7031690557477914,Connecting road,one_side,0.0,45.54197439189159,8.89465136982906,dentro_sezione,0.0
2026-07-29T18:41:02+00:00,150410000011,Busto Garolfo,0.7031690557477914,Major local road,one_side,0.0,45.544562915692,8.895608895264767,dentro_sezione,0.0
2026-07-29T18:41:02+00:00,150410000011,Busto Garolfo,0.7031690557477914,Local road,one_side,0.0,45.54049505829869,8.891599000579392,dentro_sezione,0.0
2026-07-29T18:41:02+00:00,151840000003,Robecco sul Naviglio,0.7196016242096119,Secondary road,full,0.0,45.43673429376078,8.88704731701488,dentro_sezione,0.0
2026-07-29T18:41:02+00:00,151840000004,Robecco sul Naviglio,0.7107590900039538,Secondary road,full,0.0,45.43673429376078,8.88704731701488,dentro_sezione,0.0
2026-07-29T18:41:02+00:00,151840000004,Robecco sul Naviglio,0.7107590900039538,Secondary road,one_side,0.0,45.44129080099548,8.887639896752052,dentro_sezione,0.0
2026-07-29T18:41:02+00:00,151840000003,Robecco sul Naviglio,0.7196016242096119,Secondary road,full,0.0,45.43465511634912,8.88814045588459,dentro_sezione,0.0
2026-07-29T18:41:02+00:00,151840000004,Robecco sul Naviglio,0.7107590900039538,Secondary road,full,0.0,45.43465511634912,8.88814045588459,dentro_sezione,0.0
2026-07-29T18:41:02+00:00,151840000003,Robecco sul Naviglio,0.7196016242096119,Connecting road,full,0.0,45.433208070156475,8.889242619884701,dentro_sezione,0.0
2026-07-29T18:41:02+00:00,151840000004,Robecco sul Naviglio,0.7107590900039538,Connecting road,full,0.0,45.433208070156475,8.889242619884701,dentro_sezione,0.0
2026-07-29T18:41:02+00:00,150720000017,Cerro Maggiore,0.6999223680906879,Secondary road,one_side,0.0,45.59469927159379,8.956787134794192,dentro_sezione,0.0
2026-07-29T18:41:02+00:00,150720000017,Cerro Maggiore,0.6999223680906879,Secondary road,full,0.0,45.58848035915598,8.9642983740158,dentro_sezione,0.0
2026-07-29T18:41:02+00:00,150720000017,Cerro Maggiore,0.6999223680906879,Secondary road,one_side,0.0,45.59053028893129,8.961361051470247,dentro_sezione,0.0
2026-07-29T18:41:02+00:00,150720000017,Cerro Maggiore,0.6999223680906879,Major local road,one_side,0.0,45.58829146872337,8.959288092130175,dentro_sezione,0.0
2026-07-29T18:41:02+00:00,150720000017,Cerro Maggiore,0.6999223680906879,Secondary road,full,0.0,45.58756210472569,8.966193376164924,dentro_sezione,0.0
2026-07-29T18:41:02+00:00,150720000017,Cerro Maggiore,0.6999223680906879,Secondary road,one_side,0.0,45.58536762844651,8.971044060006122,dentro_sezione,0.0
2026-07-29T18:41:02+00:00,150720000017,Cerro Maggiore,0.6999223680906879,Connecting road,one_side,0.0,45.58803245184286,8.973497377206987,dentro_sezione,0.0
2026-07-29T18:41:02+00:00,150220000001,Besate,0.8066359409766615,Secondary road,full,0.0,45.31397405974819,8.970680438795323,dentro_sezione,0.0
2026-07-29T18:41:02+00:00,150220000002,Besate,0.8457837792598706,Secondary road,full,0.0,45.31397405974819,8.970680438795323,dentro_sezione,0.0
2026-07-29T18:41:02+00:00,150220000001,Besate,0.8066359409766615,Secondary road,one_side,0.0,45.31693428516195,8.970520214464711,dentro_sezione,0.0
2026-07-29T18:41:02+00:00,150220000002,Besate,0.8457837792598706,Secondary road,one_side,0.0,45.31693428516195,8.970520214464711,dentro_sezione,0.0
2026-07-29T18:41:02+00:00,150220000001,Besate,0.8066359409766615,Secondary road,full,0.0,45.31230807897691,8.970803137994647,dentro_sezione,0.0
2026-07-29T18:41:02+00:00,150220000002,Besate,0.8457837792598706,Secondary road,full,0.0,45.31230807897691,8.970803137994647,dentro_sezione,0.0
2026-07-29T18:41:02+00:00,150220000001,Besate,0.8066359409766615,Secondary road,one_side,0.0,45.30850050611067,8.971050499191625,dentro_sezione,0.0
2026-07-29T18:41:02+00:00,150220000002,Besate,0.8457837792598706,Secondary road,one_side,0.0,45.30850050611067,8.971050499191625,dentro_sezione,0.0
2026-07-29T18:41:02+00:00,150220000002,Besate,0.8457837792598706,Connecting road,one_side,0.0,45.31011677645614,8.97243897841263,dentro_sezione,0.0
2026-07-29T18:41:02+00:00,151030000093,Gaggiano,0.7171341415902132,Connecting road,full,0.0,45.37753558005545,9.02820117450363,dentro_sezione,0.0
2026-07-29T18:41:02+00:00,151030000093,Gaggiano,0.7171341415902132,Connecting road,one_side,0.0,45.37922478434031,9.025526004065227,dentro_sezione,0.0
2026-07-29T18:41:02+00:00,152360000001,Vernate,0.7404237143838364,Major road,full,0.0,45.33115422928388,9.051982675890759,dentro_sezione,0.0
2026-07-29T18:41:02+00:00,152360000001,Vernate,0.7404237143838364,Major road,one_side,0.0,45.333667378972784,9.04899330877629,dentro_sezione,0.0
2026-07-29T18:41:02+00:00,152360000001,Vernate,0.7404237143838364,Secondary road,full,0.0,45.33085582197837,9.05174506782142,dentro_sezione,0.0
2026-07-29T18:41:02+00:00,152360000001,Vernate,0.7404237143838364,Secondary road,one_side,0.0,45.3294711922926,9.049540764120502,dentro_sezione,0.0
2026-07-29T18:41:02+00:00,152360000004,Vernate,0.7248915606322527,Connecting road,full,0.0,45.31713370461864,9.060332435953853,dentro_sezione,0.0
2026-07-29T18:41:02+00:00,152360000004,Vernate,0.7248915606322527,Connecting road,one_side,0.0,45.31685556517416,9.058201381824388,dentro_sezione,0.0
2026-07-29T18:41:02+00:00,150270000044,Bollate,0.7092237674852166,Connecting road,full,0.0,45.551101576535864,9.141299958119559,dentro_sezione,0.0
2026-07-29T18:41:02+00:00,150270000044,Bollate,0.7092237674852166,Connecting road,one_side,0.0,45.54765211863531,9.13664998664483,dentro_sezione,0.0
2026-07-29T18:41:02+00:00,150270000044,Bollate,0.7092237674852166,Local road,full,0.0,45.5486136227763,9.137978497546188,dentro_sezione,0.0
2026-07-29T18:41:02+00:00,150270000044,Bollate,0.7092237674852166,Local road,one_side,0.0,45.54824986471238,9.135017346615326,dentro_sezione,0.0
2026-07-29T18:41:02+00:00,150270000046,Bollate,0.7233042911110021,Motorway,full,0.0,45.548637494915916,9.147269678190169,dentro_sezione,0.0
2026-07-29T18:41:02+00:00,150270000046,Bollate,0.7233042911110021,Secondary road,full,0.0,45.55070810723628,9.146664038825996,dentro_sezione,0.0
2026-07-29T18:41:02+00:00,150270000044,Bollate,0.7092237674852166,Connecting road,full,0.0,45.55017918548694,9.146031515963527,dentro_sezione,0.0
2026-07-29T18:41:02+00:00,150270000046,Bollate,0.7233042911110021,Connecting road,one_side,0.0,45.54844611685997,9.144391397351994,dentro_sezione,0.0
2026-07-29T18:41:02+00:00,150270000044,Bollate,0.7092237674852166,Connecting road,one_side,0.0,45.54844611685997,9.144391397351994,dentro_sezione,0.0
2026-07-29T18:41:02+00:00,150270000046,Bollate,0.7233042911110021,Major local road,one_side,0.0,45.547104666833036,9.147278688778757,dentro_sezione,0.0
2026-07-29T18:41:02+00:00,150270000044,Bollate,0.7092237674852166,Local road,full,0.0,45.549132817135515,9.14128879881228,dentro_sezione,0.0
2026-07-29T18:41:02+00:00,150270000044,Bollate,0.7092237674852166,Local road,one_side,0.0,45.55087472061718,9.140988204592569,dentro_sezione,0.0
2026-07-29T18:41:02+00:00,151660000079,Paderno Dugnano,0.7118644067796609,Major local road,full,0.0,45.571088708927974,9.156967452984189,dentro_sezione,0.0
2026-07-29T18:41:02+00:00,151660000079,Paderno Dugnano,0.7118644067796609,Major local road,one_side,0.0,45.57115547810489,9.15556725583581,dentro_sezione,0.0
2026-07-29T18:41:02+00:00,151660000079,Paderno Dugnano,0.7118644067796609,Local road,one_side,0.0,45.5697584120831,9.154184216067337,dentro_sezione,0.0
2026-07-29T18:41:02+00:00,151660000079,Paderno Dugnano,0.7118644067796609,Minor local road,full,0.0,45.569569956181454,9.157563682162007,dentro_sezione,0.0
2026-07-29T18:41:02+00:00,151660000079,Paderno Dugnano,0.7118644067796609,Major local road,full,0.0,45.56765660396396,9.16061173142433,dentro_sezione,0.0
2026-07-29T18:41:02+00:00,150770000455,Cinisello Balsamo,0.7342939680872247,Connecting road,full,0.0,45.5628198241358,9.20016664943403,dentro_sezione,0.0
2026-07-29T18:41:02+00:00,150770000308,Cinisello Balsamo,0.7375002525201512,Connecting road,full,0.0,45.5628198241358,9.20016664943403,dentro_sezione,0.0
2026-07-29T18:41:02+00:00,150770000455,Cinisello Balsamo,0.7342939680872247,Local road,one_side,0.0,45.56207030894774,9.204732755630442,dentro_sezione,0.0
2026-07-29T18:41:02+00:00,150770000370,Cinisello Balsamo,0.7379158285402604,Major local road,one_side,0.12300002574920654,45.57088853270369,9.21266910696619,dentro_sezione,0.0
2026-07-29T18:41:02+00:00,150770000308,Cinisello Balsamo,0.7375002525201512,Connecting road,one_side,0.0,45.57128500494079,9.209350914619835,dentro_sezione,0.0
2026-07-29T18:41:02+00:00,150770000310,Cinisello Balsamo,0.7121097120693088,Connecting road,one_side,0.0,45.57128500494079,9.209350914619835,dentro_sezione,0.0
2026-07-29T18:41:02+00:00,150770000370,Cinisello Balsamo,0.7379158285402604,Connecting road,one_side,0.0,45.57128500494079,9.209350914619835,dentro_sezione,0.0
2026-07-29T18:41:02+00:00,150770000370,Cinisello Balsamo,0.7379158285402604,Major local road,full,0.0,45.57156966721451,9.211245054264982,dentro_sezione,0.0
2026-07-29T18:41:02+00:00,150770000370,Cinisello Balsamo,0.7379158285402604,Major local road,one_side,0.0,45.56969350789178,9.21448967210412,dentro_sezione,0.0
2026-07-29T18:41:02+00:00,150770000308,Cinisello Balsamo,0.7375002525201512,Local road,full,0.0,45.56759310544539,9.21333004495521,dentro_sezione,0.0
2026-07-29T18:41:02+00:00,150770000455,Cinisello Balsamo,0.7342939680872247,Connecting road,full,0.0,45.565241334929205,9.208139213088042,dentro_sezione,0.0
2026-07-29T18:41:02+00:00,150770000308,Cinisello Balsamo,0.7375002525201512,Connecting road,full,0.0,45.565241334929205,9.208139213088042,dentro_sezione,0.0
2026-07-29T18:41:02+00:00,150770000308,Cinisello Balsamo,0.7375002525201512,Connecting road,one_side,0.0,45.567370928132085,9.210477903628986,dentro_sezione,0.0
2026-07-29T18:41:02+00:00,150770000310,Cinisello Balsamo,0.7121097120693088,Connecting road,one_side,0.0,45.567370928132085,9.210477903628986,dentro_sezione,0.0
2026-07-29T18:41:02+00:00,150770000308,Cinisello Balsamo,0.7375002525201512,Local road,full,0.0,45.56384641423085,9.2129889677086,dentro_sezione,0.0
2026-07-29T18:41:02+00:00,150770000455,Cinisello Balsamo,0.7342939680872247,Local road,one_side,0.0,45.56390554361116,9.211470433101258,dentro_sezione,0.0
2026-07-29T18:41:02+00:00,150770000308,Cinisello Balsamo,0.7375002525201512,Local road,one_side,0.0,45.56390554361116,9.211470433101258,dentro_sezione,0.0
2026-07-29T18:41:02+00:00,151590000022,Opera,0.730949158314262,Secondary road,full,0.0,45.40169260125067,9.209300591556351,dentro_sezione,0.0
2026-07-29T18:41:02+00:00,151460002842,Milano,0.741696415945421,Secondary road,full,0.0,45.40169260125067,9.209300591556351,dentro_sezione,0.0
2026-07-29T18:41:02+00:00,151590000022,Opera,0.730949158314262,Secondary road,full,0.0,45.39225546547591,9.211072481355576,dentro_sezione,0.0
2026-07-29T18:41:02+00:00,151460002842,Milano,0.741696415945421,Secondary road,full,0.0,45.39225546547591,9.211072481355576,dentro_sezione,0.0
2026-07-29T18:41:02+00:00,151590000022,Opera,0.730949158314262,Minor local road,full,0.0,45.39381965364314,9.211481553911986,dentro_sezione,0.0
2026-07-29T18:41:02+00:00,151590000014,Opera,0.7350933747370183,Minor local road,full,0.0,45.39381965364314,9.211481553911986,dentro_sezione,0.0
2026-07-29T18:41:02+00:00,151590000013,Opera,0.7339534266263019,Minor local road,one_side,0.0,45.39336750739379,9.211614956889422,dentro_sezione,0.0
2026-07-29T18:41:02+00:00,151590000022,Opera,0.730949158314262,Minor local road,one_side,0.0,45.39336750739379,9.211614956889422,dentro_sezione,0.0
2026-07-29T18:41:02+00:00,151590000014,Opera,0.7350933747370183,Minor local road,one_side,0.0,45.39336750739379,9.211614956889422,dentro_sezione,0.0
2026-07-29T18:41:02+00:00,151460002739,Milano,0.7105830473843242,Local road,one_side,0.0,45.416399000279455,9.239352252220206,dentro_sezione,0.0
2026-07-29T18:41:02+00:00,151460002738,Milano,0.694095645975406,Local road,one_side,0.0,45.416399000279455,9.239352252220206,dentro_sezione,0.0
2026-07-29T18:41:02+00:00,151460002739,Milano,0.7105830473843242,Local road,one_side,0.0,45.41530469682335,9.241945604240724,dentro_sezione,0.0
2026-07-29T18:41:02+00:00,151460002738,Milano,0.694095645975406,Local road,one_side,0.0,45.41530469682335,9.241945604240724,dentro_sezione,0.0
2026-07-29T18:41:02+00:00,150700000003,Cernusco sul Naviglio,0.69710280023203,Connecting road,full,0.0,45.526320116081415,9.322236627355936,dentro_sezione,0.0
2026-07-29T18:41:02+00:00,150700000003,Cernusco sul Naviglio,0.69710280023203,Connecting road,one_side,0.0,45.52385482525997,9.32355774741958,dentro_sezione,0.0
2026-07-29T18:41:02+00:00,151390000001,Mediglia,0.726435540984742,Connecting road,one_side,0.0,45.40120559797648,9.320046818976916,dentro_sezione,0.0
2026-07-29T18:41:02+00:00,151390000003,Mediglia,0.7112179551928244,Major local road,full,0.0,45.40140869376171,9.325048126419558,dentro_sezione,0.0
2026-07-29T18:41:02+00:00,151390000004,Mediglia,0.7585618760948553,Major local road,full,0.0,45.40140869376171,9.325048126419558,dentro_sezione,0.0
2026-07-29T18:41:02+00:00,151390000001,Mediglia,0.726435540984742,Major local road,full,0.0,45.40140869376171,9.325048126419558,dentro_sezione,0.0
2026-07-29T18:41:02+00:00,151390000003,Mediglia,0.7112179551928244,Major local road,one_side,0.0,45.400344667152524,9.325511649512542,dentro_sezione,0.0
2026-07-29T18:41:02+00:00,151390000001,Mediglia,0.726435540984742,Major local road,one_side,0.0,45.400344667152524,9.325511649512542,dentro_sezione,0.0
2026-07-29T18:41:02+00:00,151390000001,Mediglia,0.726435540984742,Minor local road,one_side,0.0,45.4006120470024,9.322143495082855,dentro_sezione,0.0
2026-07-29T18:41:02+00:00,151390000005,Mediglia,0.7604290822407629,Connecting road,full,0.0,45.3963907308835,9.326313621966435,dentro_sezione,0.0
2026-07-29T18:41:02+00:00,151390000005,Mediglia,0.7604290822407629,Connecting road,one_side,0.0,45.39679434052438,9.32338812732594,dentro_sezione,0.0
2026-07-29T18:41:02+00:00,151390000005,Mediglia,0.7604290822407629,Local road,one_side,0.0,45.396140404746596,9.327497611614783,dentro_sezione,0.0
2026-07-29T18:41:02+00:00,151390000005,Mediglia,0.7604290822407629,Minor local road,one_side,0.0,45.39511055682533,9.328355728091662,dentro_sezione,0.0
2026-07-29T18:41:02+00:00,150700000003,Cernusco sul Naviglio,0.69710280023203,Connecting road,full,0.0,45.52576515895114,9.33486639761273,dentro_sezione,0.0
2026-07-29T18:41:02+00:00,150700000003,Cernusco sul Naviglio,0.69710280023203,Connecting road,one_side,0.0,45.524771461211785,9.331391066137858,dentro_sezione,0.0
2026-07-29T18:41:02+00:00,151390000003,Mediglia,0.7112179551928244,Major local road,full,0.0,45.40269867414756,9.332973177694676,dentro_sezione,0.0
2026-07-29T18:41:02+00:00,151390000004,Mediglia,0.7585618760948553,Major local road,full,0.0,45.40269867414756,9.332973177694676,dentro_sezione,0.0
2026-07-29T18:41:02+00:00,151390000005,Mediglia,0.7604290822407629,Major local road,one_side,0.0,45.39901575157139,9.328824437964817,dentro_sezione,0.0
2026-07-29T18:41:02+00:00,151390000005,Mediglia,0.7604290822407629,Connecting road,full,0.0,45.39638593209097,9.326481688905965,dentro_sezione,0.0
2026-07-29T18:41:02+00:00,151390000005,Mediglia,0.7604290822407629,Connecting road,one_side,0.0,45.393074928382816,9.32979317581705,dentro_sezione,0.0
2026-07-29T18:41:02+00:00,151390000006,Mediglia,0.7320891064249785,Major local road,full,0.0,45.39695368826313,9.331997118685997,dentro_sezione,0.0
2026-07-29T18:41:02+00:00,151390000005,Mediglia,0.7604290822407629,Major local road,full,0.0,45.39695368826313,9.331997118685997,dentro_sezione,0.0
2026-07-29T18:41:02+00:00,151390000006,Mediglia,0.7320891064249785,Major local road,one_side,0.0,45.39818813703475,9.330293207015123,dentro_sezione,0.0
2026-07-29T18:41:02+00:00,151390000005,Mediglia,0.7604290822407629,Major local road,one_side,0.0,45.39818813703475,9.330293207015123,dentro_sezione,0.0
2026-07-29T18:41:02+00:00,151390000006,Mediglia,0.7320891064249785,Local road,full,0.0,45.39608792001459,9.332509194682364,dentro_sezione,0.0
2026-07-29T18:41:02+00:00,151390000005,Mediglia,0.7604290822407629,Local road,full,0.0,45.39608792001459,9.332509194682364,dentro_sezione,0.0
2026-07-29T18:41:02+00:00,151390000006,Mediglia,0.7320891064249785,Local road,one_side,0.0,45.39326670139134,9.332485365519153,dentro_sezione,0.0
2026-07-29T18:41:02+00:00,151390000005,Mediglia,0.7604290822407629,Local road,one_side,0.0,45.39326670139134,9.332485365519153,dentro_sezione,0.0
2026-07-29T18:41:02+00:00,151390000006,Mediglia,0.7320891064249785,Minor local road,full,0.0,45.39522836417661,9.332302120406032,dentro_sezione,0.0
2026-07-29T18:41:02+00:00,151390000005,Mediglia,0.7604290822407629,Minor local road,full,0.0,45.39522836417661,9.332302120406032,dentro_sezione,0.0
2026-07-29T18:41:02+00:00,151390000005,Mediglia,0.7604290822407629,Minor local road,one_side,0.0,45.39511987030326,9.329358166936347,dentro_sezione,0.0
2026-07-29T18:41:02+00:00,151390000012,Mediglia,0.8052276000196243,Major local road,full,0.0,45.40192324569242,9.33925038288648,dentro_sezione,0.0
2026-07-29T18:41:02+00:00,151390000012,Mediglia,0.8052276000196243,Major local road,one_side,0.0,45.39971558766529,9.340347647666931,dentro_sezione,0.0
2026-07-29T18:41:02+00:00,151720000033,Pessano con Bornago,0.6917868903081323,Connecting road,full,0.0,45.550503057218656,9.371199885655058,dentro_sezione,0.0
2026-07-29T18:41:02+00:00,151720000033,Pessano con Bornago,0.6917868903081323,Connecting road,one_side,0.0,45.55027066137421,9.366442433084678,dentro_sezione,0.0
2026-07-29T18:41:02+00:00,151720000033,Pessano con Bornago,0.6917868903081323,Connecting road,full,0.0,45.54997239764829,9.375375151996868,dentro_sezione,0.0
2026-07-29T18:41:02+00:00,151720000033,Pessano con Bornago,0.6917868903081323,Connecting road,one_side,0.0,45.54934355939635,9.376151642930555,dentro_sezione,0.0
2026-07-29T18:41:02+00:00,151060000002,Gessate,0.7425160242073031,Secondary road,one_side,0.0,45.56467958054513,9.42994085278958,dentro_sezione,0.0
2026-07-29T18:41:02+00:00,151060000002,Gessate,0.7425160242073031,Local road,full,0.0,45.560255313571915,9.432396762804721,dentro_sezione,0.0
2026-07-29T18:41:02+00:00,151060000002,Gessate,0.7425160242073031,Local road,one_side,0.0,45.56454053580137,9.429751142185447,dentro_sezione,0.0
2026-07-29T18:41:02+00:00,151060000001,Gessate,0.6955934512145499,Secondary road,one_side,0.0,45.556528542306786,9.434336921465553,dentro_sezione,0.0
2026-07-29T18:41:02+00:00,151060000002,Gessate,0.7425160242073031,Secondary road,one_side,0.0,45.556528542306786,9.434336921465553,dentro_sezione,0.0
2026-07-29T18:41:02+00:00,151060000001,Gessate,0.6955934512145499,Connecting road,one_side,0.0,45.55590896681553,9.431484338768323,dentro_sezione,0.0
2026-07-29T18:41:02+00:00,151060000024,Gessate,0.7259449304054464,Connecting road,one_side,0.0,45.55590896681553,9.431484338768323,dentro_sezione,0.0
2026-07-29T18:41:02+00:00,151060000001,Gessate,0.6955934512145499,Major local road,one_side,0.0,45.55422279576027,9.432760444383911,dentro_sezione,0.0
2026-07-29T18:41:02+00:00,151060000002,Gessate,0.7425160242073031,Local road,full,0.0,45.560255313571915,9.432396762804721,dentro_sezione,0.0
2026-07-29T18:41:02+00:00,151060000001,Gessate,0.6955934512145499,Local road,one_side,0.0,45.555846588990775,9.43116296524165,dentro_sezione,0.0
2026-07-29T18:41:02+00:00,151060000024,Gessate,0.7259449304054464,Local road,one_side,0.0,45.555846588990775,9.43116296524165,dentro_sezione,0.0
2026-07-29T18:41:02+00:00,151060000002,Gessate,0.7425160242073031,Local road,one_side,0.0,45.555846588990775,9.43116296524165,dentro_sezione,0.0
2026-07-29T18:41:02+00:00,151780000007,Pozzuolo Martesana,0.6870828006360621,Major local road,one_side,0.0,45.5162997071174,9.452851839905524,dentro_sezione,0.0
2026-07-29T18:41:02+00:00,151780000006,Pozzuolo Martesana,0.7249463935793504,Local road,one_side,0.0,45.51383675500905,9.455127776174606,dentro_sezione,0.0
2026-07-29T18:41:02+00:00,151780000010,Pozzuolo Martesana,0.7180720735800431,Local road,one_side,0.0,45.51383675500905,9.455127776174606,dentro_sezione,0.0
2026-07-29T18:41:02+00:00,151780000006,Pozzuolo Martesana,0.7249463935793504,Local road,one_side,0.0,45.51352177880894,9.45403040996121,dentro_sezione,0.0
2026-07-29T18:41:02+00:00,151780000010,Pozzuolo Martesana,0.7180720735800431,Local road,one_side,0.0,45.51352177880894,9.45403040996121,dentro_sezione,0.0
2026-07-29T18:41:02+00:00,151780000010,Pozzuolo Martesana,0.7180720735800431,Connecting road,full,0.0,45.513599351573255,9.460939502465216,dentro_sezione,0.0
2026-07-29T18:41:02+00:00,151780000007,Pozzuolo Martesana,0.6870828006360621,Connecting road,full,0.0,45.513599351573255,9.460939502465216,dentro_sezione,0.0
2026-07-29T18:41:02+00:00,151780000010,Pozzuolo Martesana,0.7180720735800431,Connecting road,one_side,0.0,45.51563145821439,9.465520992389205,dentro_sezione,0.0
2026-07-29T18:41:02+00:00,151780000007,Pozzuolo Martesana,0.6870828006360621,Connecting road,one_side,0.0,45.51563145821439,9.465520992389205,dentro_sezione,0.0
2026-07-29T18:41:02+00:00,151780000010,Pozzuolo Martesana,0.7180720735800431,Major local road,one_side,0.0,45.51532070853119,9.459851812271916,dentro_sezione,0.0
2026-07-29T18:41:02+00:00,151780000007,Pozzuolo Martesana,0.6870828006360621,Major local road,one_side,0.0,45.51532070853119,9.459851812271916,dentro_sezione,0.0
2026-07-29T18:41:02+00:00,151780000006,Pozzuolo Martesana,0.7249463935793504,Local road,one_side,0.0,45.51362060641403,9.459314526874598,dentro_sezione,0.0
2026-07-29T18:41:02+00:00,151780000010,Pozzuolo Martesana,0.7180720735800431,Local road,one_side,0.0,45.51362060641403,9.459314526874598,dentro_sezione,0.0
2026-07-29T18:41:02+00:00,151780000010,Pozzuolo Martesana,0.7180720735800431,Connecting road,full,0.0,45.513599351573255,9.460939502465216,dentro_sezione,0.0
2026-07-29T18:41:02+00:00,151780000007,Pozzuolo Martesana,0.6870828006360621,Connecting road,full,0.0,45.513599351573255,9.460939502465216,dentro_sezione,0.0
2026-07-29T18:41:02+00:00,151780000010,Pozzuolo Martesana,0.7180720735800431,Connecting road,one_side,0.0,45.51201985358216,9.463432597695672,dentro_sezione,0.0
2026-07-29T18:41:02+00:00,151780000007,Pozzuolo Martesana,0.6870828006360621,Connecting road,one_side,0.0,45.51201985358216,9.463432597695672,dentro_sezione,0.0
2026-07-29T18:41:02+00:00,151780000010,Pozzuolo Martesana,0.7180720735800431,Major local road,one_side,0.0,45.514391786615064,9.460879607557235,dentro_sezione,0.0
2026-07-29T18:41:02+00:00,151780000007,Pozzuolo Martesana,0.6870828006360621,Major local road,one_side,0.0,45.514391786615064,9.460879607557235,dentro_sezione,0.0
2026-07-29T18:41:02+00:00,151780000006,Pozzuolo Martesana,0.7249463935793504,Local road,one_side,0.0,45.51362060641403,9.459314526874598,dentro_sezione,0.0
2026-07-29T18:41:02+00:00,151780000010,Pozzuolo Martesana,0.7180720735800431,Local road,one_side,0.0,45.51362060641403,9.459314526874598,dentro_sezione,0.0
2026-07-29T18:41:02+00:00,152240000010,Truccazzano,0.7476905228465803,Connecting road,one_side,0.0,45.463656188833134,9.475532115410585,dentro_sezione,0.0
2026-07-29T18:41:02+00:00,150590000040,Cassano d'Adda,0.8090312749814579,Connecting road,full,0.0,45.50586857074825,9.527646386145808,dentro_sezione,0.0
2026-07-29T18:41:02+00:00,150590000040,Cassano d'Adda,0.8090312749814579,Connecting road,one_side,0.0,45.506227865561726,9.526025437081474,dentro_sezione,0.0
2026-07-29T18:41:02+00:00,150590000040,Cassano d'Adda,0.8090312749814579,Connecting road,full,0.0,45.50465141333191,9.53149248144333,dentro_sezione,0.0
2026-07-29T18:41:02+00:00,150590000040,Cassano d'Adda,0.8090312749814579,Connecting road,one_side,0.0,45.50481444915567,9.530592811924295,dentro_sezione,0.0
2026-07-29T18:41:02+00:00,150990000018,Dairago,0.7297543772564479,Connecting road,one_side,0.0,45.564686052346,8.860306390456056,piu_vicino_esterno,163.7
2026-07-29T18:41:02+00:00,150770000392,Cinisello Balsamo,0.7272782368032968,Connecting road,one_side,0.0,45.57128500494079,9.209350914619835,piu_vicino_esterno,251.1
2026-07-29T18:41:02+00:00,150770000393,Cinisello Balsamo,0.714057724663571,Connecting road,one_side,0.0,45.57128500494079,9.209350914619835,piu_vicino_esterno,263.7
2026-07-29T18:45:53+00:00,151830000004,Robecchetto con Induno,0.7553527057173448,Connecting road,one_side,0.019999980926513672,45.52384329954846,8.773157689183474,dentro_sezione,0.0
2026-07-29T18:45:53+00:00,151830000005,Robecchetto con Induno,0.7359793597243346,Connecting road,one_side,0.019999980926513672,45.52384329954846,8.773157689183474,dentro_sezione,0.0
2026-07-29T18:45:53+00:00,151830000004,Robecchetto con Induno,0.7553527057173448,Major local road,one_side,0.0,45.52593707033944,8.774034097590642,dentro_sezione,0.0
2026-07-29T18:45:53+00:00,151830000005,Robecchetto con Induno,0.7359793597243346,Major local road,one_side,0.0,45.52593707033944,8.774034097590642,dentro_sezione,0.0
2026-07-29T18:45:53+00:00,151830000004,Robecchetto con Induno,0.7553527057173448,Local road,full,0.0,45.52665341304878,8.77813513370993,dentro_sezione,0.0
2026-07-29T18:45:53+00:00,151830000005,Robecchetto con Induno,0.7359793597243346,Local road,full,0.0,45.52665341304878,8.77813513370993,dentro_sezione,0.0
2026-07-29T18:45:53+00:00,151830000004,Robecchetto con Induno,0.7553527057173448,Local road,one_side,0.0,45.52750090024759,8.777482354636556,dentro_sezione,0.0
2026-07-29T18:45:53+00:00,151830000005,Robecchetto con Induno,0.7359793597243346,Local road,one_side,0.0,45.52750090024759,8.777482354636556,dentro_sezione,0.0
2026-07-29T18:45:53+00:00,151830000004,Robecchetto con Induno,0.7553527057173448,Minor local road,one_side,0.0,45.5246629407847,8.777006510696419,dentro_sezione,0.0
2026-07-29T18:45:53+00:00,151830000005,Robecchetto con Induno,0.7359793597243346,Minor local road,one_side,0.0,45.5246629407847,8.777006510696419,dentro_sezione,0.0
2026-07-29T18:45:53+00:00,151830000004,Robecchetto con Induno,0.7553527057173448,Connecting road,one_side,0.019999980926513672,45.52127522697483,8.777696798566893,dentro_sezione,0.0
2026-07-29T18:45:53+00:00,151830000005,Robecchetto con Induno,0.7359793597243346,Connecting road,one_side,0.019999980926513672,45.52127522697483,8.777696798566893,dentro_sezione,0.0
2026-07-29T18:45:53+00:00,151830000004,Robecchetto con Induno,0.7553527057173448,Major local road,one_side,0.0,45.52003006239406,8.771803302455004,dentro_sezione,0.0
2026-07-29T18:45:53+00:00,151830000004,Robecchetto con Induno,0.7553527057173448,Connecting road,one_side,0.019999980926513672,45.521384299391016,8.77747167238986,dentro_sezione,0.0
2026-07-29T18:45:53+00:00,151830000005,Robecchetto con Induno,0.7359793597243346,Connecting road,one_side,0.019999980926513672,45.521384299391016,8.77747167238986,dentro_sezione,0.0
2026-07-29T18:45:53+00:00,151830000005,Robecchetto con Induno,0.7359793597243346,Major local road,full,0.0,45.52572185698712,8.781758926879993,dentro_sezione,0.0
2026-07-29T18:45:53+00:00,151830000004,Robecchetto con Induno,0.7553527057173448,Major local road,one_side,0.0,45.52545606758585,8.783235613334185,dentro_sezione,0.0
2026-07-29T18:45:53+00:00,151830000005,Robecchetto con Induno,0.7359793597243346,Major local road,one_side,0.0,45.52545606758585,8.783235613334185,dentro_sezione,0.0
2026-07-29T18:45:53+00:00,151830000004,Robecchetto con Induno,0.7553527057173448,Local road,full,0.0,45.52665017246545,8.778138354718036,dentro_sezione,0.0
2026-07-29T18:45:53+00:00,151830000005,Robecchetto con Induno,0.7359793597243346,Local road,full,0.0,45.52665017246545,8.778138354718036,dentro_sezione,0.0
2026-07-29T18:45:53+00:00,151830000004,Robecchetto con Induno,0.7553527057173448,Local road,one_side,0.0,45.52614843665075,8.779160738634744,dentro_sezione,0.0
2026-07-29T18:45:53+00:00,151830000005,Robecchetto con Induno,0.7359793597243346,Local road,one_side,0.0,45.52614843665075,8.779160738634744,dentro_sezione,0.0
2026-07-29T18:45:53+00:00,151830000004,Robecchetto con Induno,0.7553527057173448,Minor local road,one_side,0.0,45.524831941765086,8.777906603428388,dentro_sezione,0.0
2026-07-29T18:45:53+00:00,151830000005,Robecchetto con Induno,0.7359793597243346,Minor local road,one_side,0.0,45.524831941765086,8.777906603428388,dentro_sezione,0.0
2026-07-29T18:45:53+00:00,151830000004,Robecchetto con Induno,0.7553527057173448,Connecting road,one_side,0.0820000171661377,45.514767439361535,8.78093221662328,dentro_sezione,0.0
2026-07-29T18:45:53+00:00,151830000004,Robecchetto con Induno,0.7553527057173448,Connecting road,one_side,0.06800001859664917,45.51500790823353,8.780879796678562,dentro_sezione,0.0
2026-07-29T18:45:53+00:00,151830000004,Robecchetto con Induno,0.7553527057173448,Connecting road,one_side,0.019999980926513672,45.51950892152553,8.779413693423816,dentro_sezione,0.0
2026-07-29T18:45:53+00:00,151830000005,Robecchetto con Induno,0.7359793597243346,Connecting road,one_side,0.019999980926513672,45.51950892152553,8.779413693423816,dentro_sezione,0.0
2026-07-29T18:45:53+00:00,151830000004,Robecchetto con Induno,0.7553527057173448,Major local road,one_side,0.0,45.52129064980628,8.777203055737562,dentro_sezione,0.0
2026-07-29T18:45:53+00:00,150990000004,Dairago,0.7676872328697544,Connecting road,one_side,0.0,45.559969756077514,8.855855576146451,dentro_sezione,0.0
2026-07-29T18:45:53+00:00,150990000005,Dairago,0.7542589327199739,Connecting road,one_side,0.0,45.559969756077514,8.855855576146451,dentro_sezione,0.0
2026-07-29T18:45:53+00:00,150990000006,Dairago,0.7709685518618672,Secondary road,one_side,0.5629999935626984,45.5777463162237,8.860049850307782,dentro_sezione,0.0
2026-07-29T18:45:53+00:00,150990000006,Dairago,0.7709685518618672,Secondary road,one_side,0.5029999911785126,45.577741311180816,8.860052659197983,dentro_sezione,0.0
2026-07-29T18:45:53+00:00,150990000006,Dairago,0.7709685518618672,Secondary road,one_side,0.07999998331069946,45.57550377845801,8.861572145141743,dentro_sezione,0.0
2026-07-29T18:45:53+00:00,150990000006,Dairago,0.7709685518618672,Secondary road,one_side,0.0,45.58104568913294,8.857076207528335,dentro_sezione,0.0
2026-07-29T18:45:53+00:00,150990000006,Dairago,0.7709685518618672,Secondary road,one_side,0.5629999935626984,45.576270458340744,8.861078470945358,dentro_sezione,0.0
2026-07-29T18:45:53+00:00,150990000006,Dairago,0.7709685518618672,Secondary road,one_side,0.5029999911785126,45.576266444336554,8.861078712573057,dentro_sezione,0.0
2026-07-29T18:45:53+00:00,150990000006,Dairago,0.7709685518618672,Secondary road,full,0.2059999704360962,45.57379030956311,8.862627446651459,dentro_sezione,0.0
2026-07-29T18:45:53+00:00,150990000005,Dairago,0.7542589327199739,Secondary road,one_side,0.2059999704360962,45.570433449813656,8.864192014930888,dentro_sezione,0.0
2026-07-29T18:45:53+00:00,150990000001,Dairago,0.7159220448648945,Secondary road,one_side,0.2059999704360962,45.570433449813656,8.864192014930888,dentro_sezione,0.0
2026-07-29T18:45:53+00:00,150990000002,Dairago,0.6942688026504515,Secondary road,one_side,0.2059999704360962,45.570433449813656,8.864192014930888,dentro_sezione,0.0
2026-07-29T18:45:53+00:00,150990000006,Dairago,0.7709685518618672,Secondary road,one_side,0.2059999704360962,45.570433449813656,8.864192014930888,dentro_sezione,0.0
2026-07-29T18:45:53+00:00,150990000006,Dairago,0.7709685518618672,Secondary road,full,0.07999998331069946,45.574130222271364,8.862384773534133,dentro_sezione,0.0
2026-07-29T18:45:53+00:00,150990000006,Dairago,0.7709685518618672,Secondary road,one_side,0.07999998331069946,45.5752231718279,8.861740512995713,dentro_sezione,0.0
2026-07-29T18:45:53+00:00,150990000006,Dairago,0.7709685518618672,Secondary road,full,0.0,45.57396998798928,8.86251128068678,dentro_sezione,0.0
2026-07-29T18:45:53+00:00,150990000005,Dairago,0.7542589327199739,Secondary road,one_side,0.0,45.57155625802089,8.863616983229567,dentro_sezione,0.0
2026-07-29T18:45:53+00:00,150990000001,Dairago,0.7159220448648945,Secondary road,one_side,0.0,45.57155625802089,8.863616983229567,dentro_sezione,0.0
2026-07-29T18:45:53+00:00,150990000002,Dairago,0.6942688026504515,Secondary road,one_side,0.0,45.57155625802089,8.863616983229567,dentro_sezione,0.0
2026-07-29T18:45:53+00:00,150990000006,Dairago,0.7709685518618672,Secondary road,one_side,0.0,45.57155625802089,8.863616983229567,dentro_sezione,0.0
2026-07-29T18:45:53+00:00,150990000005,Dairago,0.7542589327199739,Connecting road,one_side,0.0,45.56869535247887,8.862106087174277,dentro_sezione,0.0
2026-07-29T18:45:53+00:00,150990000001,Dairago,0.7159220448648945,Connecting road,one_side,0.0,45.56869535247887,8.862106087174277,dentro_sezione,0.0
2026-07-29T18:45:53+00:00,150990000002,Dairago,0.6942688026504515,Connecting road,one_side,0.0,45.56869535247887,8.862106087174277,dentro_sezione,0.0
2026-07-29T18:45:53+00:00,150990000006,Dairago,0.7709685518618672,Connecting road,one_side,0.0,45.56869535247887,8.862106087174277,dentro_sezione,0.0
2026-07-29T18:45:53+00:00,150990000005,Dairago,0.7542589327199739,Local road,full,0.0,45.57115044782316,8.861418408582644,dentro_sezione,0.0
2026-07-29T18:45:53+00:00,150990000006,Dairago,0.7709685518618672,Local road,full,0.0,45.57115044782316,8.861418408582644,dentro_sezione,0.0
2026-07-29T18:45:53+00:00,150990000005,Dairago,0.7542589327199739,Local road,one_side,0.0,45.57092412688219,8.861752614264068,dentro_sezione,0.0
2026-07-29T18:45:53+00:00,150990000006,Dairago,0.7709685518618672,Local road,one_side,0.0,45.57092412688219,8.861752614264068,dentro_sezione,0.0
2026-07-29T18:45:53+00:00,150990000006,Dairago,0.7709685518618672,Minor local road,full,0.0,45.57390108315492,8.862335085868835,dentro_sezione,0.0
2026-07-29T18:45:53+00:00,150990000006,Dairago,0.7709685518618672,Minor local road,one_side,0.0,45.57342910946712,8.861447226380976,dentro_sezione,0.0
2026-07-29T18:45:53+00:00,150990000004,Dairago,0.7676872328697544,Secondary road,one_side,0.2059999704360962,45.56754907344413,8.865468281462599,dentro_sezione,0.0
2026-07-29T18:45:53+00:00,150990000001,Dairago,0.7159220448648945,Secondary road,one_side,0.2059999704360962,45.56754907344413,8.865468281462599,dentro_sezione,0.0
2026-07-29T18:45:53+00:00,150990000002,Dairago,0.6942688026504515,Secondary road,one_side,0.2059999704360962,45.56754907344413,8.865468281462599,dentro_sezione,0.0
2026-07-29T18:45:53+00:00,150990000004,Dairago,0.7676872328697544,Secondary road,one_side,0.0,45.565675664297586,8.866151684405883,dentro_sezione,0.0
2026-07-29T18:45:53+00:00,150990000001,Dairago,0.7159220448648945,Secondary road,one_side,0.0,45.565675664297586,8.866151684405883,dentro_sezione,0.0
2026-07-29T18:45:53+00:00,150990000002,Dairago,0.6942688026504515,Secondary road,one_side,0.0,45.565675664297586,8.866151684405883,dentro_sezione,0.0
2026-07-29T18:45:53+00:00,150990000004,Dairago,0.7676872328697544,Connecting road,full,0.0,45.56559331224461,8.864327222945509,dentro_sezione,0.0
2026-07-29T18:45:53+00:00,150990000005,Dairago,0.7542589327199739,Connecting road,full,0.0,45.56559331224461,8.864327222945509,dentro_sezione,0.0
2026-07-29T18:45:53+00:00,150990000001,Dairago,0.7159220448648945,Connecting road,full,0.0,45.56559331224461,8.864327222945509,dentro_sezione,0.0
2026-07-29T18:45:53+00:00,150990000002,Dairago,0.6942688026504515,Connecting road,full,0.0,45.56559331224461,8.864327222945509,dentro_sezione,0.0
2026-07-29T18:45:53+00:00,150990000004,Dairago,0.7676872328697544,Connecting road,one_side,0.0,45.564686052346,8.860306390456056,dentro_sezione,0.0
2026-07-29T18:45:53+00:00,150990000005,Dairago,0.7542589327199739,Connecting road,one_side,0.0,45.564686052346,8.860306390456056,dentro_sezione,0.0
2026-07-29T18:45:53+00:00,150990000001,Dairago,0.7159220448648945,Connecting road,one_side,0.0,45.564686052346,8.860306390456056,dentro_sezione,0.0
2026-07-29T18:45:53+00:00,150990000002,Dairago,0.6942688026504515,Connecting road,one_side,0.0,45.564686052346,8.860306390456056,dentro_sezione,0.0
2026-07-29T18:45:53+00:00,150990000004,Dairago,0.7676872328697544,Major local road,one_side,0.0,45.563239021472114,8.860581830730837,dentro_sezione,0.0
2026-07-29T18:45:53+00:00,150990000005,Dairago,0.7542589327199739,Major local road,one_side,0.0,45.563239021472114,8.860581830730837,dentro_sezione,0.0
2026-07-29T18:45:53+00:00,150990000001,Dairago,0.7159220448648945,Secondary road,one_side,0.2059999704360962,45.56793643860762,8.865308032085537,dentro_sezione,0.0
2026-07-29T18:45:53+00:00,150990000002,Dairago,0.6942688026504515,Secondary road,one_side,0.2059999704360962,45.56793643860762,8.865308032085537,dentro_sezione,0.0
2026-07-29T18:45:53+00:00,150990000001,Dairago,0.7159220448648945,Secondary road,one_side,0.0,45.56793608713956,8.865307163391256,dentro_sezione,0.0
2026-07-29T18:45:53+00:00,150990000002,Dairago,0.6942688026504515,Secondary road,one_side,0.0,45.56793608713956,8.865307163391256,dentro_sezione,0.0
2026-07-29T18:45:53+00:00,150990000004,Dairago,0.7676872328697544,Secondary road,one_side,0.2059999704360962,45.56754869645032,8.86546906182961,dentro_sezione,0.0
2026-07-29T18:45:53+00:00,150990000001,Dairago,0.7159220448648945,Secondary road,one_side,0.2059999704360962,45.56754869645032,8.86546906182961,dentro_sezione,0.0
2026-07-29T18:45:53+00:00,150990000002,Dairago,0.6942688026504515,Secondary road,one_side,0.2059999704360962,45.56754869645032,8.86546906182961,dentro_sezione,0.0
2026-07-29T18:45:53+00:00,150990000004,Dairago,0.7676872328697544,Secondary road,one_side,0.0,45.56350375152398,8.867135362175203,dentro_sezione,0.0
2026-07-29T18:45:53+00:00,150990000001,Dairago,0.7159220448648945,Secondary road,one_side,0.0,45.56350375152398,8.867135362175203,dentro_sezione,0.0
2026-07-29T18:45:53+00:00,150990000002,Dairago,0.6942688026504515,Secondary road,one_side,0.0,45.56350375152398,8.867135362175203,dentro_sezione,0.0
2026-07-29T18:45:53+00:00,150990000004,Dairago,0.7676872328697544,Connecting road,full,0.0,45.566236844428026,8.865384249111933,dentro_sezione,0.0
2026-07-29T18:45:53+00:00,150990000001,Dairago,0.7159220448648945,Connecting road,full,0.0,45.566236844428026,8.865384249111933,dentro_sezione,0.0
2026-07-29T18:45:53+00:00,150990000002,Dairago,0.6942688026504515,Connecting road,full,0.0,45.566236844428026,8.865384249111933,dentro_sezione,0.0
2026-07-29T18:45:53+00:00,150990000004,Dairago,0.7676872328697544,Connecting road,one_side,0.0,45.565772277047955,8.87122243071949,dentro_sezione,0.0
2026-07-29T18:45:53+00:00,150990000001,Dairago,0.7159220448648945,Connecting road,one_side,0.0,45.565772277047955,8.87122243071949,dentro_sezione,0.0
2026-07-29T18:45:53+00:00,150990000002,Dairago,0.6942688026504515,Connecting road,one_side,0.0,45.565772277047955,8.87122243071949,dentro_sezione,0.0
2026-07-29T18:45:53+00:00,151840000003,Robecco sul Naviglio,0.7196016242096119,Secondary road,full,0.0,45.43738004527872,8.884716475393938,dentro_sezione,0.0
2026-07-29T18:45:53+00:00,151840000006,Robecco sul Naviglio,0.7230185825971769,Secondary road,full,0.0,45.43738004527872,8.884716475393938,dentro_sezione,0.0
2026-07-29T18:45:53+00:00,151840000004,Robecco sul Naviglio,0.7107590900039538,Secondary road,full,0.0,45.43738004527872,8.884716475393938,dentro_sezione,0.0
2026-07-29T18:45:53+00:00,151840000006,Robecco sul Naviglio,0.7230185825971769,Secondary road,one_side,0.0,45.441021454681305,8.886726811167174,dentro_sezione,0.0
2026-07-29T18:45:53+00:00,151840000004,Robecco sul Naviglio,0.7107590900039538,Secondary road,one_side,0.0,45.441021454681305,8.886726811167174,dentro_sezione,0.0
2026-07-29T18:45:53+00:00,151840000004,Robecco sul Naviglio,0.7107590900039538,Connecting road,one_side,0.0,45.44215302778418,8.881694311544635,dentro_sezione,0.0
2026-07-29T18:45:53+00:00,151840000008,Robecco sul Naviglio,0.7257111688941349,Connecting road,one_side,0.0,45.44215302778418,8.881694311544635,dentro_sezione,0.0
2026-07-29T18:45:53+00:00,151840000008,Robecco sul Naviglio,0.7257111688941349,Minor local road,one_side,0.0,45.44305633774382,8.87880615453956,dentro_sezione,0.0
2026-07-29T18:45:53+00:00,151840000003,Robecco sul Naviglio,0.7196016242096119,Secondary road,full,0.0,45.436020247875916,8.88427360275287,dentro_sezione,0.0
2026-07-29T18:45:53+00:00,151840000006,Robecco sul Naviglio,0.7230185825971769,Secondary road,full,0.0,45.436020247875916,8.88427360275287,dentro_sezione,0.0
2026-07-29T18:45:53+00:00,151840000004,Robecco sul Naviglio,0.7107590900039538,Secondary road,full,0.0,45.436020247875916,8.88427360275287,dentro_sezione,0.0
2026-07-29T18:45:53+00:00,151840000003,Robecco sul Naviglio,0.7196016242096119,Secondary road,one_side,0.0,45.432741752237355,8.885387574658592,dentro_sezione,0.0
2026-07-29T18:45:53+00:00,151840000006,Robecco sul Naviglio,0.7230185825971769,Secondary road,one_side,0.0,45.432741752237355,8.885387574658592,dentro_sezione,0.0
2026-07-29T18:45:53+00:00,151840000004,Robecco sul Naviglio,0.7107590900039538,Secondary road,one_side,0.0,45.432741752237355,8.885387574658592,dentro_sezione,0.0
2026-07-29T18:45:53+00:00,151840000003,Robecco sul Naviglio,0.7196016242096119,Connecting road,full,0.0,45.434818033444905,8.888212023960996,dentro_sezione,0.0
2026-07-29T18:45:53+00:00,151840000004,Robecco sul Naviglio,0.7107590900039538,Connecting road,full,0.0,45.434818033444905,8.888212023960996,dentro_sezione,0.0
2026-07-29T18:45:53+00:00,151840000003,Robecco sul Naviglio,0.7196016242096119,Connecting road,one_side,0.0,45.43218495639539,8.879627085051737,dentro_sezione,0.0
2026-07-29T18:45:53+00:00,151840000006,Robecco sul Naviglio,0.7230185825971769,Connecting road,one_side,0.0,45.43218495639539,8.879627085051737,dentro_sezione,0.0
2026-07-29T18:45:53+00:00,150410000011,Busto Garolfo,0.7031690557477914,Local road,one_side,0.48799997568130493,45.544972559851566,8.890237233490335,dentro_sezione,0.0
2026-07-29T18:45:53+00:00,150410000011,Busto Garolfo,0.7031690557477914,Major local road,one_side,0.0,45.547462481839126,8.892937891739695,dentro_sezione,0.0
2026-07-29T18:45:53+00:00,150410000011,Busto Garolfo,0.7031690557477914,Local road,one_side,0.0,45.54893945265665,8.888579923563244,dentro_sezione,0.0
2026-07-29T18:45:53+00:00,150410000011,Busto Garolfo,0.7031690557477914,Local road,one_side,0.48799997568130493,45.54407600412062,8.890929616471169,dentro_sezione,0.0
2026-07-29T18:45:53+00:00,150410000011,Busto Garolfo,0.7031690557477914,Connecting road,one_side,0.0,45.54197439189159,8.89465136982906,dentro_sezione,0.0
2026-07-29T18:45:53+00:00,150410000011,Busto Garolfo,0.7031690557477914,Major local road,one_side,0.0,45.544562915692,8.895608895264767,dentro_sezione,0.0
2026-07-29T18:45:53+00:00,150410000011,Busto Garolfo,0.7031690557477914,Local road,one_side,0.0,45.54049505829869,8.891599000579392,dentro_sezione,0.0
2026-07-29T18:45:53+00:00,151840000003,Robecco sul Naviglio,0.7196016242096119,Secondary road,full,0.0,45.43673429376078,8.88704731701488,dentro_sezione,0.0
2026-07-29T18:45:53+00:00,151840000004,Robecco sul Naviglio,0.7107590900039538,Secondary road,full,0.0,45.43673429376078,8.88704731701488,dentro_sezione,0.0
2026-07-29T18:45:53+00:00,151840000004,Robecco sul Naviglio,0.7107590900039538,Secondary road,one_side,0.0,45.44129080099548,8.887639896752052,dentro_sezione,0.0
2026-07-29T18:45:53+00:00,151840000003,Robecco sul Naviglio,0.7196016242096119,Secondary road,full,0.0,45.43465511634912,8.88814045588459,dentro_sezione,0.0
2026-07-29T18:45:53+00:00,151840000004,Robecco sul Naviglio,0.7107590900039538,Secondary road,full,0.0,45.43465511634912,8.88814045588459,dentro_sezione,0.0
2026-07-29T18:45:53+00:00,151840000003,Robecco sul Naviglio,0.7196016242096119,Connecting road,full,0.0,45.433208070156475,8.889242619884701,dentro_sezione,0.0
2026-07-29T18:45:53+00:00,151840000004,Robecco sul Naviglio,0.7107590900039538,Connecting road,full,0.0,45.433208070156475,8.889242619884701,dentro_sezione,0.0
2026-07-29T18:45:53+00:00,150720000017,Cerro Maggiore,0.6999223680906879,Secondary road,one_side,0.0,45.59469927159379,8.956787134794192,dentro_sezione,0.0
2026-07-29T18:45:53+00:00,150720000017,Cerro Maggiore,0.6999223680906879,Secondary road,full,0.0,45.58848035915598,8.9642983740158,dentro_sezione,0.0
2026-07-29T18:45:53+00:00,150720000017,Cerro Maggiore,0.6999223680906879,Secondary road,one_side,0.0,45.59053028893129,8.961361051470247,dentro_sezione,0.0
2026-07-29T18:45:53+00:00,150720000017,Cerro Maggiore,0.6999223680906879,Major local road,one_side,0.0,45.58829146872337,8.959288092130175,dentro_sezione,0.0
2026-07-29T18:45:53+00:00,150720000017,Cerro Maggiore,0.6999223680906879,Secondary road,full,0.0,45.58756210472569,8.966193376164924,dentro_sezione,0.0
2026-07-29T18:45:53+00:00,150720000017,Cerro Maggiore,0.6999223680906879,Secondary road,one_side,0.0,45.58536762844651,8.971044060006122,dentro_sezione,0.0
2026-07-29T18:45:53+00:00,150720000017,Cerro Maggiore,0.6999223680906879,Connecting road,one_side,0.0,45.58803245184286,8.973497377206987,dentro_sezione,0.0
2026-07-29T18:45:53+00:00,150220000001,Besate,0.8066359409766615,Secondary road,full,0.0,45.31397405974819,8.970680438795323,dentro_sezione,0.0
2026-07-29T18:45:53+00:00,150220000002,Besate,0.8457837792598706,Secondary road,full,0.0,45.31397405974819,8.970680438795323,dentro_sezione,0.0
2026-07-29T18:45:53+00:00,150220000001,Besate,0.8066359409766615,Secondary road,one_side,0.0,45.31693428516195,8.970520214464711,dentro_sezione,0.0
2026-07-29T18:45:53+00:00,150220000002,Besate,0.8457837792598706,Secondary road,one_side,0.0,45.31693428516195,8.970520214464711,dentro_sezione,0.0
2026-07-29T18:45:53+00:00,150220000001,Besate,0.8066359409766615,Secondary road,full,0.0,45.31230807897691,8.970803137994647,dentro_sezione,0.0
2026-07-29T18:45:53+00:00,150220000002,Besate,0.8457837792598706,Secondary road,full,0.0,45.31230807897691,8.970803137994647,dentro_sezione,0.0
2026-07-29T18:45:53+00:00,150220000001,Besate,0.8066359409766615,Secondary road,one_side,0.0,45.30850050611067,8.971050499191625,dentro_sezione,0.0
2026-07-29T18:45:53+00:00,150220000002,Besate,0.8457837792598706,Secondary road,one_side,0.0,45.30850050611067,8.971050499191625,dentro_sezione,0.0
2026-07-29T18:45:53+00:00,150220000002,Besate,0.8457837792598706,Connecting road,one_side,0.0,45.31011677645614,8.97243897841263,dentro_sezione,0.0
2026-07-29T18:45:53+00:00,151030000093,Gaggiano,0.7171341415902132,Connecting road,full,0.0,45.37753558005545,9.02820117450363,dentro_sezione,0.0
2026-07-29T18:45:53+00:00,151030000093,Gaggiano,0.7171341415902132,Connecting road,one_side,0.0,45.37922478434031,9.025526004065227,dentro_sezione,0.0
2026-07-29T18:45:53+00:00,152360000001,Vernate,0.7404237143838364,Major road,full,0.0,45.33115422928388,9.051982675890759,dentro_sezione,0.0
2026-07-29T18:45:53+00:00,152360000001,Vernate,0.7404237143838364,Major road,one_side,0.0,45.333667378972784,9.04899330877629,dentro_sezione,0.0
2026-07-29T18:45:53+00:00,152360000001,Vernate,0.7404237143838364,Secondary road,full,0.0,45.33085582197837,9.05174506782142,dentro_sezione,0.0
2026-07-29T18:45:53+00:00,152360000001,Vernate,0.7404237143838364,Secondary road,one_side,0.0,45.3294711922926,9.049540764120502,dentro_sezione,0.0
2026-07-29T18:45:53+00:00,152360000004,Vernate,0.7248915606322527,Connecting road,full,0.0,45.31713370461864,9.060332435953853,dentro_sezione,0.0
2026-07-29T18:45:53+00:00,152360000004,Vernate,0.7248915606322527,Connecting road,one_side,0.0,45.31685556517416,9.058201381824388,dentro_sezione,0.0
2026-07-29T18:45:53+00:00,150270000044,Bollate,0.7092237674852166,Connecting road,full,0.0,45.551101576535864,9.141299958119559,dentro_sezione,0.0
2026-07-29T18:45:53+00:00,150270000044,Bollate,0.7092237674852166,Connecting road,one_side,0.0,45.54765211863531,9.13664998664483,dentro_sezione,0.0
2026-07-29T18:45:53+00:00,150270000044,Bollate,0.7092237674852166,Local road,full,0.0,45.5486136227763,9.137978497546188,dentro_sezione,0.0
2026-07-29T18:45:53+00:00,150270000044,Bollate,0.7092237674852166,Local road,one_side,0.0,45.54824986471238,9.135017346615326,dentro_sezione,0.0
2026-07-29T18:45:53+00:00,150270000046,Bollate,0.7233042911110021,Motorway,full,0.0,45.548637494915916,9.147269678190169,dentro_sezione,0.0
2026-07-29T18:45:53+00:00,150270000046,Bollate,0.7233042911110021,Secondary road,full,0.0,45.55070810723628,9.146664038825996,dentro_sezione,0.0
2026-07-29T18:45:53+00:00,150270000044,Bollate,0.7092237674852166,Connecting road,full,0.0,45.55017918548694,9.146031515963527,dentro_sezione,0.0
2026-07-29T18:45:53+00:00,150270000046,Bollate,0.7233042911110021,Connecting road,one_side,0.0,45.54844611685997,9.144391397351994,dentro_sezione,0.0
2026-07-29T18:45:53+00:00,150270000044,Bollate,0.7092237674852166,Connecting road,one_side,0.0,45.54844611685997,9.144391397351994,dentro_sezione,0.0
2026-07-29T18:45:53+00:00,150270000046,Bollate,0.7233042911110021,Major local road,one_side,0.0,45.547104666833036,9.147278688778757,dentro_sezione,0.0
2026-07-29T18:45:53+00:00,150270000044,Bollate,0.7092237674852166,Local road,full,0.0,45.549132817135515,9.14128879881228,dentro_sezione,0.0
2026-07-29T18:45:53+00:00,150270000044,Bollate,0.7092237674852166,Local road,one_side,0.0,45.55087472061718,9.140988204592569,dentro_sezione,0.0
2026-07-29T18:45:53+00:00,151660000079,Paderno Dugnano,0.7118644067796609,Major local road,full,0.0,45.571088708927974,9.156967452984189,dentro_sezione,0.0
2026-07-29T18:45:53+00:00,151660000079,Paderno Dugnano,0.7118644067796609,Major local road,one_side,0.0,45.57115547810489,9.15556725583581,dentro_sezione,0.0
2026-07-29T18:45:53+00:00,151660000079,Paderno Dugnano,0.7118644067796609,Local road,one_side,0.0,45.5697584120831,9.154184216067337,dentro_sezione,0.0
2026-07-29T18:45:53+00:00,151660000079,Paderno Dugnano,0.7118644067796609,Minor local road,full,0.0,45.569569956181454,9.157563682162007,dentro_sezione,0.0
2026-07-29T18:45:53+00:00,151660000079,Paderno Dugnano,0.7118644067796609,Major local road,full,0.0,45.56765660396396,9.16061173142433,dentro_sezione,0.0
2026-07-29T18:45:53+00:00,150770000455,Cinisello Balsamo,0.7342939680872247,Connecting road,full,0.0,45.5628198241358,9.20016664943403,dentro_sezione,0.0
2026-07-29T18:45:53+00:00,150770000308,Cinisello Balsamo,0.7375002525201512,Connecting road,full,0.0,45.5628198241358,9.20016664943403,dentro_sezione,0.0
2026-07-29T18:45:53+00:00,150770000455,Cinisello Balsamo,0.7342939680872247,Local road,one_side,0.0,45.56207030894774,9.204732755630442,dentro_sezione,0.0
2026-07-29T18:45:53+00:00,150770000370,Cinisello Balsamo,0.7379158285402604,Major local road,one_side,0.09500002861022949,45.57088853270369,9.21266910696619,dentro_sezione,0.0
2026-07-29T18:45:53+00:00,150770000308,Cinisello Balsamo,0.7375002525201512,Connecting road,one_side,0.0,45.57128500494079,9.209350914619835,dentro_sezione,0.0
2026-07-29T18:45:53+00:00,150770000310,Cinisello Balsamo,0.7121097120693088,Connecting road,one_side,0.0,45.57128500494079,9.209350914619835,dentro_sezione,0.0
2026-07-29T18:45:53+00:00,150770000370,Cinisello Balsamo,0.7379158285402604,Connecting road,one_side,0.0,45.57128500494079,9.209350914619835,dentro_sezione,0.0
2026-07-29T18:45:53+00:00,150770000370,Cinisello Balsamo,0.7379158285402604,Major local road,full,0.0,45.57156966721451,9.211245054264982,dentro_sezione,0.0
2026-07-29T18:45:53+00:00,150770000370,Cinisello Balsamo,0.7379158285402604,Major local road,one_side,0.0,45.56969350789178,9.21448967210412,dentro_sezione,0.0
2026-07-29T18:45:53+00:00,150770000308,Cinisello Balsamo,0.7375002525201512,Local road,full,0.0,45.56759310544539,9.21333004495521,dentro_sezione,0.0
2026-07-29T18:45:53+00:00,150770000455,Cinisello Balsamo,0.7342939680872247,Connecting road,full,0.0,45.565241334929205,9.208139213088042,dentro_sezione,0.0
2026-07-29T18:45:53+00:00,150770000308,Cinisello Balsamo,0.7375002525201512,Connecting road,full,0.0,45.565241334929205,9.208139213088042,dentro_sezione,0.0
2026-07-29T18:45:53+00:00,150770000308,Cinisello Balsamo,0.7375002525201512,Connecting road,one_side,0.0,45.567370928132085,9.210477903628986,dentro_sezione,0.0
2026-07-29T18:45:53+00:00,150770000310,Cinisello Balsamo,0.7121097120693088,Connecting road,one_side,0.0,45.567370928132085,9.210477903628986,dentro_sezione,0.0
2026-07-29T18:45:53+00:00,150770000308,Cinisello Balsamo,0.7375002525201512,Local road,full,0.0,45.56369204745294,9.212910239029103,dentro_sezione,0.0
2026-07-29T18:45:53+00:00,150770000455,Cinisello Balsamo,0.7342939680872247,Local road,one_side,0.0,45.56390554361116,9.211470433101258,dentro_sezione,0.0
2026-07-29T18:45:53+00:00,150770000308,Cinisello Balsamo,0.7375002525201512,Local road,one_side,0.0,45.56390554361116,9.211470433101258,dentro_sezione,0.0
2026-07-29T18:45:53+00:00,151590000022,Opera,0.730949158314262,Secondary road,full,0.0,45.40169260125067,9.209300591556351,dentro_sezione,0.0
2026-07-29T18:45:53+00:00,151460002842,Milano,0.741696415945421,Secondary road,full,0.0,45.40169260125067,9.209300591556351,dentro_sezione,0.0
2026-07-29T18:45:53+00:00,151590000022,Opera,0.730949158314262,Secondary road,full,0.0,45.39225546547591,9.211072481355576,dentro_sezione,0.0
2026-07-29T18:45:53+00:00,151460002842,Milano,0.741696415945421,Secondary road,full,0.0,45.39225546547591,9.211072481355576,dentro_sezione,0.0
2026-07-29T18:45:53+00:00,151590000022,Opera,0.730949158314262,Minor local road,full,0.0,45.39381965364314,9.211481553911986,dentro_sezione,0.0
2026-07-29T18:45:53+00:00,151590000014,Opera,0.7350933747370183,Minor local road,full,0.0,45.39381965364314,9.211481553911986,dentro_sezione,0.0
2026-07-29T18:45:53+00:00,151590000013,Opera,0.7339534266263019,Minor local road,one_side,0.0,45.39336750739379,9.211614956889422,dentro_sezione,0.0
2026-07-29T18:45:53+00:00,151590000022,Opera,0.730949158314262,Minor local road,one_side,0.0,45.39336750739379,9.211614956889422,dentro_sezione,0.0
2026-07-29T18:45:53+00:00,151590000014,Opera,0.7350933747370183,Minor local road,one_side,0.0,45.39336750739379,9.211614956889422,dentro_sezione,0.0
2026-07-29T18:45:53+00:00,151460002739,Milano,0.7105830473843242,Local road,one_side,0.0,45.416399000279455,9.239352252220206,dentro_sezione,0.0
2026-07-29T18:45:53+00:00,151460002738,Milano,0.694095645975406,Local road,one_side,0.0,45.416399000279455,9.239352252220206,dentro_sezione,0.0
2026-07-29T18:45:53+00:00,151460002739,Milano,0.7105830473843242,Local road,one_side,0.0,45.41530469682335,9.241945604240724,dentro_sezione,0.0
2026-07-29T18:45:53+00:00,151460002738,Milano,0.694095645975406,Local road,one_side,0.0,45.41530469682335,9.241945604240724,dentro_sezione,0.0
2026-07-29T18:45:53+00:00,150700000003,Cernusco sul Naviglio,0.69710280023203,Connecting road,full,0.0,45.526320116081415,9.322236627355936,dentro_sezione,0.0
2026-07-29T18:45:53+00:00,150700000003,Cernusco sul Naviglio,0.69710280023203,Connecting road,one_side,0.0,45.52385482525997,9.32355774741958,dentro_sezione,0.0
2026-07-29T18:45:53+00:00,151390000001,Mediglia,0.726435540984742,Connecting road,one_side,0.0,45.40120559797648,9.320046818976916,dentro_sezione,0.0
2026-07-29T18:45:53+00:00,151390000003,Mediglia,0.7112179551928244,Major local road,full,0.0,45.40140869376171,9.325048126419558,dentro_sezione,0.0
2026-07-29T18:45:53+00:00,151390000004,Mediglia,0.7585618760948553,Major local road,full,0.0,45.40140869376171,9.325048126419558,dentro_sezione,0.0
2026-07-29T18:45:53+00:00,151390000001,Mediglia,0.726435540984742,Major local road,full,0.0,45.40140869376171,9.325048126419558,dentro_sezione,0.0
2026-07-29T18:45:53+00:00,151390000003,Mediglia,0.7112179551928244,Major local road,one_side,0.0,45.400344667152524,9.325511649512542,dentro_sezione,0.0
2026-07-29T18:45:53+00:00,151390000001,Mediglia,0.726435540984742,Major local road,one_side,0.0,45.400344667152524,9.325511649512542,dentro_sezione,0.0
2026-07-29T18:45:53+00:00,151390000001,Mediglia,0.726435540984742,Minor local road,one_side,0.0,45.4006120470024,9.322143495082855,dentro_sezione,0.0
2026-07-29T18:45:53+00:00,151390000005,Mediglia,0.7604290822407629,Connecting road,full,0.0,45.3963907308835,9.326313621966435,dentro_sezione,0.0
2026-07-29T18:45:53+00:00,151390000005,Mediglia,0.7604290822407629,Connecting road,one_side,0.0,45.39679434052438,9.32338812732594,dentro_sezione,0.0
2026-07-29T18:45:53+00:00,151390000005,Mediglia,0.7604290822407629,Local road,one_side,0.0,45.396140404746596,9.327497611614783,dentro_sezione,0.0
2026-07-29T18:45:53+00:00,151390000005,Mediglia,0.7604290822407629,Minor local road,one_side,0.0,45.39511055682533,9.328355728091662,dentro_sezione,0.0
2026-07-29T18:45:53+00:00,150700000003,Cernusco sul Naviglio,0.69710280023203,Connecting road,full,0.0,45.52579521021402,9.334829022156015,dentro_sezione,0.0
2026-07-29T18:45:53+00:00,150700000003,Cernusco sul Naviglio,0.69710280023203,Connecting road,one_side,0.0,45.524771461211785,9.331391066137858,dentro_sezione,0.0
2026-07-29T18:45:53+00:00,151390000003,Mediglia,0.7112179551928244,Major local road,full,0.0,45.40269867414756,9.332973177694676,dentro_sezione,0.0
2026-07-29T18:45:53+00:00,151390000004,Mediglia,0.7585618760948553,Major local road,full,0.0,45.40269867414756,9.332973177694676,dentro_sezione,0.0
2026-07-29T18:45:53+00:00,151390000005,Mediglia,0.7604290822407629,Major local road,one_side,0.0,45.39901575157139,9.328824437964817,dentro_sezione,0.0
2026-07-29T18:45:53+00:00,151390000005,Mediglia,0.7604290822407629,Connecting road,full,0.0,45.39638593209097,9.326481688905965,dentro_sezione,0.0
2026-07-29T18:45:53+00:00,151390000005,Mediglia,0.7604290822407629,Connecting road,one_side,0.0,45.393074928382816,9.32979317581705,dentro_sezione,0.0
2026-07-29T18:45:53+00:00,151390000006,Mediglia,0.7320891064249785,Major local road,full,0.0,45.39695368826313,9.331997118685997,dentro_sezione,0.0
2026-07-29T18:45:53+00:00,151390000005,Mediglia,0.7604290822407629,Major local road,full,0.0,45.39695368826313,9.331997118685997,dentro_sezione,0.0
2026-07-29T18:45:53+00:00,151390000006,Mediglia,0.7320891064249785,Major local road,one_side,0.0,45.39818813703475,9.330293207015123,dentro_sezione,0.0
2026-07-29T18:45:53+00:00,151390000005,Mediglia,0.7604290822407629,Major local road,one_side,0.0,45.39818813703475,9.330293207015123,dentro_sezione,0.0
2026-07-29T18:45:53+00:00,151390000006,Mediglia,0.7320891064249785,Local road,full,0.0,45.39608792001459,9.332509194682364,dentro_sezione,0.0
2026-07-29T18:45:53+00:00,151390000005,Mediglia,0.7604290822407629,Local road,full,0.0,45.39608792001459,9.332509194682364,dentro_sezione,0.0
2026-07-29T18:45:53+00:00,151390000006,Mediglia,0.7320891064249785,Local road,one_side,0.0,45.39326670139134,9.332485365519153,dentro_sezione,0.0
2026-07-29T18:45:53+00:00,151390000005,Mediglia,0.7604290822407629,Local road,one_side,0.0,45.39326670139134,9.332485365519153,dentro_sezione,0.0
2026-07-29T18:45:53+00:00,151390000006,Mediglia,0.7320891064249785,Minor local road,full,0.0,45.39522836417661,9.332302120406032,dentro_sezione,0.0
2026-07-29T18:45:53+00:00,151390000005,Mediglia,0.7604290822407629,Minor local road,full,0.0,45.39522836417661,9.332302120406032,dentro_sezione,0.0
2026-07-29T18:45:53+00:00,151390000005,Mediglia,0.7604290822407629,Minor local road,one_side,0.0,45.39511987030326,9.329358166936347,dentro_sezione,0.0
2026-07-29T18:45:53+00:00,151390000012,Mediglia,0.8052276000196243,Major local road,full,0.0,45.40192324569242,9.33925038288648,dentro_sezione,0.0
2026-07-29T18:45:53+00:00,151390000012,Mediglia,0.8052276000196243,Major local road,one_side,0.0,45.39971558766529,9.340347647666931,dentro_sezione,0.0
2026-07-29T18:45:53+00:00,151720000033,Pessano con Bornago,0.6917868903081323,Connecting road,full,0.0,45.550503057218656,9.371199885655058,dentro_sezione,0.0
2026-07-29T18:45:53+00:00,151720000033,Pessano con Bornago,0.6917868903081323,Connecting road,one_side,0.0,45.55027066137421,9.366442433084678,dentro_sezione,0.0
2026-07-29T18:45:53+00:00,151720000033,Pessano con Bornago,0.6917868903081323,Connecting road,full,0.0,45.54997239764829,9.375375151996868,dentro_sezione,0.0
2026-07-29T18:45:53+00:00,151720000033,Pessano con Bornago,0.6917868903081323,Connecting road,one_side,0.0,45.54934355939635,9.376151642930555,dentro_sezione,0.0
2026-07-29T18:45:53+00:00,151060000002,Gessate,0.7425160242073031,Secondary road,one_side,0.0,45.56467958054513,9.42994085278958,dentro_sezione,0.0
2026-07-29T18:45:53+00:00,151060000002,Gessate,0.7425160242073031,Local road,full,0.0,45.560255313571915,9.432396762804721,dentro_sezione,0.0
2026-07-29T18:45:53+00:00,151060000002,Gessate,0.7425160242073031,Local road,one_side,0.0,45.56454053580137,9.429751142185447,dentro_sezione,0.0
2026-07-29T18:45:53+00:00,151060000001,Gessate,0.6955934512145499,Secondary road,one_side,0.0,45.556528542306786,9.434336921465553,dentro_sezione,0.0
2026-07-29T18:45:53+00:00,151060000002,Gessate,0.7425160242073031,Secondary road,one_side,0.0,45.556528542306786,9.434336921465553,dentro_sezione,0.0
2026-07-29T18:45:53+00:00,151060000001,Gessate,0.6955934512145499,Connecting road,one_side,0.0,45.55590896681553,9.431484338768323,dentro_sezione,0.0
2026-07-29T18:45:53+00:00,151060000024,Gessate,0.7259449304054464,Connecting road,one_side,0.0,45.55590896681553,9.431484338768323,dentro_sezione,0.0
2026-07-29T18:45:53+00:00,151060000001,Gessate,0.6955934512145499,Major local road,one_side,0.0,45.55422279576027,9.432760444383911,dentro_sezione,0.0
2026-07-29T18:45:53+00:00,151060000002,Gessate,0.7425160242073031,Local road,full,0.0,45.560255313571915,9.432396762804721,dentro_sezione,0.0
2026-07-29T18:45:53+00:00,151060000001,Gessate,0.6955934512145499,Local road,one_side,0.0,45.555846588990775,9.43116296524165,dentro_sezione,0.0
2026-07-29T18:45:53+00:00,151060000024,Gessate,0.7259449304054464,Local road,one_side,0.0,45.555846588990775,9.43116296524165,dentro_sezione,0.0
2026-07-29T18:45:53+00:00,151060000002,Gessate,0.7425160242073031,Local road,one_side,0.0,45.555846588990775,9.43116296524165,dentro_sezione,0.0
2026-07-29T18:45:53+00:00,151780000007,Pozzuolo Martesana,0.6870828006360621,Major local road,one_side,0.0,45.5162997071174,9.452851839905524,dentro_sezione,0.0
2026-07-29T18:45:53+00:00,151780000006,Pozzuolo Martesana,0.7249463935793504,Local road,one_side,0.0,45.51383675500905,9.455127776174606,dentro_sezione,0.0
2026-07-29T18:45:53+00:00,151780000010,Pozzuolo Martesana,0.7180720735800431,Local road,one_side,0.0,45.51383675500905,9.455127776174606,dentro_sezione,0.0
2026-07-29T18:45:53+00:00,151780000006,Pozzuolo Martesana,0.7249463935793504,Local road,one_side,0.0,45.51352177880894,9.45403040996121,dentro_sezione,0.0
2026-07-29T18:45:53+00:00,151780000010,Pozzuolo Martesana,0.7180720735800431,Local road,one_side,0.0,45.51352177880894,9.45403040996121,dentro_sezione,0.0
2026-07-29T18:45:53+00:00,151780000010,Pozzuolo Martesana,0.7180720735800431,Connecting road,full,0.0,45.513599351573255,9.460939502465216,dentro_sezione,0.0
2026-07-29T18:45:53+00:00,151780000007,Pozzuolo Martesana,0.6870828006360621,Connecting road,full,0.0,45.513599351573255,9.460939502465216,dentro_sezione,0.0
2026-07-29T18:45:53+00:00,151780000010,Pozzuolo Martesana,0.7180720735800431,Connecting road,one_side,0.0,45.51563145821439,9.465520992389205,dentro_sezione,0.0
2026-07-29T18:45:53+00:00,151780000007,Pozzuolo Martesana,0.6870828006360621,Connecting road,one_side,0.0,45.51563145821439,9.465520992389205,dentro_sezione,0.0
2026-07-29T18:45:53+00:00,151780000010,Pozzuolo Martesana,0.7180720735800431,Major local road,one_side,0.0,45.51532070853119,9.459851812271916,dentro_sezione,0.0
2026-07-29T18:45:53+00:00,151780000007,Pozzuolo Martesana,0.6870828006360621,Major local road,one_side,0.0,45.51532070853119,9.459851812271916,dentro_sezione,0.0
2026-07-29T18:45:53+00:00,151780000006,Pozzuolo Martesana,0.7249463935793504,Local road,one_side,0.0,45.51362060641403,9.459314526874598,dentro_sezione,0.0
2026-07-29T18:45:53+00:00,151780000010,Pozzuolo Martesana,0.7180720735800431,Local road,one_side,0.0,45.51362060641403,9.459314526874598,dentro_sezione,0.0
2026-07-29T18:45:53+00:00,151780000010,Pozzuolo Martesana,0.7180720735800431,Connecting road,full,0.0,45.513599351573255,9.460939502465216,dentro_sezione,0.0
2026-07-29T18:45:53+00:00,151780000007,Pozzuolo Martesana,0.6870828006360621,Connecting road,full,0.0,45.513599351573255,9.460939502465216,dentro_sezione,0.0
2026-07-29T18:45:53+00:00,151780000010,Pozzuolo Martesana,0.7180720735800431,Connecting road,one_side,0.0,45.51201985358216,9.463432597695672,dentro_sezione,0.0
2026-07-29T18:45:53+00:00,151780000007,Pozzuolo Martesana,0.6870828006360621,Connecting road,one_side,0.0,45.51201985358216,9.463432597695672,dentro_sezione,0.0
2026-07-29T18:45:53+00:00,151780000010,Pozzuolo Martesana,0.7180720735800431,Major local road,one_side,0.0,45.514391786615064,9.460879607557235,dentro_sezione,0.0
2026-07-29T18:45:53+00:00,151780000007,Pozzuolo Martesana,0.6870828006360621,Major local road,one_side,0.0,45.514391786615064,9.460879607557235,dentro_sezione,0.0
2026-07-29T18:45:53+00:00,151780000006,Pozzuolo Martesana,0.7249463935793504,Local road,one_side,0.0,45.51362060641403,9.459314526874598,dentro_sezione,0.0
2026-07-29T18:45:53+00:00,151780000010,Pozzuolo Martesana,0.7180720735800431,Local road,one_side,0.0,45.51362060641403,9.459314526874598,dentro_sezione,0.0
2026-07-29T18:45:53+00:00,152240000010,Truccazzano,0.7476905228465803,Connecting road,one_side,0.0,45.463656188833134,9.475532115410585,dentro_sezione,0.0
2026-07-29T18:45:53+00:00,150590000040,Cassano d'Adda,0.8090312749814579,Connecting road,full,0.0,45.50586857074825,9.527646386145808,dentro_sezione,0.0
2026-07-29T18:45:53+00:00,150590000040,Cassano d'Adda,0.8090312749814579,Connecting road,one_side,0.0,45.506227865561726,9.526025437081474,dentro_sezione,0.0
2026-07-29T18:45:53+00:00,150590000040,Cassano d'Adda,0.8090312749814579,Connecting road,full,0.0,45.50465141333191,9.53149248144333,dentro_sezione,0.0
2026-07-29T18:45:53+00:00,150590000040,Cassano d'Adda,0.8090312749814579,Connecting road,one_side,0.0,45.50481444915567,9.530592811924295,dentro_sezione,0.0
2026-07-29T18:45:53+00:00,150990000018,Dairago,0.7297543772564479,Connecting road,one_side,0.0,45.564686052346,8.860306390456056,piu_vicino_esterno,163.7
2026-07-29T18:45:53+00:00,150770000392,Cinisello Balsamo,0.7272782368032968,Connecting road,one_side,0.0,45.57128500494079,9.209350914619835,piu_vicino_esterno,251.1
2026-07-29T18:45:53+00:00,150770000393,Cinisello Balsamo,0.714057724663571,Connecting road,one_side,0.0,45.57128500494079,9.209350914619835,piu_vicino_esterno,263.7
2026-07-29T18:50:51+00:00,151830000004,Robecchetto con Induno,0.7553527057173448,Connecting road,one_side,0.014999985694885254,45.52384329954846,8.773157689183474,dentro_sezione,0.0
2026-07-29T18:50:51+00:00,151830000005,Robecchetto con Induno,0.7359793597243346,Connecting road,one_side,0.014999985694885254,45.52384329954846,8.773157689183474,dentro_sezione,0.0
2026-07-29T18:50:51+00:00,151830000004,Robecchetto con Induno,0.7553527057173448,Major local road,one_side,0.0,45.52593707033944,8.774034097590642,dentro_sezione,0.0
2026-07-29T18:50:51+00:00,151830000005,Robecchetto con Induno,0.7359793597243346,Major local road,one_side,0.0,45.52593707033944,8.774034097590642,dentro_sezione,0.0
2026-07-29T18:50:51+00:00,151830000004,Robecchetto con Induno,0.7553527057173448,Local road,full,0.0,45.52665341304878,8.77813513370993,dentro_sezione,0.0
2026-07-29T18:50:51+00:00,151830000005,Robecchetto con Induno,0.7359793597243346,Local road,full,0.0,45.52665341304878,8.77813513370993,dentro_sezione,0.0
2026-07-29T18:50:51+00:00,151830000004,Robecchetto con Induno,0.7553527057173448,Local road,one_side,0.0,45.52750090024759,8.777482354636556,dentro_sezione,0.0
2026-07-29T18:50:51+00:00,151830000005,Robecchetto con Induno,0.7359793597243346,Local road,one_side,0.0,45.52750090024759,8.777482354636556,dentro_sezione,0.0
2026-07-29T18:50:51+00:00,151830000004,Robecchetto con Induno,0.7553527057173448,Minor local road,one_side,0.0,45.5246629407847,8.777006510696419,dentro_sezione,0.0
2026-07-29T18:50:51+00:00,151830000005,Robecchetto con Induno,0.7359793597243346,Minor local road,one_side,0.0,45.5246629407847,8.777006510696419,dentro_sezione,0.0
2026-07-29T18:50:51+00:00,151830000004,Robecchetto con Induno,0.7553527057173448,Connecting road,one_side,0.014999985694885254,45.52127522697483,8.777696798566893,dentro_sezione,0.0
2026-07-29T18:50:51+00:00,151830000005,Robecchetto con Induno,0.7359793597243346,Connecting road,one_side,0.014999985694885254,45.52127522697483,8.777696798566893,dentro_sezione,0.0
2026-07-29T18:50:51+00:00,151830000004,Robecchetto con Induno,0.7553527057173448,Major local road,one_side,0.0,45.52003006239406,8.771803302455004,dentro_sezione,0.0
2026-07-29T18:50:51+00:00,151830000004,Robecchetto con Induno,0.7553527057173448,Connecting road,one_side,0.014999985694885254,45.521384299391016,8.77747167238986,dentro_sezione,0.0
2026-07-29T18:50:51+00:00,151830000005,Robecchetto con Induno,0.7359793597243346,Connecting road,one_side,0.014999985694885254,45.521384299391016,8.77747167238986,dentro_sezione,0.0
2026-07-29T18:50:51+00:00,151830000005,Robecchetto con Induno,0.7359793597243346,Major local road,full,0.0,45.52572185698712,8.781758926879993,dentro_sezione,0.0
2026-07-29T18:50:51+00:00,151830000004,Robecchetto con Induno,0.7553527057173448,Major local road,one_side,0.0,45.52545606758585,8.783235613334185,dentro_sezione,0.0
2026-07-29T18:50:51+00:00,151830000005,Robecchetto con Induno,0.7359793597243346,Major local road,one_side,0.0,45.52545606758585,8.783235613334185,dentro_sezione,0.0
2026-07-29T18:50:51+00:00,151830000004,Robecchetto con Induno,0.7553527057173448,Local road,full,0.0,45.52665017246545,8.778138354718036,dentro_sezione,0.0
2026-07-29T18:50:51+00:00,151830000005,Robecchetto con Induno,0.7359793597243346,Local road,full,0.0,45.52665017246545,8.778138354718036,dentro_sezione,0.0
2026-07-29T18:50:51+00:00,151830000004,Robecchetto con Induno,0.7553527057173448,Local road,one_side,0.0,45.52614843665075,8.779160738634744,dentro_sezione,0.0
2026-07-29T18:50:51+00:00,151830000005,Robecchetto con Induno,0.7359793597243346,Local road,one_side,0.0,45.52614843665075,8.779160738634744,dentro_sezione,0.0
2026-07-29T18:50:51+00:00,151830000004,Robecchetto con Induno,0.7553527057173448,Minor local road,one_side,0.0,45.524831941765086,8.777906603428388,dentro_sezione,0.0
2026-07-29T18:50:51+00:00,151830000005,Robecchetto con Induno,0.7359793597243346,Minor local road,one_side,0.0,45.524831941765086,8.777906603428388,dentro_sezione,0.0
2026-07-29T18:50:51+00:00,151830000004,Robecchetto con Induno,0.7553527057173448,Connecting road,one_side,0.06800001859664917,45.51489603401543,8.780904184202315,dentro_sezione,0.0
2026-07-29T18:50:51+00:00,151830000004,Robecchetto con Induno,0.7553527057173448,Connecting road,one_side,0.014999985694885254,45.51950892152553,8.779413693423816,dentro_sezione,0.0
2026-07-29T18:50:51+00:00,151830000005,Robecchetto con Induno,0.7359793597243346,Connecting road,one_side,0.014999985694885254,45.51950892152553,8.779413693423816,dentro_sezione,0.0
2026-07-29T18:50:51+00:00,151830000004,Robecchetto con Induno,0.7553527057173448,Major local road,one_side,0.0,45.52129064980628,8.777203055737562,dentro_sezione,0.0
2026-07-29T18:50:51+00:00,150990000004,Dairago,0.7676872328697544,Connecting road,one_side,0.0,45.559969756077514,8.855855576146451,dentro_sezione,0.0
2026-07-29T18:50:51+00:00,150990000005,Dairago,0.7542589327199739,Connecting road,one_side,0.0,45.559969756077514,8.855855576146451,dentro_sezione,0.0
2026-07-29T18:50:51+00:00,150990000006,Dairago,0.7709685518618672,Secondary road,one_side,0.5620000064373016,45.5777463162237,8.860049850307782,dentro_sezione,0.0
2026-07-29T18:50:51+00:00,150990000006,Dairago,0.7709685518618672,Secondary road,one_side,0.49900001287460327,45.577741311180816,8.860052659197983,dentro_sezione,0.0
2026-07-29T18:50:51+00:00,150990000006,Dairago,0.7709685518618672,Secondary road,one_side,0.07400000095367432,45.57550377845801,8.861572145141743,dentro_sezione,0.0
2026-07-29T18:50:51+00:00,150990000006,Dairago,0.7709685518618672,Secondary road,one_side,0.0,45.58117809886045,8.856883817258172,dentro_sezione,0.0
2026-07-29T18:50:51+00:00,150990000006,Dairago,0.7709685518618672,Secondary road,one_side,0.5620000064373016,45.576270458340744,8.861078470945358,dentro_sezione,0.0
2026-07-29T18:50:51+00:00,150990000006,Dairago,0.7709685518618672,Secondary road,one_side,0.49900001287460327,45.576266444336554,8.861078712573057,dentro_sezione,0.0
2026-07-29T18:50:51+00:00,150990000006,Dairago,0.7709685518618672,Secondary road,full,0.2149999737739563,45.57379030956311,8.862627446651459,dentro_sezione,0.0
2026-07-29T18:50:51+00:00,150990000005,Dairago,0.7542589327199739,Secondary road,one_side,0.2149999737739563,45.570433449813656,8.864192014930888,dentro_sezione,0.0
2026-07-29T18:50:51+00:00,150990000001,Dairago,0.7159220448648945,Secondary road,one_side,0.2149999737739563,45.570433449813656,8.864192014930888,dentro_sezione,0.0
2026-07-29T18:50:51+00:00,150990000002,Dairago,0.6942688026504515,Secondary road,one_side,0.2149999737739563,45.570433449813656,8.864192014930888,dentro_sezione,0.0
2026-07-29T18:50:51+00:00,150990000006,Dairago,0.7709685518618672,Secondary road,one_side,0.2149999737739563,45.570433449813656,8.864192014930888,dentro_sezione,0.0
2026-07-29T18:50:51+00:00,150990000006,Dairago,0.7709685518618672,Secondary road,full,0.07400000095367432,45.574130222271364,8.862384773534133,dentro_sezione,0.0
2026-07-29T18:50:51+00:00,150990000006,Dairago,0.7709685518618672,Secondary road,one_side,0.07400000095367432,45.5752231718279,8.861740512995713,dentro_sezione,0.0
2026-07-29T18:50:51+00:00,150990000006,Dairago,0.7709685518618672,Secondary road,full,0.0,45.57396998798928,8.86251128068678,dentro_sezione,0.0
2026-07-29T18:50:51+00:00,150990000005,Dairago,0.7542589327199739,Secondary road,one_side,0.0,45.57155625802089,8.863616983229567,dentro_sezione,0.0
2026-07-29T18:50:51+00:00,150990000001,Dairago,0.7159220448648945,Secondary road,one_side,0.0,45.57155625802089,8.863616983229567,dentro_sezione,0.0
2026-07-29T18:50:51+00:00,150990000002,Dairago,0.6942688026504515,Secondary road,one_side,0.0,45.57155625802089,8.863616983229567,dentro_sezione,0.0
2026-07-29T18:50:51+00:00,150990000006,Dairago,0.7709685518618672,Secondary road,one_side,0.0,45.57155625802089,8.863616983229567,dentro_sezione,0.0
2026-07-29T18:50:51+00:00,150990000005,Dairago,0.7542589327199739,Connecting road,one_side,0.0,45.56869535247887,8.862106087174277,dentro_sezione,0.0
2026-07-29T18:50:51+00:00,150990000001,Dairago,0.7159220448648945,Connecting road,one_side,0.0,45.56869535247887,8.862106087174277,dentro_sezione,0.0
2026-07-29T18:50:51+00:00,150990000002,Dairago,0.6942688026504515,Connecting road,one_side,0.0,45.56869535247887,8.862106087174277,dentro_sezione,0.0
2026-07-29T18:50:51+00:00,150990000006,Dairago,0.7709685518618672,Connecting road,one_side,0.0,45.56869535247887,8.862106087174277,dentro_sezione,0.0
2026-07-29T18:50:51+00:00,150990000005,Dairago,0.7542589327199739,Local road,full,0.0,45.57115044782316,8.861418408582644,dentro_sezione,0.0
2026-07-29T18:50:51+00:00,150990000006,Dairago,0.7709685518618672,Local road,full,0.0,45.57115044782316,8.861418408582644,dentro_sezione,0.0
2026-07-29T18:50:51+00:00,150990000005,Dairago,0.7542589327199739,Local road,one_side,0.0,45.57092412688219,8.861752614264068,dentro_sezione,0.0
2026-07-29T18:50:51+00:00,150990000006,Dairago,0.7709685518618672,Local road,one_side,0.0,45.57092412688219,8.861752614264068,dentro_sezione,0.0
2026-07-29T18:50:51+00:00,150990000006,Dairago,0.7709685518618672,Minor local road,full,0.0,45.57390108315492,8.862335085868835,dentro_sezione,0.0
2026-07-29T18:50:51+00:00,150990000006,Dairago,0.7709685518618672,Minor local road,one_side,0.0,45.57342910946712,8.861447226380976,dentro_sezione,0.0
2026-07-29T18:50:51+00:00,150990000004,Dairago,0.7676872328697544,Secondary road,one_side,0.2149999737739563,45.56754907344413,8.865468281462599,dentro_sezione,0.0
2026-07-29T18:50:51+00:00,150990000001,Dairago,0.7159220448648945,Secondary road,one_side,0.2149999737739563,45.56754907344413,8.865468281462599,dentro_sezione,0.0
2026-07-29T18:50:51+00:00,150990000002,Dairago,0.6942688026504515,Secondary road,one_side,0.2149999737739563,45.56754907344413,8.865468281462599,dentro_sezione,0.0
2026-07-29T18:50:51+00:00,150990000004,Dairago,0.7676872328697544,Secondary road,one_side,0.0,45.565675664297586,8.866151684405883,dentro_sezione,0.0
2026-07-29T18:50:51+00:00,150990000001,Dairago,0.7159220448648945,Secondary road,one_side,0.0,45.565675664297586,8.866151684405883,dentro_sezione,0.0
2026-07-29T18:50:51+00:00,150990000002,Dairago,0.6942688026504515,Secondary road,one_side,0.0,45.565675664297586,8.866151684405883,dentro_sezione,0.0
2026-07-29T18:50:51+00:00,150990000004,Dairago,0.7676872328697544,Connecting road,full,0.0,45.56559331224461,8.864327222945509,dentro_sezione,0.0
2026-07-29T18:50:51+00:00,150990000005,Dairago,0.7542589327199739,Connecting road,full,0.0,45.56559331224461,8.864327222945509,dentro_sezione,0.0
2026-07-29T18:50:51+00:00,150990000001,Dairago,0.7159220448648945,Connecting road,full,0.0,45.56559331224461,8.864327222945509,dentro_sezione,0.0
2026-07-29T18:50:51+00:00,150990000002,Dairago,0.6942688026504515,Connecting road,full,0.0,45.56559331224461,8.864327222945509,dentro_sezione,0.0
2026-07-29T18:50:51+00:00,150990000004,Dairago,0.7676872328697544,Connecting road,one_side,0.0,45.564686052346,8.860306390456056,dentro_sezione,0.0
2026-07-29T18:50:51+00:00,150990000005,Dairago,0.7542589327199739,Connecting road,one_side,0.0,45.564686052346,8.860306390456056,dentro_sezione,0.0
2026-07-29T18:50:51+00:00,150990000001,Dairago,0.7159220448648945,Connecting road,one_side,0.0,45.564686052346,8.860306390456056,dentro_sezione,0.0
2026-07-29T18:50:51+00:00,150990000002,Dairago,0.6942688026504515,Connecting road,one_side,0.0,45.564686052346,8.860306390456056,dentro_sezione,0.0
2026-07-29T18:50:51+00:00,150990000004,Dairago,0.7676872328697544,Major local road,one_side,0.0,45.563239021472114,8.860581830730837,dentro_sezione,0.0
2026-07-29T18:50:51+00:00,150990000005,Dairago,0.7542589327199739,Major local road,one_side,0.0,45.563239021472114,8.860581830730837,dentro_sezione,0.0
2026-07-29T18:50:51+00:00,150990000001,Dairago,0.7159220448648945,Secondary road,one_side,0.2149999737739563,45.56793643860762,8.865308032085537,dentro_sezione,0.0
2026-07-29T18:50:51+00:00,150990000002,Dairago,0.6942688026504515,Secondary road,one_side,0.2149999737739563,45.56793643860762,8.865308032085537,dentro_sezione,0.0
2026-07-29T18:50:51+00:00,150990000001,Dairago,0.7159220448648945,Secondary road,one_side,0.0,45.56793608713956,8.865307163391256,dentro_sezione,0.0
2026-07-29T18:50:51+00:00,150990000002,Dairago,0.6942688026504515,Secondary road,one_side,0.0,45.56793608713956,8.865307163391256,dentro_sezione,0.0
2026-07-29T18:50:51+00:00,150990000004,Dairago,0.7676872328697544,Secondary road,one_side,0.2149999737739563,45.56754869645032,8.86546906182961,dentro_sezione,0.0
2026-07-29T18:50:51+00:00,150990000001,Dairago,0.7159220448648945,Secondary road,one_side,0.2149999737739563,45.56754869645032,8.86546906182961,dentro_sezione,0.0
2026-07-29T18:50:51+00:00,150990000002,Dairago,0.6942688026504515,Secondary road,one_side,0.2149999737739563,45.56754869645032,8.86546906182961,dentro_sezione,0.0
2026-07-29T18:50:51+00:00,150990000004,Dairago,0.7676872328697544,Secondary road,one_side,0.0,45.56350375152398,8.867135362175203,dentro_sezione,0.0
2026-07-29T18:50:51+00:00,150990000001,Dairago,0.7159220448648945,Secondary road,one_side,0.0,45.56350375152398,8.867135362175203,dentro_sezione,0.0
2026-07-29T18:50:51+00:00,150990000002,Dairago,0.6942688026504515,Secondary road,one_side,0.0,45.56350375152398,8.867135362175203,dentro_sezione,0.0
2026-07-29T18:50:51+00:00,150990000004,Dairago,0.7676872328697544,Connecting road,full,0.0,45.566236844428026,8.865384249111933,dentro_sezione,0.0
2026-07-29T18:50:51+00:00,150990000001,Dairago,0.7159220448648945,Connecting road,full,0.0,45.566236844428026,8.865384249111933,dentro_sezione,0.0
2026-07-29T18:50:51+00:00,150990000002,Dairago,0.6942688026504515,Connecting road,full,0.0,45.566236844428026,8.865384249111933,dentro_sezione,0.0
2026-07-29T18:50:51+00:00,150990000004,Dairago,0.7676872328697544,Connecting road,one_side,0.0,45.565772277047955,8.87122243071949,dentro_sezione,0.0
2026-07-29T18:50:51+00:00,150990000001,Dairago,0.7159220448648945,Connecting road,one_side,0.0,45.565772277047955,8.87122243071949,dentro_sezione,0.0
2026-07-29T18:50:51+00:00,150990000002,Dairago,0.6942688026504515,Connecting road,one_side,0.0,45.565772277047955,8.87122243071949,dentro_sezione,0.0
2026-07-29T18:50:51+00:00,151840000003,Robecco sul Naviglio,0.7196016242096119,Secondary road,full,0.0,45.43738004527872,8.884716475393938,dentro_sezione,0.0
2026-07-29T18:50:51+00:00,151840000006,Robecco sul Naviglio,0.7230185825971769,Secondary road,full,0.0,45.43738004527872,8.884716475393938,dentro_sezione,0.0
2026-07-29T18:50:51+00:00,151840000004,Robecco sul Naviglio,0.7107590900039538,Secondary road,full,0.0,45.43738004527872,8.884716475393938,dentro_sezione,0.0
2026-07-29T18:50:51+00:00,151840000006,Robecco sul Naviglio,0.7230185825971769,Secondary road,one_side,0.0,45.441021454681305,8.886726811167174,dentro_sezione,0.0
2026-07-29T18:50:51+00:00,151840000004,Robecco sul Naviglio,0.7107590900039538,Secondary road,one_side,0.0,45.441021454681305,8.886726811167174,dentro_sezione,0.0
2026-07-29T18:50:51+00:00,151840000004,Robecco sul Naviglio,0.7107590900039538,Connecting road,one_side,0.0,45.44215302778418,8.881694311544635,dentro_sezione,0.0
2026-07-29T18:50:51+00:00,151840000008,Robecco sul Naviglio,0.7257111688941349,Connecting road,one_side,0.0,45.44215302778418,8.881694311544635,dentro_sezione,0.0
2026-07-29T18:50:51+00:00,151840000008,Robecco sul Naviglio,0.7257111688941349,Minor local road,one_side,0.0,45.44305633774382,8.87880615453956,dentro_sezione,0.0
2026-07-29T18:50:51+00:00,151840000003,Robecco sul Naviglio,0.7196016242096119,Secondary road,full,0.0,45.436020247875916,8.88427360275287,dentro_sezione,0.0
2026-07-29T18:50:51+00:00,151840000006,Robecco sul Naviglio,0.7230185825971769,Secondary road,full,0.0,45.436020247875916,8.88427360275287,dentro_sezione,0.0
2026-07-29T18:50:51+00:00,151840000004,Robecco sul Naviglio,0.7107590900039538,Secondary road,full,0.0,45.436020247875916,8.88427360275287,dentro_sezione,0.0
2026-07-29T18:50:51+00:00,151840000003,Robecco sul Naviglio,0.7196016242096119,Secondary road,one_side,0.0,45.432741752237355,8.885387574658592,dentro_sezione,0.0
2026-07-29T18:50:51+00:00,151840000006,Robecco sul Naviglio,0.7230185825971769,Secondary road,one_side,0.0,45.432741752237355,8.885387574658592,dentro_sezione,0.0
2026-07-29T18:50:51+00:00,151840000004,Robecco sul Naviglio,0.7107590900039538,Secondary road,one_side,0.0,45.432741752237355,8.885387574658592,dentro_sezione,0.0
2026-07-29T18:50:51+00:00,151840000003,Robecco sul Naviglio,0.7196016242096119,Connecting road,full,0.0,45.434818033444905,8.888212023960996,dentro_sezione,0.0
2026-07-29T18:50:51+00:00,151840000004,Robecco sul Naviglio,0.7107590900039538,Connecting road,full,0.0,45.434818033444905,8.888212023960996,dentro_sezione,0.0
2026-07-29T18:50:51+00:00,151840000003,Robecco sul Naviglio,0.7196016242096119,Connecting road,one_side,0.0,45.43218495639539,8.879627085051737,dentro_sezione,0.0
2026-07-29T18:50:51+00:00,151840000006,Robecco sul Naviglio,0.7230185825971769,Connecting road,one_side,0.0,45.43218495639539,8.879627085051737,dentro_sezione,0.0
2026-07-29T18:50:51+00:00,150410000011,Busto Garolfo,0.7031690557477914,Local road,one_side,0.48799997568130493,45.544972559851566,8.890237233490335,dentro_sezione,0.0
2026-07-29T18:50:51+00:00,150410000011,Busto Garolfo,0.7031690557477914,Major local road,one_side,0.0,45.547462481839126,8.892937891739695,dentro_sezione,0.0
2026-07-29T18:50:51+00:00,150410000011,Busto Garolfo,0.7031690557477914,Local road,one_side,0.0,45.54893945265665,8.888579923563244,dentro_sezione,0.0
2026-07-29T18:50:51+00:00,150410000011,Busto Garolfo,0.7031690557477914,Local road,one_side,0.48799997568130493,45.54407600412062,8.890929616471169,dentro_sezione,0.0
2026-07-29T18:50:51+00:00,150410000011,Busto Garolfo,0.7031690557477914,Connecting road,one_side,0.0,45.54197439189159,8.89465136982906,dentro_sezione,0.0
2026-07-29T18:50:51+00:00,150410000011,Busto Garolfo,0.7031690557477914,Major local road,one_side,0.0,45.544562915692,8.895608895264767,dentro_sezione,0.0
2026-07-29T18:50:51+00:00,150410000011,Busto Garolfo,0.7031690557477914,Local road,one_side,0.0,45.54049505829869,8.891599000579392,dentro_sezione,0.0
2026-07-29T18:50:51+00:00,151840000003,Robecco sul Naviglio,0.7196016242096119,Secondary road,full,0.0,45.43673429376078,8.88704731701488,dentro_sezione,0.0
2026-07-29T18:50:51+00:00,151840000004,Robecco sul Naviglio,0.7107590900039538,Secondary road,full,0.0,45.43673429376078,8.88704731701488,dentro_sezione,0.0
2026-07-29T18:50:51+00:00,151840000004,Robecco sul Naviglio,0.7107590900039538,Secondary road,one_side,0.0,45.44129080099548,8.887639896752052,dentro_sezione,0.0
2026-07-29T18:50:51+00:00,151840000003,Robecco sul Naviglio,0.7196016242096119,Secondary road,full,0.0,45.43465511634912,8.88814045588459,dentro_sezione,0.0
2026-07-29T18:50:51+00:00,151840000004,Robecco sul Naviglio,0.7107590900039538,Secondary road,full,0.0,45.43465511634912,8.88814045588459,dentro_sezione,0.0
2026-07-29T18:50:51+00:00,151840000003,Robecco sul Naviglio,0.7196016242096119,Connecting road,full,0.0,45.433208070156475,8.889242619884701,dentro_sezione,0.0
2026-07-29T18:50:51+00:00,151840000004,Robecco sul Naviglio,0.7107590900039538,Connecting road,full,0.0,45.433208070156475,8.889242619884701,dentro_sezione,0.0
2026-07-29T18:50:51+00:00,150720000017,Cerro Maggiore,0.6999223680906879,Secondary road,one_side,0.0,45.59469927159379,8.956787134794192,dentro_sezione,0.0
2026-07-29T18:50:51+00:00,150720000017,Cerro Maggiore,0.6999223680906879,Secondary road,full,0.0,45.58848035915598,8.9642983740158,dentro_sezione,0.0
2026-07-29T18:50:51+00:00,150720000017,Cerro Maggiore,0.6999223680906879,Secondary road,one_side,0.0,45.59053028893129,8.961361051470247,dentro_sezione,0.0
2026-07-29T18:50:51+00:00,150720000017,Cerro Maggiore,0.6999223680906879,Major local road,one_side,0.0,45.58829146872337,8.959288092130175,dentro_sezione,0.0
2026-07-29T18:50:51+00:00,150720000017,Cerro Maggiore,0.6999223680906879,Secondary road,full,0.0,45.58756210472569,8.966193376164924,dentro_sezione,0.0
2026-07-29T18:50:51+00:00,150720000017,Cerro Maggiore,0.6999223680906879,Secondary road,one_side,0.0,45.58536762844651,8.971044060006122,dentro_sezione,0.0
2026-07-29T18:50:51+00:00,150720000017,Cerro Maggiore,0.6999223680906879,Connecting road,one_side,0.0,45.58803245184286,8.973497377206987,dentro_sezione,0.0
2026-07-29T18:50:51+00:00,150220000001,Besate,0.8066359409766615,Secondary road,one_side,0.453000009059906,45.315185796928255,8.97022588986421,dentro_sezione,0.0
2026-07-29T18:50:51+00:00,150220000002,Besate,0.8457837792598706,Secondary road,one_side,0.453000009059906,45.315185796928255,8.97022588986421,dentro_sezione,0.0
2026-07-29T18:50:51+00:00,150220000002,Besate,0.8457837792598706,Secondary road,one_side,0.3059999942779541,45.31575928409737,8.973757636805939,dentro_sezione,0.0
2026-07-29T18:50:51+00:00,150220000001,Besate,0.8066359409766615,Secondary road,full,0.0,45.31397405974819,8.970680438795323,dentro_sezione,0.0
2026-07-29T18:50:51+00:00,150220000002,Besate,0.8457837792598706,Secondary road,full,0.0,45.31397405974819,8.970680438795323,dentro_sezione,0.0
2026-07-29T18:50:51+00:00,150220000001,Besate,0.8066359409766615,Secondary road,one_side,0.0,45.31743232075766,8.969708236779354,dentro_sezione,0.0
2026-07-29T18:50:51+00:00,150220000002,Besate,0.8457837792598706,Secondary road,one_side,0.0,45.31743232075766,8.969708236779354,dentro_sezione,0.0
2026-07-29T18:50:51+00:00,150220000001,Besate,0.8066359409766615,Secondary road,full,0.0,45.31230807897691,8.970803137994647,dentro_sezione,0.0
2026-07-29T18:50:51+00:00,150220000002,Besate,0.8457837792598706,Secondary road,full,0.0,45.31230807897691,8.970803137994647,dentro_sezione,0.0
2026-07-29T18:50:51+00:00,150220000001,Besate,0.8066359409766615,Secondary road,one_side,0.0,45.30850050611067,8.971050499191625,dentro_sezione,0.0
2026-07-29T18:50:51+00:00,150220000002,Besate,0.8457837792598706,Secondary road,one_side,0.0,45.30850050611067,8.971050499191625,dentro_sezione,0.0
2026-07-29T18:50:51+00:00,150220000002,Besate,0.8457837792598706,Connecting road,one_side,0.0,45.31011677645614,8.97243897841263,dentro_sezione,0.0
2026-07-29T18:50:51+00:00,151030000093,Gaggiano,0.7171341415902132,Connecting road,full,0.0,45.37753558005545,9.02820117450363,dentro_sezione,0.0
2026-07-29T18:50:51+00:00,151030000093,Gaggiano,0.7171341415902132,Connecting road,one_side,0.0,45.37922478434031,9.025526004065227,dentro_sezione,0.0
2026-07-29T18:50:51+00:00,152360000001,Vernate,0.7404237143838364,Major road,full,0.0,45.33115422928388,9.051982675890759,dentro_sezione,0.0
2026-07-29T18:50:51+00:00,152360000001,Vernate,0.7404237143838364,Major road,one_side,0.0,45.333667378972784,9.04899330877629,dentro_sezione,0.0
2026-07-29T18:50:51+00:00,152360000001,Vernate,0.7404237143838364,Secondary road,full,0.0,45.33085582197837,9.05174506782142,dentro_sezione,0.0
2026-07-29T18:50:51+00:00,152360000001,Vernate,0.7404237143838364,Secondary road,one_side,0.0,45.3294711922926,9.049540764120502,dentro_sezione,0.0
2026-07-29T18:50:51+00:00,152360000004,Vernate,0.7248915606322527,Connecting road,full,0.0,45.31713370461864,9.060332435953853,dentro_sezione,0.0
2026-07-29T18:50:51+00:00,152360000004,Vernate,0.7248915606322527,Connecting road,one_side,0.0,45.31685556517416,9.058201381824388,dentro_sezione,0.0
2026-07-29T18:50:51+00:00,150270000044,Bollate,0.7092237674852166,Connecting road,full,0.0,45.551101576535864,9.141299958119559,dentro_sezione,0.0
2026-07-29T18:50:51+00:00,150270000044,Bollate,0.7092237674852166,Connecting road,one_side,0.0,45.54765211863531,9.13664998664483,dentro_sezione,0.0
2026-07-29T18:50:51+00:00,150270000044,Bollate,0.7092237674852166,Local road,full,0.0,45.5486136227763,9.137978497546188,dentro_sezione,0.0
2026-07-29T18:50:51+00:00,150270000044,Bollate,0.7092237674852166,Local road,one_side,0.0,45.54824986471238,9.135017346615326,dentro_sezione,0.0
2026-07-29T18:50:51+00:00,150270000046,Bollate,0.7233042911110021,Motorway,full,0.0,45.548637494915916,9.147269678190169,dentro_sezione,0.0
2026-07-29T18:50:51+00:00,150270000046,Bollate,0.7233042911110021,Secondary road,full,0.0,45.55070810723628,9.146664038825996,dentro_sezione,0.0
2026-07-29T18:50:51+00:00,150270000044,Bollate,0.7092237674852166,Connecting road,full,0.0,45.55017918548694,9.146031515963527,dentro_sezione,0.0
2026-07-29T18:50:51+00:00,150270000046,Bollate,0.7233042911110021,Connecting road,one_side,0.0,45.54844611685997,9.144391397351994,dentro_sezione,0.0
2026-07-29T18:50:51+00:00,150270000044,Bollate,0.7092237674852166,Connecting road,one_side,0.0,45.54844611685997,9.144391397351994,dentro_sezione,0.0
2026-07-29T18:50:51+00:00,150270000046,Bollate,0.7233042911110021,Major local road,one_side,0.0,45.547104666833036,9.147278688778757,dentro_sezione,0.0
2026-07-29T18:50:51+00:00,150270000044,Bollate,0.7092237674852166,Local road,full,0.0,45.549132817135515,9.14128879881228,dentro_sezione,0.0
2026-07-29T18:50:51+00:00,150270000044,Bollate,0.7092237674852166,Local road,one_side,0.0,45.55087472061718,9.140988204592569,dentro_sezione,0.0
2026-07-29T18:50:51+00:00,151660000079,Paderno Dugnano,0.7118644067796609,Major local road,full,0.0,45.57182786079618,9.158215086509971,dentro_sezione,0.0
2026-07-29T18:50:51+00:00,151660000079,Paderno Dugnano,0.7118644067796609,Major local road,one_side,0.0,45.57115547810489,9.15556725583581,dentro_sezione,0.0
2026-07-29T18:50:51+00:00,151660000079,Paderno Dugnano,0.7118644067796609,Local road,one_side,0.0,45.5697584120831,9.154184216067337,dentro_sezione,0.0
2026-07-29T18:50:51+00:00,151660000079,Paderno Dugnano,0.7118644067796609,Minor local road,full,0.0,45.569569956181454,9.157563682162007,dentro_sezione,0.0
2026-07-29T18:50:51+00:00,151660000079,Paderno Dugnano,0.7118644067796609,Major local road,full,0.0,45.56765660396396,9.16061173142433,dentro_sezione,0.0
2026-07-29T18:50:51+00:00,150770000455,Cinisello Balsamo,0.7342939680872247,Connecting road,full,0.0,45.5628198241358,9.20016664943403,dentro_sezione,0.0
2026-07-29T18:50:51+00:00,150770000308,Cinisello Balsamo,0.7375002525201512,Connecting road,full,0.0,45.5628198241358,9.20016664943403,dentro_sezione,0.0
2026-07-29T18:50:51+00:00,150770000455,Cinisello Balsamo,0.7342939680872247,Local road,one_side,0.0,45.56207030894774,9.204732755630442,dentro_sezione,0.0
2026-07-29T18:50:51+00:00,150770000370,Cinisello Balsamo,0.7379158285402604,Major local road,one_side,0.09500002861022949,45.57088853270369,9.21266910696619,dentro_sezione,0.0
2026-07-29T18:50:51+00:00,150770000308,Cinisello Balsamo,0.7375002525201512,Connecting road,one_side,0.0,45.57128500494079,9.209350914619835,dentro_sezione,0.0
2026-07-29T18:50:51+00:00,150770000310,Cinisello Balsamo,0.7121097120693088,Connecting road,one_side,0.0,45.57128500494079,9.209350914619835,dentro_sezione,0.0
2026-07-29T18:50:51+00:00,150770000370,Cinisello Balsamo,0.7379158285402604,Connecting road,one_side,0.0,45.57128500494079,9.209350914619835,dentro_sezione,0.0
2026-07-29T18:50:51+00:00,150770000370,Cinisello Balsamo,0.7379158285402604,Major local road,full,0.0,45.57156966721451,9.211245054264982,dentro_sezione,0.0
2026-07-29T18:50:51+00:00,150770000370,Cinisello Balsamo,0.7379158285402604,Major local road,one_side,0.0,45.56969350789178,9.21448967210412,dentro_sezione,0.0
2026-07-29T18:50:51+00:00,150770000308,Cinisello Balsamo,0.7375002525201512,Local road,full,0.0,45.56759310544539,9.21333004495521,dentro_sezione,0.0
2026-07-29T18:50:51+00:00,150770000455,Cinisello Balsamo,0.7342939680872247,Connecting road,full,0.0,45.565241334929205,9.208139213088042,dentro_sezione,0.0
2026-07-29T18:50:51+00:00,150770000308,Cinisello Balsamo,0.7375002525201512,Connecting road,full,0.0,45.565241334929205,9.208139213088042,dentro_sezione,0.0
2026-07-29T18:50:51+00:00,150770000308,Cinisello Balsamo,0.7375002525201512,Connecting road,one_side,0.0,45.567370928132085,9.210477903628986,dentro_sezione,0.0
2026-07-29T18:50:51+00:00,150770000310,Cinisello Balsamo,0.7121097120693088,Connecting road,one_side,0.0,45.567370928132085,9.210477903628986,dentro_sezione,0.0
2026-07-29T18:50:51+00:00,150770000308,Cinisello Balsamo,0.7375002525201512,Local road,full,0.0,45.56369204745294,9.212910239029103,dentro_sezione,0.0
2026-07-29T18:50:51+00:00,150770000455,Cinisello Balsamo,0.7342939680872247,Local road,one_side,0.0,45.56390554361116,9.211470433101258,dentro_sezione,0.0
2026-07-29T18:50:51+00:00,150770000308,Cinisello Balsamo,0.7375002525201512,Local road,one_side,0.0,45.56390554361116,9.211470433101258,dentro_sezione,0.0
2026-07-29T18:50:51+00:00,151590000022,Opera,0.730949158314262,Secondary road,full,0.0,45.40232137581589,9.209133230722834,dentro_sezione,0.0
2026-07-29T18:50:51+00:00,151460002842,Milano,0.741696415945421,Secondary road,full,0.0,45.40232137581589,9.209133230722834,dentro_sezione,0.0
2026-07-29T18:50:51+00:00,151590000022,Opera,0.730949158314262,Secondary road,full,0.0,45.39225546547591,9.211072481355576,dentro_sezione,0.0
2026-07-29T18:50:51+00:00,151460002842,Milano,0.741696415945421,Secondary road,full,0.0,45.39225546547591,9.211072481355576,dentro_sezione,0.0
2026-07-29T18:50:51+00:00,151590000022,Opera,0.730949158314262,Minor local road,full,0.0,45.39381965364314,9.211481553911986,dentro_sezione,0.0
2026-07-29T18:50:51+00:00,151590000014,Opera,0.7350933747370183,Minor local road,full,0.0,45.39381965364314,9.211481553911986,dentro_sezione,0.0
2026-07-29T18:50:51+00:00,151590000013,Opera,0.7339534266263019,Minor local road,one_side,0.0,45.39336750739379,9.211614956889422,dentro_sezione,0.0
2026-07-29T18:50:51+00:00,151590000022,Opera,0.730949158314262,Minor local road,one_side,0.0,45.39336750739379,9.211614956889422,dentro_sezione,0.0
2026-07-29T18:50:51+00:00,151590000014,Opera,0.7350933747370183,Minor local road,one_side,0.0,45.39336750739379,9.211614956889422,dentro_sezione,0.0
2026-07-29T18:50:51+00:00,151460002739,Milano,0.7105830473843242,Local road,one_side,0.0,45.416399000279455,9.239352252220206,dentro_sezione,0.0
2026-07-29T18:50:51+00:00,151460002738,Milano,0.694095645975406,Local road,one_side,0.0,45.416399000279455,9.239352252220206,dentro_sezione,0.0
2026-07-29T18:50:51+00:00,151460002739,Milano,0.7105830473843242,Local road,one_side,0.0,45.41530469682335,9.241945604240724,dentro_sezione,0.0
2026-07-29T18:50:51+00:00,151460002738,Milano,0.694095645975406,Local road,one_side,0.0,45.41530469682335,9.241945604240724,dentro_sezione,0.0
2026-07-29T18:50:51+00:00,150700000003,Cernusco sul Naviglio,0.69710280023203,Connecting road,full,0.0,45.526320116081415,9.322236627355936,dentro_sezione,0.0
2026-07-29T18:50:51+00:00,150700000003,Cernusco sul Naviglio,0.69710280023203,Connecting road,one_side,0.0,45.52385482525997,9.32355774741958,dentro_sezione,0.0
2026-07-29T18:50:51+00:00,151390000001,Mediglia,0.726435540984742,Connecting road,one_side,0.0,45.40120559797648,9.320046818976916,dentro_sezione,0.0
2026-07-29T18:50:51+00:00,151390000003,Mediglia,0.7112179551928244,Major local road,full,0.0,45.40140869376171,9.325048126419558,dentro_sezione,0.0
2026-07-29T18:50:51+00:00,151390000004,Mediglia,0.7585618760948553,Major local road,full,0.0,45.40140869376171,9.325048126419558,dentro_sezione,0.0
2026-07-29T18:50:51+00:00,151390000001,Mediglia,0.726435540984742,Major local road,full,0.0,45.40140869376171,9.325048126419558,dentro_sezione,0.0
2026-07-29T18:50:51+00:00,151390000003,Mediglia,0.7112179551928244,Major local road,one_side,0.0,45.400344667152524,9.325511649512542,dentro_sezione,0.0
2026-07-29T18:50:51+00:00,151390000001,Mediglia,0.726435540984742,Major local road,one_side,0.0,45.400344667152524,9.325511649512542,dentro_sezione,0.0
2026-07-29T18:50:51+00:00,151390000001,Mediglia,0.726435540984742,Minor local road,one_side,0.0,45.4006120470024,9.322143495082855,dentro_sezione,0.0
2026-07-29T18:50:51+00:00,151390000005,Mediglia,0.7604290822407629,Connecting road,full,0.0,45.3963907308835,9.326313621966435,dentro_sezione,0.0
2026-07-29T18:50:51+00:00,151390000005,Mediglia,0.7604290822407629,Connecting road,one_side,0.0,45.39679434052438,9.32338812732594,dentro_sezione,0.0
2026-07-29T18:50:51+00:00,151390000005,Mediglia,0.7604290822407629,Local road,one_side,0.0,45.396140404746596,9.327497611614783,dentro_sezione,0.0
2026-07-29T18:50:51+00:00,151390000005,Mediglia,0.7604290822407629,Minor local road,one_side,0.0,45.39511055682533,9.328355728091662,dentro_sezione,0.0
2026-07-29T18:50:51+00:00,150700000003,Cernusco sul Naviglio,0.69710280023203,Connecting road,full,0.0,45.52579521021402,9.334829022156015,dentro_sezione,0.0
2026-07-29T18:50:51+00:00,150700000003,Cernusco sul Naviglio,0.69710280023203,Connecting road,one_side,0.0,45.524771461211785,9.331391066137858,dentro_sezione,0.0
2026-07-29T18:50:51+00:00,151390000003,Mediglia,0.7112179551928244,Major local road,full,0.0,45.40269867414756,9.332973177694676,dentro_sezione,0.0
2026-07-29T18:50:51+00:00,151390000004,Mediglia,0.7585618760948553,Major local road,full,0.0,45.40269867414756,9.332973177694676,dentro_sezione,0.0
2026-07-29T18:50:51+00:00,151390000005,Mediglia,0.7604290822407629,Major local road,one_side,0.0,45.39901575157139,9.328824437964817,dentro_sezione,0.0
2026-07-29T18:50:51+00:00,151390000005,Mediglia,0.7604290822407629,Connecting road,full,0.0,45.39638593209097,9.326481688905965,dentro_sezione,0.0
2026-07-29T18:50:51+00:00,151390000005,Mediglia,0.7604290822407629,Connecting road,one_side,0.0,45.393074928382816,9.32979317581705,dentro_sezione,0.0
2026-07-29T18:50:51+00:00,151390000006,Mediglia,0.7320891064249785,Major local road,full,0.0,45.39695368826313,9.331997118685997,dentro_sezione,0.0
2026-07-29T18:50:51+00:00,151390000005,Mediglia,0.7604290822407629,Major local road,full,0.0,45.39695368826313,9.331997118685997,dentro_sezione,0.0
2026-07-29T18:50:51+00:00,151390000006,Mediglia,0.7320891064249785,Major local road,one_side,0.0,45.39818813703475,9.330293207015123,dentro_sezione,0.0
2026-07-29T18:50:51+00:00,151390000005,Mediglia,0.7604290822407629,Major local road,one_side,0.0,45.39818813703475,9.330293207015123,dentro_sezione,0.0
2026-07-29T18:50:51+00:00,151390000006,Mediglia,0.7320891064249785,Local road,full,0.0,45.39608792001459,9.332509194682364,dentro_sezione,0.0
2026-07-29T18:50:51+00:00,151390000005,Mediglia,0.7604290822407629,Local road,full,0.0,45.39608792001459,9.332509194682364,dentro_sezione,0.0
2026-07-29T18:50:51+00:00,151390000006,Mediglia,0.7320891064249785,Local road,one_side,0.0,45.39326670139134,9.332485365519153,dentro_sezione,0.0
2026-07-29T18:50:51+00:00,151390000005,Mediglia,0.7604290822407629,Local road,one_side,0.0,45.39326670139134,9.332485365519153,dentro_sezione,0.0
2026-07-29T18:50:51+00:00,151390000006,Mediglia,0.7320891064249785,Minor local road,full,0.0,45.39522836417661,9.332302120406032,dentro_sezione,0.0
2026-07-29T18:50:51+00:00,151390000005,Mediglia,0.7604290822407629,Minor local road,full,0.0,45.39522836417661,9.332302120406032,dentro_sezione,0.0
2026-07-29T18:50:51+00:00,151390000005,Mediglia,0.7604290822407629,Minor local road,one_side,0.0,45.39511987030326,9.329358166936347,dentro_sezione,0.0
2026-07-29T18:50:51+00:00,151390000012,Mediglia,0.8052276000196243,Major local road,full,0.0,45.40192324569242,9.33925038288648,dentro_sezione,0.0
2026-07-29T18:50:51+00:00,151390000012,Mediglia,0.8052276000196243,Major local road,one_side,0.0,45.39971558766529,9.340347647666931,dentro_sezione,0.0
2026-07-29T18:50:51+00:00,151720000033,Pessano con Bornago,0.6917868903081323,Connecting road,full,0.0,45.550503057218656,9.371199885655058,dentro_sezione,0.0
2026-07-29T18:50:51+00:00,151720000033,Pessano con Bornago,0.6917868903081323,Connecting road,one_side,0.0,45.55027066137421,9.366442433084678,dentro_sezione,0.0
2026-07-29T18:50:51+00:00,151720000033,Pessano con Bornago,0.6917868903081323,Connecting road,full,0.0,45.54997239764829,9.375375151996868,dentro_sezione,0.0
2026-07-29T18:50:51+00:00,151720000033,Pessano con Bornago,0.6917868903081323,Connecting road,one_side,0.0,45.54934355939635,9.376151642930555,dentro_sezione,0.0
2026-07-29T18:50:51+00:00,151060000002,Gessate,0.7425160242073031,Secondary road,one_side,0.0,45.56467958054513,9.42994085278958,dentro_sezione,0.0
2026-07-29T18:50:51+00:00,151060000002,Gessate,0.7425160242073031,Local road,full,0.0,45.560255313571915,9.432396762804721,dentro_sezione,0.0
2026-07-29T18:50:51+00:00,151060000002,Gessate,0.7425160242073031,Local road,one_side,0.0,45.56454053580137,9.429751142185447,dentro_sezione,0.0
2026-07-29T18:50:51+00:00,151060000001,Gessate,0.6955934512145499,Secondary road,one_side,0.0,45.556528542306786,9.434336921465553,dentro_sezione,0.0
2026-07-29T18:50:51+00:00,151060000002,Gessate,0.7425160242073031,Secondary road,one_side,0.0,45.556528542306786,9.434336921465553,dentro_sezione,0.0
2026-07-29T18:50:51+00:00,151060000001,Gessate,0.6955934512145499,Connecting road,one_side,0.0,45.55590896681553,9.431484338768323,dentro_sezione,0.0
2026-07-29T18:50:51+00:00,151060000024,Gessate,0.7259449304054464,Connecting road,one_side,0.0,45.55590896681553,9.431484338768323,dentro_sezione,0.0
2026-07-29T18:50:51+00:00,151060000001,Gessate,0.6955934512145499,Major local road,one_side,0.0,45.55422279576027,9.432760444383911,dentro_sezione,0.0
2026-07-29T18:50:51+00:00,151060000002,Gessate,0.7425160242073031,Local road,full,0.0,45.560255313571915,9.432396762804721,dentro_sezione,0.0
2026-07-29T18:50:51+00:00,151060000001,Gessate,0.6955934512145499,Local road,one_side,0.0,45.555846588990775,9.43116296524165,dentro_sezione,0.0
2026-07-29T18:50:51+00:00,151060000024,Gessate,0.7259449304054464,Local road,one_side,0.0,45.555846588990775,9.43116296524165,dentro_sezione,0.0
2026-07-29T18:50:51+00:00,151060000002,Gessate,0.7425160242073031,Local road,one_side,0.0,45.555846588990775,9.43116296524165,dentro_sezione,0.0
2026-07-29T18:50:51+00:00,151780000007,Pozzuolo Martesana,0.6870828006360621,Major local road,one_side,0.0,45.5162997071174,9.452851839905524,dentro_sezione,0.0
2026-07-29T18:50:51+00:00,151780000006,Pozzuolo Martesana,0.7249463935793504,Local road,one_side,0.0,45.51383675500905,9.455127776174606,dentro_sezione,0.0
2026-07-29T18:50:51+00:00,151780000010,Pozzuolo Martesana,0.7180720735800431,Local road,one_side,0.0,45.51383675500905,9.455127776174606,dentro_sezione,0.0
2026-07-29T18:50:51+00:00,151780000006,Pozzuolo Martesana,0.7249463935793504,Local road,one_side,0.0,45.51352177880894,9.45403040996121,dentro_sezione,0.0
2026-07-29T18:50:51+00:00,151780000010,Pozzuolo Martesana,0.7180720735800431,Local road,one_side,0.0,45.51352177880894,9.45403040996121,dentro_sezione,0.0
2026-07-29T18:50:51+00:00,151780000010,Pozzuolo Martesana,0.7180720735800431,Connecting road,full,0.0,45.513599351573255,9.460939502465216,dentro_sezione,0.0
2026-07-29T18:50:51+00:00,151780000007,Pozzuolo Martesana,0.6870828006360621,Connecting road,full,0.0,45.513599351573255,9.460939502465216,dentro_sezione,0.0
2026-07-29T18:50:51+00:00,151780000010,Pozzuolo Martesana,0.7180720735800431,Connecting road,one_side,0.0,45.51563145821439,9.465520992389205,dentro_sezione,0.0
2026-07-29T18:50:51+00:00,151780000007,Pozzuolo Martesana,0.6870828006360621,Connecting road,one_side,0.0,45.51563145821439,9.465520992389205,dentro_sezione,0.0
2026-07-29T18:50:51+00:00,151780000010,Pozzuolo Martesana,0.7180720735800431,Major local road,one_side,0.0,45.51532070853119,9.459851812271916,dentro_sezione,0.0
2026-07-29T18:50:51+00:00,151780000007,Pozzuolo Martesana,0.6870828006360621,Major local road,one_side,0.0,45.51532070853119,9.459851812271916,dentro_sezione,0.0
2026-07-29T18:50:51+00:00,151780000006,Pozzuolo Martesana,0.7249463935793504,Local road,one_side,0.0,45.51362060641403,9.459314526874598,dentro_sezione,0.0
2026-07-29T18:50:51+00:00,151780000010,Pozzuolo Martesana,0.7180720735800431,Local road,one_side,0.0,45.51362060641403,9.459314526874598,dentro_sezione,0.0
2026-07-29T18:50:51+00:00,151780000010,Pozzuolo Martesana,0.7180720735800431,Connecting road,full,0.0,45.513599351573255,9.460939502465216,dentro_sezione,0.0
2026-07-29T18:50:51+00:00,151780000007,Pozzuolo Martesana,0.6870828006360621,Connecting road,full,0.0,45.513599351573255,9.460939502465216,dentro_sezione,0.0
2026-07-29T18:50:51+00:00,151780000010,Pozzuolo Martesana,0.7180720735800431,Connecting road,one_side,0.0,45.51201985358216,9.463432597695672,dentro_sezione,0.0
2026-07-29T18:50:51+00:00,151780000007,Pozzuolo Martesana,0.6870828006360621,Connecting road,one_side,0.0,45.51201985358216,9.463432597695672,dentro_sezione,0.0
2026-07-29T18:50:51+00:00,151780000010,Pozzuolo Martesana,0.7180720735800431,Major local road,one_side,0.0,45.514391786615064,9.460879607557235,dentro_sezione,0.0
2026-07-29T18:50:51+00:00,151780000007,Pozzuolo Martesana,0.6870828006360621,Major local road,one_side,0.0,45.514391786615064,9.460879607557235,dentro_sezione,0.0
2026-07-29T18:50:51+00:00,151780000006,Pozzuolo Martesana,0.7249463935793504,Local road,one_side,0.0,45.51362060641403,9.459314526874598,dentro_sezione,0.0
2026-07-29T18:50:51+00:00,151780000010,Pozzuolo Martesana,0.7180720735800431,Local road,one_side,0.0,45.51362060641403,9.459314526874598,dentro_sezione,0.0
2026-07-29T18:50:51+00:00,152240000010,Truccazzano,0.7476905228465803,Connecting road,one_side,0.0,45.463656188833134,9.475532115410585,dentro_sezione,0.0
2026-07-29T18:50:51+00:00,150590000040,Cassano d'Adda,0.8090312749814579,Connecting road,full,0.0,45.50586857074825,9.527646386145808,dentro_sezione,0.0
2026-07-29T18:50:51+00:00,150590000040,Cassano d'Adda,0.8090312749814579,Connecting road,one_side,0.0,45.506227865561726,9.526025437081474,dentro_sezione,0.0
2026-07-29T18:50:51+00:00,150590000040,Cassano d'Adda,0.8090312749814579,Connecting road,full,0.0,45.50465141333191,9.53149248144333,dentro_sezione,0.0
2026-07-29T18:50:51+00:00,150590000040,Cassano d'Adda,0.8090312749814579,Connecting road,one_side,0.0,45.50481444915567,9.530592811924295,dentro_sezione,0.0
2026-07-29T18:50:51+00:00,150990000018,Dairago,0.7297543772564479,Connecting road,one_side,0.0,45.564686052346,8.860306390456056,piu_vicino_esterno,163.7
2026-07-29T18:50:51+00:00,150770000392,Cinisello Balsamo,0.7272782368032968,Connecting road,one_side,0.0,45.57128500494079,9.209350914619835,piu_vicino_esterno,251.1
2026-07-29T18:50:51+00:00,150770000393,Cinisello Balsamo,0.714057724663571,Connecting road,one_side,0.0,45.57128500494079,9.209350914619835,piu_vicino_esterno,263.7
2026-07-29T18:55:40+00:00,151830000004,Robecchetto con Induno,0.7553527057173448,Connecting road,one_side,0.0,45.524309692433015,8.772144027552589,dentro_sezione,0.0
2026-07-29T18:55:40+00:00,151830000005,Robecchetto con Induno,0.7359793597243346,Connecting road,one_side,0.0,45.524309692433015,8.772144027552589,dentro_sezione,0.0
2026-07-29T18:55:40+00:00,151830000004,Robecchetto con Induno,0.7553527057173448,Major local road,one_side,0.0,45.52593707033944,8.774034097590642,dentro_sezione,0.0
2026-07-29T18:55:40+00:00,151830000005,Robecchetto con Induno,0.7359793597243346,Major local road,one_side,0.0,45.52593707033944,8.774034097590642,dentro_sezione,0.0
2026-07-29T18:55:40+00:00,151830000004,Robecchetto con Induno,0.7553527057173448,Local road,full,0.0,45.52665341304878,8.77813513370993,dentro_sezione,0.0
2026-07-29T18:55:40+00:00,151830000005,Robecchetto con Induno,0.7359793597243346,Local road,full,0.0,45.52665341304878,8.77813513370993,dentro_sezione,0.0
2026-07-29T18:55:40+00:00,151830000004,Robecchetto con Induno,0.7553527057173448,Local road,one_side,0.0,45.52750090024759,8.777482354636556,dentro_sezione,0.0
2026-07-29T18:55:40+00:00,151830000005,Robecchetto con Induno,0.7359793597243346,Local road,one_side,0.0,45.52750090024759,8.777482354636556,dentro_sezione,0.0
2026-07-29T18:55:40+00:00,151830000004,Robecchetto con Induno,0.7553527057173448,Minor local road,one_side,0.0,45.5246629407847,8.777006510696419,dentro_sezione,0.0
2026-07-29T18:55:40+00:00,151830000005,Robecchetto con Induno,0.7359793597243346,Minor local road,one_side,0.0,45.5246629407847,8.777006510696419,dentro_sezione,0.0
2026-07-29T18:55:40+00:00,151830000004,Robecchetto con Induno,0.7553527057173448,Connecting road,one_side,0.0,45.52127522697483,8.777696798566893,dentro_sezione,0.0
2026-07-29T18:55:40+00:00,151830000005,Robecchetto con Induno,0.7359793597243346,Connecting road,one_side,0.0,45.52127522697483,8.777696798566893,dentro_sezione,0.0
2026-07-29T18:55:40+00:00,151830000004,Robecchetto con Induno,0.7553527057173448,Major local road,one_side,0.0,45.52003006239406,8.771803302455004,dentro_sezione,0.0
2026-07-29T18:55:40+00:00,151830000004,Robecchetto con Induno,0.7553527057173448,Connecting road,one_side,0.0,45.521384299391016,8.77747167238986,dentro_sezione,0.0
2026-07-29T18:55:40+00:00,151830000005,Robecchetto con Induno,0.7359793597243346,Connecting road,one_side,0.0,45.521384299391016,8.77747167238986,dentro_sezione,0.0
2026-07-29T18:55:40+00:00,151830000005,Robecchetto con Induno,0.7359793597243346,Major local road,full,0.0,45.52572185698712,8.781758926879993,dentro_sezione,0.0
2026-07-29T18:55:40+00:00,151830000004,Robecchetto con Induno,0.7553527057173448,Major local road,one_side,0.0,45.52545606758585,8.783235613334185,dentro_sezione,0.0
2026-07-29T18:55:40+00:00,151830000005,Robecchetto con Induno,0.7359793597243346,Major local road,one_side,0.0,45.52545606758585,8.783235613334185,dentro_sezione,0.0
2026-07-29T18:55:40+00:00,151830000004,Robecchetto con Induno,0.7553527057173448,Local road,full,0.0,45.52665017246545,8.778138354718036,dentro_sezione,0.0
2026-07-29T18:55:40+00:00,151830000005,Robecchetto con Induno,0.7359793597243346,Local road,full,0.0,45.52665017246545,8.778138354718036,dentro_sezione,0.0
2026-07-29T18:55:40+00:00,151830000004,Robecchetto con Induno,0.7553527057173448,Local road,one_side,0.0,45.52614843665075,8.779160738634744,dentro_sezione,0.0
2026-07-29T18:55:40+00:00,151830000005,Robecchetto con Induno,0.7359793597243346,Local road,one_side,0.0,45.52614843665075,8.779160738634744,dentro_sezione,0.0
2026-07-29T18:55:40+00:00,151830000004,Robecchetto con Induno,0.7553527057173448,Minor local road,one_side,0.0,45.524831941765086,8.777906603428388,dentro_sezione,0.0
2026-07-29T18:55:40+00:00,151830000005,Robecchetto con Induno,0.7359793597243346,Minor local road,one_side,0.0,45.524831941765086,8.777906603428388,dentro_sezione,0.0
2026-07-29T18:55:40+00:00,151830000004,Robecchetto con Induno,0.7553527057173448,Connecting road,one_side,0.04400002956390381,45.51480777440742,8.780922752228813,dentro_sezione,0.0
2026-07-29T18:55:40+00:00,151830000004,Robecchetto con Induno,0.7553527057173448,Connecting road,one_side,0.0,45.51855535097701,8.779723761120653,dentro_sezione,0.0
2026-07-29T18:55:40+00:00,151830000005,Robecchetto con Induno,0.7359793597243346,Connecting road,one_side,0.0,45.51855535097701,8.779723761120653,dentro_sezione,0.0
2026-07-29T18:55:40+00:00,151830000004,Robecchetto con Induno,0.7553527057173448,Major local road,one_side,0.0,45.52129064980628,8.777203055737562,dentro_sezione,0.0
2026-07-29T18:55:40+00:00,150990000004,Dairago,0.7676872328697544,Connecting road,one_side,0.0,45.559969756077514,8.855855576146451,dentro_sezione,0.0
2026-07-29T18:55:40+00:00,150990000005,Dairago,0.7542589327199739,Connecting road,one_side,0.0,45.559969756077514,8.855855576146451,dentro_sezione,0.0
2026-07-29T18:55:40+00:00,150990000006,Dairago,0.7709685518618672,Secondary road,one_side,0.6789999902248383,45.577741311180816,8.860052659197983,dentro_sezione,0.0
2026-07-29T18:55:40+00:00,150990000006,Dairago,0.7709685518618672,Secondary road,one_side,0.5620000064373016,45.5777463162237,8.860049850307782,dentro_sezione,0.0
2026-07-29T18:55:40+00:00,150990000006,Dairago,0.7709685518618672,Secondary road,one_side,0.09799998998641968,45.57550377845801,8.861572145141743,dentro_sezione,0.0
2026-07-29T18:55:40+00:00,150990000006,Dairago,0.7709685518618672,Secondary road,one_side,0.0,45.58104568913294,8.857076207528335,dentro_sezione,0.0
2026-07-29T18:55:40+00:00,150990000006,Dairago,0.7709685518618672,Secondary road,one_side,0.6789999902248383,45.576266444336554,8.861078712573057,dentro_sezione,0.0
2026-07-29T18:55:40+00:00,150990000006,Dairago,0.7709685518618672,Secondary road,one_side,0.5620000064373016,45.576270458340744,8.861078470945358,dentro_sezione,0.0
2026-07-29T18:55:40+00:00,150990000006,Dairago,0.7709685518618672,Secondary road,full,0.2149999737739563,45.57379030956311,8.862627446651459,dentro_sezione,0.0
2026-07-29T18:55:40+00:00,150990000005,Dairago,0.7542589327199739,Secondary road,one_side,0.2149999737739563,45.570433449813656,8.864192014930888,dentro_sezione,0.0
2026-07-29T18:55:40+00:00,150990000001,Dairago,0.7159220448648945,Secondary road,one_side,0.2149999737739563,45.570433449813656,8.864192014930888,dentro_sezione,0.0
2026-07-29T18:55:40+00:00,150990000002,Dairago,0.6942688026504515,Secondary road,one_side,0.2149999737739563,45.570433449813656,8.864192014930888,dentro_sezione,0.0
2026-07-29T18:55:40+00:00,150990000006,Dairago,0.7709685518618672,Secondary road,one_side,0.2149999737739563,45.570433449813656,8.864192014930888,dentro_sezione,0.0
2026-07-29T18:55:40+00:00,150990000006,Dairago,0.7709685518618672,Secondary road,full,0.09799998998641968,45.574130222271364,8.862384773534133,dentro_sezione,0.0
2026-07-29T18:55:40+00:00,150990000006,Dairago,0.7709685518618672,Secondary road,one_side,0.09799998998641968,45.5752231718279,8.861740512995713,dentro_sezione,0.0
2026-07-29T18:55:40+00:00,150990000006,Dairago,0.7709685518618672,Secondary road,full,0.0,45.57396998798928,8.86251128068678,dentro_sezione,0.0
2026-07-29T18:55:40+00:00,150990000005,Dairago,0.7542589327199739,Secondary road,one_side,0.0,45.57155625802089,8.863616983229567,dentro_sezione,0.0
2026-07-29T18:55:40+00:00,150990000001,Dairago,0.7159220448648945,Secondary road,one_side,0.0,45.57155625802089,8.863616983229567,dentro_sezione,0.0
2026-07-29T18:55:40+00:00,150990000002,Dairago,0.6942688026504515,Secondary road,one_side,0.0,45.57155625802089,8.863616983229567,dentro_sezione,0.0
2026-07-29T18:55:40+00:00,150990000006,Dairago,0.7709685518618672,Secondary road,one_side,0.0,45.57155625802089,8.863616983229567,dentro_sezione,0.0
2026-07-29T18:55:40+00:00,150990000005,Dairago,0.7542589327199739,Connecting road,one_side,0.0,45.56869535247887,8.862106087174277,dentro_sezione,0.0
2026-07-29T18:55:40+00:00,150990000001,Dairago,0.7159220448648945,Connecting road,one_side,0.0,45.56869535247887,8.862106087174277,dentro_sezione,0.0
2026-07-29T18:55:40+00:00,150990000002,Dairago,0.6942688026504515,Connecting road,one_side,0.0,45.56869535247887,8.862106087174277,dentro_sezione,0.0
2026-07-29T18:55:40+00:00,150990000006,Dairago,0.7709685518618672,Connecting road,one_side,0.0,45.56869535247887,8.862106087174277,dentro_sezione,0.0
2026-07-29T18:55:40+00:00,150990000005,Dairago,0.7542589327199739,Local road,full,0.0,45.57115044782316,8.861418408582644,dentro_sezione,0.0
2026-07-29T18:55:40+00:00,150990000006,Dairago,0.7709685518618672,Local road,full,0.0,45.57115044782316,8.861418408582644,dentro_sezione,0.0
2026-07-29T18:55:40+00:00,150990000005,Dairago,0.7542589327199739,Local road,one_side,0.0,45.57092412688219,8.861752614264068,dentro_sezione,0.0
2026-07-29T18:55:40+00:00,150990000006,Dairago,0.7709685518618672,Local road,one_side,0.0,45.57092412688219,8.861752614264068,dentro_sezione,0.0
2026-07-29T18:55:40+00:00,150990000006,Dairago,0.7709685518618672,Minor local road,full,0.0,45.57390108315492,8.862335085868835,dentro_sezione,0.0
2026-07-29T18:55:40+00:00,150990000006,Dairago,0.7709685518618672,Minor local road,one_side,0.0,45.57342910946712,8.861447226380976,dentro_sezione,0.0
2026-07-29T18:55:40+00:00,150990000004,Dairago,0.7676872328697544,Secondary road,one_side,0.2149999737739563,45.56754907344413,8.865468281462599,dentro_sezione,0.0
2026-07-29T18:55:40+00:00,150990000001,Dairago,0.7159220448648945,Secondary road,one_side,0.2149999737739563,45.56754907344413,8.865468281462599,dentro_sezione,0.0
2026-07-29T18:55:40+00:00,150990000002,Dairago,0.6942688026504515,Secondary road,one_side,0.2149999737739563,45.56754907344413,8.865468281462599,dentro_sezione,0.0
2026-07-29T18:55:40+00:00,150990000004,Dairago,0.7676872328697544,Secondary road,one_side,0.0,45.565675664297586,8.866151684405883,dentro_sezione,0.0
2026-07-29T18:55:40+00:00,150990000001,Dairago,0.7159220448648945,Secondary road,one_side,0.0,45.565675664297586,8.866151684405883,dentro_sezione,0.0
2026-07-29T18:55:40+00:00,150990000002,Dairago,0.6942688026504515,Secondary road,one_side,0.0,45.565675664297586,8.866151684405883,dentro_sezione,0.0
2026-07-29T18:55:40+00:00,150990000004,Dairago,0.7676872328697544,Connecting road,full,0.0,45.56559331224461,8.864327222945509,dentro_sezione,0.0
2026-07-29T18:55:40+00:00,150990000005,Dairago,0.7542589327199739,Connecting road,full,0.0,45.56559331224461,8.864327222945509,dentro_sezione,0.0
2026-07-29T18:55:40+00:00,150990000001,Dairago,0.7159220448648945,Connecting road,full,0.0,45.56559331224461,8.864327222945509,dentro_sezione,0.0
2026-07-29T18:55:40+00:00,150990000002,Dairago,0.6942688026504515,Connecting road,full,0.0,45.56559331224461,8.864327222945509,dentro_sezione,0.0
2026-07-29T18:55:40+00:00,150990000004,Dairago,0.7676872328697544,Connecting road,one_side,0.0,45.564686052346,8.860306390456056,dentro_sezione,0.0
2026-07-29T18:55:40+00:00,150990000005,Dairago,0.7542589327199739,Connecting road,one_side,0.0,45.564686052346,8.860306390456056,dentro_sezione,0.0
2026-07-29T18:55:40+00:00,150990000001,Dairago,0.7159220448648945,Connecting road,one_side,0.0,45.564686052346,8.860306390456056,dentro_sezione,0.0
2026-07-29T18:55:40+00:00,150990000002,Dairago,0.6942688026504515,Connecting road,one_side,0.0,45.564686052346,8.860306390456056,dentro_sezione,0.0
2026-07-29T18:55:40+00:00,150990000004,Dairago,0.7676872328697544,Major local road,one_side,0.0,45.563239021472114,8.860581830730837,dentro_sezione,0.0
2026-07-29T18:55:40+00:00,150990000005,Dairago,0.7542589327199739,Major local road,one_side,0.0,45.563239021472114,8.860581830730837,dentro_sezione,0.0
2026-07-29T18:55:40+00:00,150990000001,Dairago,0.7159220448648945,Secondary road,one_side,0.2149999737739563,45.56793643860762,8.865308032085537,dentro_sezione,0.0
2026-07-29T18:55:40+00:00,150990000002,Dairago,0.6942688026504515,Secondary road,one_side,0.2149999737739563,45.56793643860762,8.865308032085537,dentro_sezione,0.0
2026-07-29T18:55:40+00:00,150990000001,Dairago,0.7159220448648945,Secondary road,one_side,0.0,45.56793608713956,8.865307163391256,dentro_sezione,0.0
2026-07-29T18:55:40+00:00,150990000002,Dairago,0.6942688026504515,Secondary road,one_side,0.0,45.56793608713956,8.865307163391256,dentro_sezione,0.0
2026-07-29T18:55:40+00:00,150990000004,Dairago,0.7676872328697544,Secondary road,one_side,0.2149999737739563,45.56754869645032,8.86546906182961,dentro_sezione,0.0
2026-07-29T18:55:40+00:00,150990000001,Dairago,0.7159220448648945,Secondary road,one_side,0.2149999737739563,45.56754869645032,8.86546906182961,dentro_sezione,0.0
2026-07-29T18:55:40+00:00,150990000002,Dairago,0.6942688026504515,Secondary road,one_side,0.2149999737739563,45.56754869645032,8.86546906182961,dentro_sezione,0.0
2026-07-29T18:55:40+00:00,150990000004,Dairago,0.7676872328697544,Secondary road,one_side,0.0,45.56350375152398,8.867135362175203,dentro_sezione,0.0
2026-07-29T18:55:40+00:00,150990000001,Dairago,0.7159220448648945,Secondary road,one_side,0.0,45.56350375152398,8.867135362175203,dentro_sezione,0.0
2026-07-29T18:55:40+00:00,150990000002,Dairago,0.6942688026504515,Secondary road,one_side,0.0,45.56350375152398,8.867135362175203,dentro_sezione,0.0
2026-07-29T18:55:40+00:00,150990000004,Dairago,0.7676872328697544,Connecting road,full,0.0,45.566236844428026,8.865384249111933,dentro_sezione,0.0
2026-07-29T18:55:40+00:00,150990000001,Dairago,0.7159220448648945,Connecting road,full,0.0,45.566236844428026,8.865384249111933,dentro_sezione,0.0
2026-07-29T18:55:40+00:00,150990000002,Dairago,0.6942688026504515,Connecting road,full,0.0,45.566236844428026,8.865384249111933,dentro_sezione,0.0
2026-07-29T18:55:40+00:00,150990000004,Dairago,0.7676872328697544,Connecting road,one_side,0.0,45.565772277047955,8.87122243071949,dentro_sezione,0.0
2026-07-29T18:55:40+00:00,150990000001,Dairago,0.7159220448648945,Connecting road,one_side,0.0,45.565772277047955,8.87122243071949,dentro_sezione,0.0
2026-07-29T18:55:40+00:00,150990000002,Dairago,0.6942688026504515,Connecting road,one_side,0.0,45.565772277047955,8.87122243071949,dentro_sezione,0.0
2026-07-29T18:55:40+00:00,151840000003,Robecco sul Naviglio,0.7196016242096119,Secondary road,full,0.0,45.43738004527872,8.884716475393938,dentro_sezione,0.0
2026-07-29T18:55:40+00:00,151840000006,Robecco sul Naviglio,0.7230185825971769,Secondary road,full,0.0,45.43738004527872,8.884716475393938,dentro_sezione,0.0
2026-07-29T18:55:40+00:00,151840000004,Robecco sul Naviglio,0.7107590900039538,Secondary road,full,0.0,45.43738004527872,8.884716475393938,dentro_sezione,0.0
2026-07-29T18:55:40+00:00,151840000006,Robecco sul Naviglio,0.7230185825971769,Secondary road,one_side,0.0,45.441021454681305,8.886726811167174,dentro_sezione,0.0
2026-07-29T18:55:40+00:00,151840000004,Robecco sul Naviglio,0.7107590900039538,Secondary road,one_side,0.0,45.441021454681305,8.886726811167174,dentro_sezione,0.0
2026-07-29T18:55:40+00:00,151840000004,Robecco sul Naviglio,0.7107590900039538,Connecting road,one_side,0.0,45.44215302778418,8.881694311544635,dentro_sezione,0.0
2026-07-29T18:55:40+00:00,151840000008,Robecco sul Naviglio,0.7257111688941349,Connecting road,one_side,0.0,45.44215302778418,8.881694311544635,dentro_sezione,0.0
2026-07-29T18:55:40+00:00,151840000008,Robecco sul Naviglio,0.7257111688941349,Minor local road,one_side,0.0,45.44305633774382,8.87880615453956,dentro_sezione,0.0
2026-07-29T18:55:40+00:00,151840000003,Robecco sul Naviglio,0.7196016242096119,Secondary road,full,0.0,45.436020247875916,8.88427360275287,dentro_sezione,0.0
2026-07-29T18:55:40+00:00,151840000006,Robecco sul Naviglio,0.7230185825971769,Secondary road,full,0.0,45.436020247875916,8.88427360275287,dentro_sezione,0.0
2026-07-29T18:55:40+00:00,151840000004,Robecco sul Naviglio,0.7107590900039538,Secondary road,full,0.0,45.436020247875916,8.88427360275287,dentro_sezione,0.0
2026-07-29T18:55:40+00:00,151840000003,Robecco sul Naviglio,0.7196016242096119,Secondary road,one_side,0.0,45.432741752237355,8.885387574658592,dentro_sezione,0.0
2026-07-29T18:55:40+00:00,151840000006,Robecco sul Naviglio,0.7230185825971769,Secondary road,one_side,0.0,45.432741752237355,8.885387574658592,dentro_sezione,0.0
2026-07-29T18:55:40+00:00,151840000004,Robecco sul Naviglio,0.7107590900039538,Secondary road,one_side,0.0,45.432741752237355,8.885387574658592,dentro_sezione,0.0
2026-07-29T18:55:40+00:00,151840000003,Robecco sul Naviglio,0.7196016242096119,Connecting road,full,0.0,45.434818033444905,8.888212023960996,dentro_sezione,0.0
2026-07-29T18:55:40+00:00,151840000004,Robecco sul Naviglio,0.7107590900039538,Connecting road,full,0.0,45.434818033444905,8.888212023960996,dentro_sezione,0.0
2026-07-29T18:55:40+00:00,151840000003,Robecco sul Naviglio,0.7196016242096119,Connecting road,one_side,0.0,45.43218495639539,8.879627085051737,dentro_sezione,0.0
2026-07-29T18:55:40+00:00,151840000006,Robecco sul Naviglio,0.7230185825971769,Connecting road,one_side,0.0,45.43218495639539,8.879627085051737,dentro_sezione,0.0
2026-07-29T18:55:40+00:00,150410000011,Busto Garolfo,0.7031690557477914,Local road,one_side,0.43800002336502075,45.544972559851566,8.890237233490335,dentro_sezione,0.0
2026-07-29T18:55:40+00:00,150410000011,Busto Garolfo,0.7031690557477914,Major local road,one_side,0.0,45.547462481839126,8.892937891739695,dentro_sezione,0.0
2026-07-29T18:55:40+00:00,150410000011,Busto Garolfo,0.7031690557477914,Local road,one_side,0.0,45.54893945265665,8.888579923563244,dentro_sezione,0.0
2026-07-29T18:55:40+00:00,150410000011,Busto Garolfo,0.7031690557477914,Local road,one_side,0.43800002336502075,45.54407600412062,8.890929616471169,dentro_sezione,0.0
2026-07-29T18:55:40+00:00,150410000011,Busto Garolfo,0.7031690557477914,Connecting road,one_side,0.0,45.54197439189159,8.89465136982906,dentro_sezione,0.0
2026-07-29T18:55:40+00:00,150410000011,Busto Garolfo,0.7031690557477914,Major local road,one_side,0.0,45.544562915692,8.895608895264767,dentro_sezione,0.0
2026-07-29T18:55:40+00:00,150410000011,Busto Garolfo,0.7031690557477914,Local road,one_side,0.0,45.54049505829869,8.891599000579392,dentro_sezione,0.0
2026-07-29T18:55:40+00:00,151840000003,Robecco sul Naviglio,0.7196016242096119,Secondary road,full,0.0,45.43673429376078,8.88704731701488,dentro_sezione,0.0
2026-07-29T18:55:40+00:00,151840000004,Robecco sul Naviglio,0.7107590900039538,Secondary road,full,0.0,45.43673429376078,8.88704731701488,dentro_sezione,0.0
2026-07-29T18:55:40+00:00,151840000004,Robecco sul Naviglio,0.7107590900039538,Secondary road,one_side,0.0,45.44129080099548,8.887639896752052,dentro_sezione,0.0
2026-07-29T18:55:40+00:00,151840000003,Robecco sul Naviglio,0.7196016242096119,Secondary road,full,0.0,45.43465511634912,8.88814045588459,dentro_sezione,0.0
2026-07-29T18:55:40+00:00,151840000004,Robecco sul Naviglio,0.7107590900039538,Secondary road,full,0.0,45.43465511634912,8.88814045588459,dentro_sezione,0.0
2026-07-29T18:55:40+00:00,151840000003,Robecco sul Naviglio,0.7196016242096119,Connecting road,full,0.0,45.433208070156475,8.889242619884701,dentro_sezione,0.0
2026-07-29T18:55:40+00:00,151840000004,Robecco sul Naviglio,0.7107590900039538,Connecting road,full,0.0,45.433208070156475,8.889242619884701,dentro_sezione,0.0
2026-07-29T18:55:40+00:00,150720000017,Cerro Maggiore,0.6999223680906879,Secondary road,one_side,0.0,45.59469927159379,8.956787134794192,dentro_sezione,0.0
2026-07-29T18:55:40+00:00,150720000017,Cerro Maggiore,0.6999223680906879,Secondary road,full,0.0,45.58848035915598,8.9642983740158,dentro_sezione,0.0
2026-07-29T18:55:40+00:00,150720000017,Cerro Maggiore,0.6999223680906879,Secondary road,one_side,0.0,45.59053028893129,8.961361051470247,dentro_sezione,0.0
2026-07-29T18:55:40+00:00,150720000017,Cerro Maggiore,0.6999223680906879,Major local road,one_side,0.0,45.58829146872337,8.959288092130175,dentro_sezione,0.0
2026-07-29T18:55:40+00:00,150720000017,Cerro Maggiore,0.6999223680906879,Secondary road,full,0.0,45.58756210472569,8.966193376164924,dentro_sezione,0.0
2026-07-29T18:55:40+00:00,150720000017,Cerro Maggiore,0.6999223680906879,Secondary road,one_side,0.0,45.58536762844651,8.971044060006122,dentro_sezione,0.0
2026-07-29T18:55:40+00:00,150720000017,Cerro Maggiore,0.6999223680906879,Connecting road,one_side,0.0,45.58803245184286,8.973497377206987,dentro_sezione,0.0
2026-07-29T18:55:40+00:00,150220000001,Besate,0.8066359409766615,Secondary road,full,0.0,45.31397405974819,8.970680438795323,dentro_sezione,0.0
2026-07-29T18:55:40+00:00,150220000002,Besate,0.8457837792598706,Secondary road,full,0.0,45.31397405974819,8.970680438795323,dentro_sezione,0.0
2026-07-29T18:55:40+00:00,150220000001,Besate,0.8066359409766615,Secondary road,one_side,0.0,45.31693428516195,8.970520214464711,dentro_sezione,0.0
2026-07-29T18:55:40+00:00,150220000002,Besate,0.8457837792598706,Secondary road,one_side,0.0,45.31693428516195,8.970520214464711,dentro_sezione,0.0
2026-07-29T18:55:40+00:00,150220000001,Besate,0.8066359409766615,Secondary road,full,0.0,45.31230807897691,8.970803137994647,dentro_sezione,0.0
2026-07-29T18:55:40+00:00,150220000002,Besate,0.8457837792598706,Secondary road,full,0.0,45.31230807897691,8.970803137994647,dentro_sezione,0.0
2026-07-29T18:55:40+00:00,150220000001,Besate,0.8066359409766615,Secondary road,one_side,0.0,45.30850050611067,8.971050499191625,dentro_sezione,0.0
2026-07-29T18:55:40+00:00,150220000002,Besate,0.8457837792598706,Secondary road,one_side,0.0,45.30850050611067,8.971050499191625,dentro_sezione,0.0
2026-07-29T18:55:40+00:00,150220000002,Besate,0.8457837792598706,Connecting road,one_side,0.0,45.31011677645614,8.97243897841263,dentro_sezione,0.0
2026-07-29T18:55:40+00:00,151030000093,Gaggiano,0.7171341415902132,Connecting road,full,0.0,45.37753558005545,9.02820117450363,dentro_sezione,0.0
2026-07-29T18:55:40+00:00,151030000093,Gaggiano,0.7171341415902132,Connecting road,one_side,0.0,45.37922478434031,9.025526004065227,dentro_sezione,0.0
2026-07-29T18:55:40+00:00,152360000001,Vernate,0.7404237143838364,Major road,full,0.0,45.33115422928388,9.051982675890759,dentro_sezione,0.0
2026-07-29T18:55:40+00:00,152360000001,Vernate,0.7404237143838364,Major road,one_side,0.0,45.333667378972784,9.04899330877629,dentro_sezione,0.0
2026-07-29T18:55:40+00:00,152360000001,Vernate,0.7404237143838364,Secondary road,full,0.0,45.33085582197837,9.05174506782142,dentro_sezione,0.0
2026-07-29T18:55:40+00:00,152360000001,Vernate,0.7404237143838364,Secondary road,one_side,0.0,45.3294711922926,9.049540764120502,dentro_sezione,0.0
2026-07-29T18:55:40+00:00,152360000004,Vernate,0.7248915606322527,Connecting road,full,0.0,45.31713370461864,9.060332435953853,dentro_sezione,0.0
2026-07-29T18:55:40+00:00,152360000004,Vernate,0.7248915606322527,Connecting road,one_side,0.0,45.31685556517416,9.058201381824388,dentro_sezione,0.0
2026-07-29T18:55:40+00:00,150270000044,Bollate,0.7092237674852166,Connecting road,full,0.0,45.551101576535864,9.141299958119559,dentro_sezione,0.0
2026-07-29T18:55:40+00:00,150270000044,Bollate,0.7092237674852166,Connecting road,one_side,0.0,45.54765211863531,9.13664998664483,dentro_sezione,0.0
2026-07-29T18:55:40+00:00,150270000044,Bollate,0.7092237674852166,Local road,full,0.0,45.5486136227763,9.137978497546188,dentro_sezione,0.0
2026-07-29T18:55:40+00:00,150270000044,Bollate,0.7092237674852166,Local road,one_side,0.0,45.54824986471238,9.135017346615326,dentro_sezione,0.0
2026-07-29T18:55:40+00:00,150270000046,Bollate,0.7233042911110021,Motorway,full,0.0,45.548637494915916,9.147269678190169,dentro_sezione,0.0
2026-07-29T18:55:40+00:00,150270000046,Bollate,0.7233042911110021,Secondary road,full,0.0,45.55070810723628,9.146664038825996,dentro_sezione,0.0
2026-07-29T18:55:40+00:00,150270000044,Bollate,0.7092237674852166,Connecting road,full,0.0,45.55017918548694,9.146031515963527,dentro_sezione,0.0
2026-07-29T18:55:40+00:00,150270000046,Bollate,0.7233042911110021,Connecting road,one_side,0.0,45.54844611685997,9.144391397351994,dentro_sezione,0.0
2026-07-29T18:55:40+00:00,150270000044,Bollate,0.7092237674852166,Connecting road,one_side,0.0,45.54844611685997,9.144391397351994,dentro_sezione,0.0
2026-07-29T18:55:40+00:00,150270000046,Bollate,0.7233042911110021,Major local road,one_side,0.0,45.547104666833036,9.147278688778757,dentro_sezione,0.0
2026-07-29T18:55:40+00:00,150270000044,Bollate,0.7092237674852166,Local road,full,0.0,45.549132817135515,9.14128879881228,dentro_sezione,0.0
2026-07-29T18:55:40+00:00,150270000044,Bollate,0.7092237674852166,Local road,one_side,0.0,45.55087472061718,9.140988204592569,dentro_sezione,0.0
2026-07-29T18:55:40+00:00,151660000079,Paderno Dugnano,0.7118644067796609,Major local road,full,0.0,45.57182786079618,9.158215086509971,dentro_sezione,0.0
2026-07-29T18:55:40+00:00,151660000079,Paderno Dugnano,0.7118644067796609,Major local road,one_side,0.0,45.57115547810489,9.15556725583581,dentro_sezione,0.0
2026-07-29T18:55:40+00:00,151660000079,Paderno Dugnano,0.7118644067796609,Local road,one_side,0.0,45.5697584120831,9.154184216067337,dentro_sezione,0.0
2026-07-29T18:55:40+00:00,151660000079,Paderno Dugnano,0.7118644067796609,Minor local road,full,0.0,45.569569956181454,9.157563682162007,dentro_sezione,0.0
2026-07-29T18:55:40+00:00,151660000079,Paderno Dugnano,0.7118644067796609,Major local road,full,0.0,45.56765660396396,9.16061173142433,dentro_sezione,0.0
2026-07-29T18:55:40+00:00,150770000455,Cinisello Balsamo,0.7342939680872247,Connecting road,full,0.0,45.5628198241358,9.20016664943403,dentro_sezione,0.0
2026-07-29T18:55:40+00:00,150770000308,Cinisello Balsamo,0.7375002525201512,Connecting road,full,0.0,45.5628198241358,9.20016664943403,dentro_sezione,0.0
2026-07-29T18:55:40+00:00,150770000455,Cinisello Balsamo,0.7342939680872247,Local road,one_side,0.0,45.56207030894774,9.204732755630442,dentro_sezione,0.0
2026-07-29T18:55:40+00:00,150770000308,Cinisello Balsamo,0.7375002525201512,Connecting road,one_side,0.0,45.57128500494079,9.209350914619835,dentro_sezione,0.0
2026-07-29T18:55:40+00:00,150770000310,Cinisello Balsamo,0.7121097120693088,Connecting road,one_side,0.0,45.57128500494079,9.209350914619835,dentro_sezione,0.0
2026-07-29T18:55:40+00:00,150770000370,Cinisello Balsamo,0.7379158285402604,Connecting road,one_side,0.0,45.57128500494079,9.209350914619835,dentro_sezione,0.0
2026-07-29T18:55:40+00:00,150770000370,Cinisello Balsamo,0.7379158285402604,Major local road,full,0.0,45.57139631159235,9.211628724443395,dentro_sezione,0.0
2026-07-29T18:55:40+00:00,150770000370,Cinisello Balsamo,0.7379158285402604,Major local road,one_side,0.0,45.57015685476648,9.213783784528827,dentro_sezione,0.0
2026-07-29T18:55:40+00:00,150770000308,Cinisello Balsamo,0.7375002525201512,Local road,full,0.0,45.56759310544539,9.21333004495521,dentro_sezione,0.0
2026-07-29T18:55:40+00:00,150770000455,Cinisello Balsamo,0.7342939680872247,Connecting road,full,0.0,45.565241334929205,9.208139213088042,dentro_sezione,0.0
2026-07-29T18:55:40+00:00,150770000308,Cinisello Balsamo,0.7375002525201512,Connecting road,full,0.0,45.565241334929205,9.208139213088042,dentro_sezione,0.0
2026-07-29T18:55:40+00:00,150770000308,Cinisello Balsamo,0.7375002525201512,Connecting road,one_side,0.0,45.567370928132085,9.210477903628986,dentro_sezione,0.0
2026-07-29T18:55:40+00:00,150770000310,Cinisello Balsamo,0.7121097120693088,Connecting road,one_side,0.0,45.567370928132085,9.210477903628986,dentro_sezione,0.0
2026-07-29T18:55:40+00:00,150770000308,Cinisello Balsamo,0.7375002525201512,Local road,full,0.0,45.56369204745294,9.212910239029103,dentro_sezione,0.0
2026-07-29T18:55:40+00:00,150770000455,Cinisello Balsamo,0.7342939680872247,Local road,one_side,0.0,45.56390554361116,9.211470433101258,dentro_sezione,0.0
2026-07-29T18:55:40+00:00,150770000308,Cinisello Balsamo,0.7375002525201512,Local road,one_side,0.0,45.56390554361116,9.211470433101258,dentro_sezione,0.0
2026-07-29T18:55:40+00:00,151590000022,Opera,0.730949158314262,Secondary road,full,0.0,45.40232137581589,9.209133230722834,dentro_sezione,0.0
2026-07-29T18:55:40+00:00,151460002842,Milano,0.741696415945421,Secondary road,full,0.0,45.40232137581589,9.209133230722834,dentro_sezione,0.0
2026-07-29T18:55:40+00:00,151590000022,Opera,0.730949158314262,Secondary road,full,0.0,45.39225546547591,9.211072481355576,dentro_sezione,0.0
2026-07-29T18:55:40+00:00,151460002842,Milano,0.741696415945421,Secondary road,full,0.0,45.39225546547591,9.211072481355576,dentro_sezione,0.0
2026-07-29T18:55:40+00:00,151590000022,Opera,0.730949158314262,Minor local road,full,0.0,45.39381965364314,9.211481553911986,dentro_sezione,0.0
2026-07-29T18:55:40+00:00,151590000014,Opera,0.7350933747370183,Minor local road,full,0.0,45.39381965364314,9.211481553911986,dentro_sezione,0.0
2026-07-29T18:55:40+00:00,151590000013,Opera,0.7339534266263019,Minor local road,one_side,0.0,45.39336750739379,9.211614956889422,dentro_sezione,0.0
2026-07-29T18:55:40+00:00,151590000022,Opera,0.730949158314262,Minor local road,one_side,0.0,45.39336750739379,9.211614956889422,dentro_sezione,0.0
2026-07-29T18:55:40+00:00,151590000014,Opera,0.7350933747370183,Minor local road,one_side,0.0,45.39336750739379,9.211614956889422,dentro_sezione,0.0
2026-07-29T18:55:40+00:00,151460002739,Milano,0.7105830473843242,Local road,one_side,0.0,45.416399000279455,9.239352252220206,dentro_sezione,0.0
2026-07-29T18:55:40+00:00,151460002738,Milano,0.694095645975406,Local road,one_side,0.0,45.416399000279455,9.239352252220206,dentro_sezione,0.0
2026-07-29T18:55:40+00:00,151460002739,Milano,0.7105830473843242,Local road,one_side,0.0,45.41530469682335,9.241945604240724,dentro_sezione,0.0
2026-07-29T18:55:40+00:00,151460002738,Milano,0.694095645975406,Local road,one_side,0.0,45.41530469682335,9.241945604240724,dentro_sezione,0.0
2026-07-29T18:55:40+00:00,150700000003,Cernusco sul Naviglio,0.69710280023203,Connecting road,full,0.0,45.526320116081415,9.322236627355936,dentro_sezione,0.0
2026-07-29T18:55:40+00:00,150700000003,Cernusco sul Naviglio,0.69710280023203,Connecting road,one_side,0.0,45.52385482525997,9.32355774741958,dentro_sezione,0.0
2026-07-29T18:55:40+00:00,151390000001,Mediglia,0.726435540984742,Connecting road,one_side,0.0,45.40120559797648,9.320046818976916,dentro_sezione,0.0
2026-07-29T18:55:40+00:00,151390000003,Mediglia,0.7112179551928244,Major local road,full,0.0,45.40140869376171,9.325048126419558,dentro_sezione,0.0
2026-07-29T18:55:40+00:00,151390000004,Mediglia,0.7585618760948553,Major local road,full,0.0,45.40140869376171,9.325048126419558,dentro_sezione,0.0
2026-07-29T18:55:40+00:00,151390000001,Mediglia,0.726435540984742,Major local road,full,0.0,45.40140869376171,9.325048126419558,dentro_sezione,0.0
2026-07-29T18:55:40+00:00,151390000003,Mediglia,0.7112179551928244,Major local road,one_side,0.0,45.400344667152524,9.325511649512542,dentro_sezione,0.0
2026-07-29T18:55:40+00:00,151390000001,Mediglia,0.726435540984742,Major local road,one_side,0.0,45.400344667152524,9.325511649512542,dentro_sezione,0.0
2026-07-29T18:55:40+00:00,151390000001,Mediglia,0.726435540984742,Minor local road,one_side,0.0,45.4006120470024,9.322143495082855,dentro_sezione,0.0
2026-07-29T18:55:40+00:00,151390000005,Mediglia,0.7604290822407629,Connecting road,full,0.0,45.3963907308835,9.326313621966435,dentro_sezione,0.0
2026-07-29T18:55:40+00:00,151390000005,Mediglia,0.7604290822407629,Connecting road,one_side,0.0,45.39679434052438,9.32338812732594,dentro_sezione,0.0
2026-07-29T18:55:40+00:00,151390000005,Mediglia,0.7604290822407629,Local road,one_side,0.0,45.396140404746596,9.327497611614783,dentro_sezione,0.0
2026-07-29T18:55:40+00:00,151390000005,Mediglia,0.7604290822407629,Minor local road,one_side,0.0,45.39511055682533,9.328355728091662,dentro_sezione,0.0
2026-07-29T18:55:40+00:00,150700000003,Cernusco sul Naviglio,0.69710280023203,Connecting road,full,0.0,45.52579521021402,9.334829022156015,dentro_sezione,0.0
2026-07-29T18:55:40+00:00,150700000003,Cernusco sul Naviglio,0.69710280023203,Connecting road,one_side,0.0,45.524771461211785,9.331391066137858,dentro_sezione,0.0
2026-07-29T18:55:40+00:00,151390000003,Mediglia,0.7112179551928244,Major local road,full,0.0,45.40269867414756,9.332973177694676,dentro_sezione,0.0
2026-07-29T18:55:40+00:00,151390000004,Mediglia,0.7585618760948553,Major local road,full,0.0,45.40269867414756,9.332973177694676,dentro_sezione,0.0
2026-07-29T18:55:40+00:00,151390000005,Mediglia,0.7604290822407629,Major local road,one_side,0.0,45.39901575157139,9.328824437964817,dentro_sezione,0.0
2026-07-29T18:55:40+00:00,151390000005,Mediglia,0.7604290822407629,Connecting road,full,0.0,45.39638593209097,9.326481688905965,dentro_sezione,0.0
2026-07-29T18:55:40+00:00,151390000005,Mediglia,0.7604290822407629,Connecting road,one_side,0.0,45.393074928382816,9.32979317581705,dentro_sezione,0.0
2026-07-29T18:55:40+00:00,151390000006,Mediglia,0.7320891064249785,Major local road,full,0.0,45.39695368826313,9.331997118685997,dentro_sezione,0.0
2026-07-29T18:55:40+00:00,151390000005,Mediglia,0.7604290822407629,Major local road,full,0.0,45.39695368826313,9.331997118685997,dentro_sezione,0.0
2026-07-29T18:55:40+00:00,151390000006,Mediglia,0.7320891064249785,Major local road,one_side,0.0,45.39818813703475,9.330293207015123,dentro_sezione,0.0
2026-07-29T18:55:40+00:00,151390000005,Mediglia,0.7604290822407629,Major local road,one_side,0.0,45.39818813703475,9.330293207015123,dentro_sezione,0.0
2026-07-29T18:55:40+00:00,151390000006,Mediglia,0.7320891064249785,Local road,full,0.0,45.39608792001459,9.332509194682364,dentro_sezione,0.0
2026-07-29T18:55:40+00:00,151390000005,Mediglia,0.7604290822407629,Local road,full,0.0,45.39608792001459,9.332509194682364,dentro_sezione,0.0
2026-07-29T18:55:40+00:00,151390000006,Mediglia,0.7320891064249785,Local road,one_side,0.0,45.39326670139134,9.332485365519153,dentro_sezione,0.0
2026-07-29T18:55:40+00:00,151390000005,Mediglia,0.7604290822407629,Local road,one_side,0.0,45.39326670139134,9.332485365519153,dentro_sezione,0.0
2026-07-29T18:55:40+00:00,151390000006,Mediglia,0.7320891064249785,Minor local road,full,0.0,45.39522836417661,9.332302120406032,dentro_sezione,0.0
2026-07-29T18:55:40+00:00,151390000005,Mediglia,0.7604290822407629,Minor local road,full,0.0,45.39522836417661,9.332302120406032,dentro_sezione,0.0
2026-07-29T18:55:40+00:00,151390000005,Mediglia,0.7604290822407629,Minor local road,one_side,0.0,45.39511987030326,9.329358166936347,dentro_sezione,0.0
2026-07-29T18:55:40+00:00,151390000012,Mediglia,0.8052276000196243,Major local road,full,0.0,45.40192324569242,9.33925038288648,dentro_sezione,0.0
2026-07-29T18:55:40+00:00,151390000012,Mediglia,0.8052276000196243,Major local road,one_side,0.0,45.39971558766529,9.340347647666931,dentro_sezione,0.0
2026-07-29T18:55:40+00:00,151720000033,Pessano con Bornago,0.6917868903081323,Connecting road,full,0.0,45.550503057218656,9.371199885655058,dentro_sezione,0.0
2026-07-29T18:55:40+00:00,151720000033,Pessano con Bornago,0.6917868903081323,Connecting road,one_side,0.0,45.55027066137421,9.366442433084678,dentro_sezione,0.0
2026-07-29T18:55:40+00:00,151720000033,Pessano con Bornago,0.6917868903081323,Connecting road,full,0.0,45.54997239764829,9.375375151996868,dentro_sezione,0.0
2026-07-29T18:55:40+00:00,151720000033,Pessano con Bornago,0.6917868903081323,Connecting road,one_side,0.0,45.54934355939635,9.376151642930555,dentro_sezione,0.0
2026-07-29T18:55:40+00:00,151060000002,Gessate,0.7425160242073031,Secondary road,one_side,0.0,45.56467958054513,9.42994085278958,dentro_sezione,0.0
2026-07-29T18:55:40+00:00,151060000002,Gessate,0.7425160242073031,Local road,full,0.0,45.560255313571915,9.432396762804721,dentro_sezione,0.0
2026-07-29T18:55:40+00:00,151060000002,Gessate,0.7425160242073031,Local road,one_side,0.0,45.56454053580137,9.429751142185447,dentro_sezione,0.0
2026-07-29T18:55:40+00:00,151060000001,Gessate,0.6955934512145499,Secondary road,one_side,0.0,45.556528542306786,9.434336921465553,dentro_sezione,0.0
2026-07-29T18:55:40+00:00,151060000002,Gessate,0.7425160242073031,Secondary road,one_side,0.0,45.556528542306786,9.434336921465553,dentro_sezione,0.0
2026-07-29T18:55:40+00:00,151060000001,Gessate,0.6955934512145499,Connecting road,one_side,0.0,45.55590896681553,9.431484338768323,dentro_sezione,0.0
2026-07-29T18:55:40+00:00,151060000024,Gessate,0.7259449304054464,Connecting road,one_side,0.0,45.55590896681553,9.431484338768323,dentro_sezione,0.0
2026-07-29T18:55:40+00:00,151060000001,Gessate,0.6955934512145499,Major local road,one_side,0.0,45.55422279576027,9.432760444383911,dentro_sezione,0.0
2026-07-29T18:55:40+00:00,151060000002,Gessate,0.7425160242073031,Local road,full,0.0,45.560255313571915,9.432396762804721,dentro_sezione,0.0
2026-07-29T18:55:40+00:00,151060000001,Gessate,0.6955934512145499,Local road,one_side,0.0,45.555846588990775,9.43116296524165,dentro_sezione,0.0
2026-07-29T18:55:40+00:00,151060000024,Gessate,0.7259449304054464,Local road,one_side,0.0,45.555846588990775,9.43116296524165,dentro_sezione,0.0
2026-07-29T18:55:40+00:00,151060000002,Gessate,0.7425160242073031,Local road,one_side,0.0,45.555846588990775,9.43116296524165,dentro_sezione,0.0
2026-07-29T18:55:40+00:00,151780000007,Pozzuolo Martesana,0.6870828006360621,Major local road,one_side,0.0,45.5162997071174,9.452851839905524,dentro_sezione,0.0
2026-07-29T18:55:40+00:00,151780000006,Pozzuolo Martesana,0.7249463935793504,Local road,one_side,0.0,45.51383675500905,9.455127776174606,dentro_sezione,0.0
2026-07-29T18:55:40+00:00,151780000010,Pozzuolo Martesana,0.7180720735800431,Local road,one_side,0.0,45.51383675500905,9.455127776174606,dentro_sezione,0.0
2026-07-29T18:55:40+00:00,151780000006,Pozzuolo Martesana,0.7249463935793504,Local road,one_side,0.0,45.51352177880894,9.45403040996121,dentro_sezione,0.0
2026-07-29T18:55:40+00:00,151780000010,Pozzuolo Martesana,0.7180720735800431,Local road,one_side,0.0,45.51352177880894,9.45403040996121,dentro_sezione,0.0
2026-07-29T18:55:40+00:00,151780000010,Pozzuolo Martesana,0.7180720735800431,Connecting road,full,0.0,45.513599351573255,9.460939502465216,dentro_sezione,0.0
2026-07-29T18:55:40+00:00,151780000007,Pozzuolo Martesana,0.6870828006360621,Connecting road,full,0.0,45.513599351573255,9.460939502465216,dentro_sezione,0.0
2026-07-29T18:55:40+00:00,151780000010,Pozzuolo Martesana,0.7180720735800431,Connecting road,one_side,0.0,45.51563145821439,9.465520992389205,dentro_sezione,0.0
2026-07-29T18:55:40+00:00,151780000007,Pozzuolo Martesana,0.6870828006360621,Connecting road,one_side,0.0,45.51563145821439,9.465520992389205,dentro_sezione,0.0
2026-07-29T18:55:40+00:00,151780000010,Pozzuolo Martesana,0.7180720735800431,Major local road,one_side,0.0,45.51532070853119,9.459851812271916,dentro_sezione,0.0
2026-07-29T18:55:40+00:00,151780000007,Pozzuolo Martesana,0.6870828006360621,Major local road,one_side,0.0,45.51532070853119,9.459851812271916,dentro_sezione,0.0
2026-07-29T18:55:40+00:00,151780000006,Pozzuolo Martesana,0.7249463935793504,Local road,one_side,0.0,45.51362060641403,9.459314526874598,dentro_sezione,0.0
2026-07-29T18:55:40+00:00,151780000010,Pozzuolo Martesana,0.7180720735800431,Local road,one_side,0.0,45.51362060641403,9.459314526874598,dentro_sezione,0.0
2026-07-29T18:55:40+00:00,151780000010,Pozzuolo Martesana,0.7180720735800431,Connecting road,full,0.0,45.513599351573255,9.460939502465216,dentro_sezione,0.0
2026-07-29T18:55:40+00:00,151780000007,Pozzuolo Martesana,0.6870828006360621,Connecting road,full,0.0,45.513599351573255,9.460939502465216,dentro_sezione,0.0
2026-07-29T18:55:40+00:00,151780000010,Pozzuolo Martesana,0.7180720735800431,Connecting road,one_side,0.0,45.51201985358216,9.463432597695672,dentro_sezione,0.0
2026-07-29T18:55:40+00:00,151780000007,Pozzuolo Martesana,0.6870828006360621,Connecting road,one_side,0.0,45.51201985358216,9.463432597695672,dentro_sezione,0.0
2026-07-29T18:55:40+00:00,151780000010,Pozzuolo Martesana,0.7180720735800431,Major local road,one_side,0.0,45.514391786615064,9.460879607557235,dentro_sezione,0.0
2026-07-29T18:55:40+00:00,151780000007,Pozzuolo Martesana,0.6870828006360621,Major local road,one_side,0.0,45.514391786615064,9.460879607557235,dentro_sezione,0.0
2026-07-29T18:55:40+00:00,151780000006,Pozzuolo Martesana,0.7249463935793504,Local road,one_side,0.0,45.51362060641403,9.459314526874598,dentro_sezione,0.0
2026-07-29T18:55:40+00:00,151780000010,Pozzuolo Martesana,0.7180720735800431,Local road,one_side,0.0,45.51362060641403,9.459314526874598,dentro_sezione,0.0
2026-07-29T18:55:40+00:00,152240000010,Truccazzano,0.7476905228465803,Connecting road,one_side,0.0,45.463656188833134,9.475532115410585,dentro_sezione,0.0
2026-07-29T18:55:40+00:00,150590000040,Cassano d'Adda,0.8090312749814579,Connecting road,full,0.0,45.50586857074825,9.527646386145808,dentro_sezione,0.0
2026-07-29T18:55:40+00:00,150590000040,Cassano d'Adda,0.8090312749814579,Connecting road,one_side,0.0,45.506227865561726,9.526025437081474,dentro_sezione,0.0
2026-07-29T18:55:40+00:00,150590000040,Cassano d'Adda,0.8090312749814579,Connecting road,full,0.0,45.50465141333191,9.53149248144333,dentro_sezione,0.0
2026-07-29T18:55:40+00:00,150590000040,Cassano d'Adda,0.8090312749814579,Connecting road,one_side,0.0,45.50481444915567,9.530592811924295,dentro_sezione,0.0
2026-07-29T18:55:40+00:00,150990000018,Dairago,0.7297543772564479,Connecting road,one_side,0.0,45.564686052346,8.860306390456056,piu_vicino_esterno,163.7
2026-07-29T18:55:40+00:00,150770000392,Cinisello Balsamo,0.7272782368032968,Connecting road,one_side,0.0,45.57128500494079,9.209350914619835,piu_vicino_esterno,251.1
2026-07-29T18:55:40+00:00,150770000393,Cinisello Balsamo,0.714057724663571,Connecting road,one_side,0.0,45.57128500494079,9.209350914619835,piu_vicino_esterno,263.7
2026-07-29T19:01:10+00:00,151830000004,Robecchetto con Induno,0.7553527057173448,Connecting road,one_side,0.0,45.524309692433015,8.772144027552589,dentro_sezione,0.0
2026-07-29T19:01:10+00:00,151830000005,Robecchetto con Induno,0.7359793597243346,Connecting road,one_side,0.0,45.524309692433015,8.772144027552589,dentro_sezione,0.0
2026-07-29T19:01:10+00:00,151830000004,Robecchetto con Induno,0.7553527057173448,Major local road,one_side,0.0,45.52593707033944,8.774034097590642,dentro_sezione,0.0
2026-07-29T19:01:10+00:00,151830000005,Robecchetto con Induno,0.7359793597243346,Major local road,one_side,0.0,45.52593707033944,8.774034097590642,dentro_sezione,0.0
2026-07-29T19:01:10+00:00,151830000004,Robecchetto con Induno,0.7553527057173448,Local road,full,0.0,45.52665341304878,8.77813513370993,dentro_sezione,0.0
2026-07-29T19:01:10+00:00,151830000005,Robecchetto con Induno,0.7359793597243346,Local road,full,0.0,45.52665341304878,8.77813513370993,dentro_sezione,0.0
2026-07-29T19:01:10+00:00,151830000004,Robecchetto con Induno,0.7553527057173448,Local road,one_side,0.0,45.52750090024759,8.777482354636556,dentro_sezione,0.0
2026-07-29T19:01:10+00:00,151830000005,Robecchetto con Induno,0.7359793597243346,Local road,one_side,0.0,45.52750090024759,8.777482354636556,dentro_sezione,0.0
2026-07-29T19:01:10+00:00,151830000004,Robecchetto con Induno,0.7553527057173448,Minor local road,one_side,0.0,45.5246629407847,8.777006510696419,dentro_sezione,0.0
2026-07-29T19:01:10+00:00,151830000005,Robecchetto con Induno,0.7359793597243346,Minor local road,one_side,0.0,45.5246629407847,8.777006510696419,dentro_sezione,0.0
2026-07-29T19:01:10+00:00,151830000004,Robecchetto con Induno,0.7553527057173448,Connecting road,one_side,0.0,45.52127522697483,8.777696798566893,dentro_sezione,0.0
2026-07-29T19:01:10+00:00,151830000005,Robecchetto con Induno,0.7359793597243346,Connecting road,one_side,0.0,45.52127522697483,8.777696798566893,dentro_sezione,0.0
2026-07-29T19:01:10+00:00,151830000004,Robecchetto con Induno,0.7553527057173448,Major local road,one_side,0.0,45.52003006239406,8.771803302455004,dentro_sezione,0.0
2026-07-29T19:01:10+00:00,151830000004,Robecchetto con Induno,0.7553527057173448,Connecting road,one_side,0.0,45.521384299391016,8.77747167238986,dentro_sezione,0.0
2026-07-29T19:01:10+00:00,151830000005,Robecchetto con Induno,0.7359793597243346,Connecting road,one_side,0.0,45.521384299391016,8.77747167238986,dentro_sezione,0.0
2026-07-29T19:01:10+00:00,151830000005,Robecchetto con Induno,0.7359793597243346,Major local road,full,0.0,45.52572185698712,8.781758926879993,dentro_sezione,0.0
2026-07-29T19:01:10+00:00,151830000004,Robecchetto con Induno,0.7553527057173448,Major local road,one_side,0.0,45.52545606758585,8.783235613334185,dentro_sezione,0.0
2026-07-29T19:01:10+00:00,151830000005,Robecchetto con Induno,0.7359793597243346,Major local road,one_side,0.0,45.52545606758585,8.783235613334185,dentro_sezione,0.0
2026-07-29T19:01:10+00:00,151830000004,Robecchetto con Induno,0.7553527057173448,Local road,full,0.0,45.52665017246545,8.778138354718036,dentro_sezione,0.0
2026-07-29T19:01:10+00:00,151830000005,Robecchetto con Induno,0.7359793597243346,Local road,full,0.0,45.52665017246545,8.778138354718036,dentro_sezione,0.0
2026-07-29T19:01:10+00:00,151830000004,Robecchetto con Induno,0.7553527057173448,Local road,one_side,0.0,45.52614843665075,8.779160738634744,dentro_sezione,0.0
2026-07-29T19:01:10+00:00,151830000005,Robecchetto con Induno,0.7359793597243346,Local road,one_side,0.0,45.52614843665075,8.779160738634744,dentro_sezione,0.0
2026-07-29T19:01:10+00:00,151830000004,Robecchetto con Induno,0.7553527057173448,Minor local road,one_side,0.0,45.524831941765086,8.777906603428388,dentro_sezione,0.0
2026-07-29T19:01:10+00:00,151830000005,Robecchetto con Induno,0.7359793597243346,Minor local road,one_side,0.0,45.524831941765086,8.777906603428388,dentro_sezione,0.0
2026-07-29T19:01:10+00:00,151830000004,Robecchetto con Induno,0.7553527057173448,Connecting road,one_side,0.02799999713897705,45.51500790823353,8.780879796678562,dentro_sezione,0.0
2026-07-29T19:01:10+00:00,151830000004,Robecchetto con Induno,0.7553527057173448,Connecting road,one_side,0.0,45.5186005497778,8.779704662360936,dentro_sezione,0.0
2026-07-29T19:01:10+00:00,151830000005,Robecchetto con Induno,0.7359793597243346,Connecting road,one_side,0.0,45.5186005497778,8.779704662360936,dentro_sezione,0.0
2026-07-29T19:01:10+00:00,151830000004,Robecchetto con Induno,0.7553527057173448,Major local road,one_side,0.0,45.52129064980628,8.777203055737562,dentro_sezione,0.0
2026-07-29T19:01:10+00:00,150990000004,Dairago,0.7676872328697544,Connecting road,one_side,0.0,45.559969756077514,8.855855576146451,dentro_sezione,0.0
2026-07-29T19:01:10+00:00,150990000005,Dairago,0.7542589327199739,Connecting road,one_side,0.0,45.559969756077514,8.855855576146451,dentro_sezione,0.0
2026-07-29T19:01:10+00:00,150990000006,Dairago,0.7709685518618672,Secondary road,one_side,0.664000004529953,45.577741311180816,8.860052659197983,dentro_sezione,0.0
2026-07-29T19:01:10+00:00,150990000006,Dairago,0.7709685518618672,Secondary road,one_side,0.5999999940395355,45.5777463162237,8.860049850307782,dentro_sezione,0.0
2026-07-29T19:01:10+00:00,150990000006,Dairago,0.7709685518618672,Secondary road,one_side,0.0690000057220459,45.57550377845801,8.861572145141743,dentro_sezione,0.0
2026-07-29T19:01:10+00:00,150990000006,Dairago,0.7709685518618672,Secondary road,one_side,0.0,45.58135428084112,8.856627677146223,dentro_sezione,0.0
2026-07-29T19:01:10+00:00,150990000006,Dairago,0.7709685518618672,Secondary road,one_side,0.664000004529953,45.576266444336554,8.861078712573057,dentro_sezione,0.0
2026-07-29T19:01:10+00:00,150990000006,Dairago,0.7709685518618672,Secondary road,one_side,0.5999999940395355,45.576270458340744,8.861078470945358,dentro_sezione,0.0
2026-07-29T19:01:10+00:00,150990000006,Dairago,0.7709685518618672,Secondary road,full,0.0690000057220459,45.574130222271364,8.862384773534133,dentro_sezione,0.0
2026-07-29T19:01:10+00:00,150990000006,Dairago,0.7709685518618672,Secondary road,one_side,0.0690000057220459,45.5752231718279,8.861740512995713,dentro_sezione,0.0
2026-07-29T19:01:10+00:00,150990000006,Dairago,0.7709685518618672,Secondary road,full,0.0,45.573936837299165,8.862532713320512,dentro_sezione,0.0
2026-07-29T19:01:10+00:00,150990000005,Dairago,0.7542589327199739,Secondary road,one_side,0.0,45.57106930067064,8.863866372138357,dentro_sezione,0.0
2026-07-29T19:01:10+00:00,150990000001,Dairago,0.7159220448648945,Secondary road,one_side,0.0,45.57106930067064,8.863866372138357,dentro_sezione,0.0
2026-07-29T19:01:10+00:00,150990000002,Dairago,0.6942688026504515,Secondary road,one_side,0.0,45.57106930067064,8.863866372138357,dentro_sezione,0.0
2026-07-29T19:01:10+00:00,150990000006,Dairago,0.7709685518618672,Secondary road,one_side,0.0,45.57106930067064,8.863866372138357,dentro_sezione,0.0
2026-07-29T19:01:10+00:00,150990000005,Dairago,0.7542589327199739,Connecting road,one_side,0.0,45.56869535247887,8.862106087174277,dentro_sezione,0.0
2026-07-29T19:01:10+00:00,150990000001,Dairago,0.7159220448648945,Connecting road,one_side,0.0,45.56869535247887,8.862106087174277,dentro_sezione,0.0
2026-07-29T19:01:10+00:00,150990000002,Dairago,0.6942688026504515,Connecting road,one_side,0.0,45.56869535247887,8.862106087174277,dentro_sezione,0.0
2026-07-29T19:01:10+00:00,150990000006,Dairago,0.7709685518618672,Connecting road,one_side,0.0,45.56869535247887,8.862106087174277,dentro_sezione,0.0
2026-07-29T19:01:10+00:00,150990000005,Dairago,0.7542589327199739,Local road,full,0.0,45.57115044782316,8.861418408582644,dentro_sezione,0.0
2026-07-29T19:01:10+00:00,150990000006,Dairago,0.7709685518618672,Local road,full,0.0,45.57115044782316,8.861418408582644,dentro_sezione,0.0
2026-07-29T19:01:10+00:00,150990000005,Dairago,0.7542589327199739,Local road,one_side,0.0,45.57092412688219,8.861752614264068,dentro_sezione,0.0
2026-07-29T19:01:10+00:00,150990000006,Dairago,0.7709685518618672,Local road,one_side,0.0,45.57092412688219,8.861752614264068,dentro_sezione,0.0
2026-07-29T19:01:10+00:00,150990000006,Dairago,0.7709685518618672,Minor local road,full,0.0,45.57390108315492,8.862335085868835,dentro_sezione,0.0
2026-07-29T19:01:10+00:00,150990000006,Dairago,0.7709685518618672,Minor local road,one_side,0.0,45.57342910946712,8.861447226380976,dentro_sezione,0.0
2026-07-29T19:01:10+00:00,150990000004,Dairago,0.7676872328697544,Secondary road,one_side,0.0,45.566099571560876,8.865997052469073,dentro_sezione,0.0
2026-07-29T19:01:10+00:00,150990000001,Dairago,0.7159220448648945,Secondary road,one_side,0.0,45.566099571560876,8.865997052469073,dentro_sezione,0.0
2026-07-29T19:01:10+00:00,150990000002,Dairago,0.6942688026504515,Secondary road,one_side,0.0,45.566099571560876,8.865997052469073,dentro_sezione,0.0
2026-07-29T19:01:10+00:00,150990000004,Dairago,0.7676872328697544,Connecting road,full,0.0,45.56559331224461,8.864327222945509,dentro_sezione,0.0
2026-07-29T19:01:10+00:00,150990000005,Dairago,0.7542589327199739,Connecting road,full,0.0,45.56559331224461,8.864327222945509,dentro_sezione,0.0
2026-07-29T19:01:10+00:00,150990000001,Dairago,0.7159220448648945,Connecting road,full,0.0,45.56559331224461,8.864327222945509,dentro_sezione,0.0
2026-07-29T19:01:10+00:00,150990000002,Dairago,0.6942688026504515,Connecting road,full,0.0,45.56559331224461,8.864327222945509,dentro_sezione,0.0
2026-07-29T19:01:10+00:00,150990000004,Dairago,0.7676872328697544,Connecting road,one_side,0.0,45.564686052346,8.860306390456056,dentro_sezione,0.0
2026-07-29T19:01:10+00:00,150990000005,Dairago,0.7542589327199739,Connecting road,one_side,0.0,45.564686052346,8.860306390456056,dentro_sezione,0.0
2026-07-29T19:01:10+00:00,150990000001,Dairago,0.7159220448648945,Connecting road,one_side,0.0,45.564686052346,8.860306390456056,dentro_sezione,0.0
2026-07-29T19:01:10+00:00,150990000002,Dairago,0.6942688026504515,Connecting road,one_side,0.0,45.564686052346,8.860306390456056,dentro_sezione,0.0
2026-07-29T19:01:10+00:00,150990000004,Dairago,0.7676872328697544,Major local road,one_side,0.0,45.563239021472114,8.860581830730837,dentro_sezione,0.0
2026-07-29T19:01:10+00:00,150990000005,Dairago,0.7542589327199739,Major local road,one_side,0.0,45.563239021472114,8.860581830730837,dentro_sezione,0.0
2026-07-29T19:01:10+00:00,150990000001,Dairago,0.7159220448648945,Secondary road,one_side,0.0,45.567936262877204,8.86530759774731,dentro_sezione,0.0
2026-07-29T19:01:10+00:00,150990000002,Dairago,0.6942688026504515,Secondary road,one_side,0.0,45.567936262877204,8.86530759774731,dentro_sezione,0.0
2026-07-29T19:01:10+00:00,150990000004,Dairago,0.7676872328697544,Secondary road,one_side,0.0,45.564009304627184,8.866927104572802,dentro_sezione,0.0
2026-07-29T19:01:10+00:00,150990000001,Dairago,0.7159220448648945,Secondary road,one_side,0.0,45.564009304627184,8.866927104572802,dentro_sezione,0.0
2026-07-29T19:01:10+00:00,150990000002,Dairago,0.6942688026504515,Secondary road,one_side,0.0,45.564009304627184,8.866927104572802,dentro_sezione,0.0
2026-07-29T19:01:10+00:00,150990000004,Dairago,0.7676872328697544,Connecting road,full,0.0,45.566236844428026,8.865384249111933,dentro_sezione,0.0
2026-07-29T19:01:10+00:00,150990000001,Dairago,0.7159220448648945,Connecting road,full,0.0,45.566236844428026,8.865384249111933,dentro_sezione,0.0
2026-07-29T19:01:10+00:00,150990000002,Dairago,0.6942688026504515,Connecting road,full,0.0,45.566236844428026,8.865384249111933,dentro_sezione,0.0
2026-07-29T19:01:10+00:00,150990000004,Dairago,0.7676872328697544,Connecting road,one_side,0.0,45.565772277047955,8.87122243071949,dentro_sezione,0.0
2026-07-29T19:01:10+00:00,150990000001,Dairago,0.7159220448648945,Connecting road,one_side,0.0,45.565772277047955,8.87122243071949,dentro_sezione,0.0
2026-07-29T19:01:10+00:00,150990000002,Dairago,0.6942688026504515,Connecting road,one_side,0.0,45.565772277047955,8.87122243071949,dentro_sezione,0.0
2026-07-29T19:01:10+00:00,151840000003,Robecco sul Naviglio,0.7196016242096119,Secondary road,full,0.0,45.43738004527872,8.884716475393938,dentro_sezione,0.0
2026-07-29T19:01:10+00:00,151840000006,Robecco sul Naviglio,0.7230185825971769,Secondary road,full,0.0,45.43738004527872,8.884716475393938,dentro_sezione,0.0
2026-07-29T19:01:10+00:00,151840000004,Robecco sul Naviglio,0.7107590900039538,Secondary road,full,0.0,45.43738004527872,8.884716475393938,dentro_sezione,0.0
2026-07-29T19:01:10+00:00,151840000006,Robecco sul Naviglio,0.7230185825971769,Secondary road,one_side,0.0,45.441021454681305,8.886726811167174,dentro_sezione,0.0
2026-07-29T19:01:10+00:00,151840000004,Robecco sul Naviglio,0.7107590900039538,Secondary road,one_side,0.0,45.441021454681305,8.886726811167174,dentro_sezione,0.0
2026-07-29T19:01:10+00:00,151840000004,Robecco sul Naviglio,0.7107590900039538,Connecting road,one_side,0.0,45.44215302778418,8.881694311544635,dentro_sezione,0.0
2026-07-29T19:01:10+00:00,151840000008,Robecco sul Naviglio,0.7257111688941349,Connecting road,one_side,0.0,45.44215302778418,8.881694311544635,dentro_sezione,0.0
2026-07-29T19:01:10+00:00,151840000008,Robecco sul Naviglio,0.7257111688941349,Minor local road,one_side,0.0,45.44305633774382,8.87880615453956,dentro_sezione,0.0
2026-07-29T19:01:10+00:00,151840000003,Robecco sul Naviglio,0.7196016242096119,Secondary road,full,0.0,45.436020247875916,8.88427360275287,dentro_sezione,0.0
2026-07-29T19:01:10+00:00,151840000006,Robecco sul Naviglio,0.7230185825971769,Secondary road,full,0.0,45.436020247875916,8.88427360275287,dentro_sezione,0.0
2026-07-29T19:01:10+00:00,151840000004,Robecco sul Naviglio,0.7107590900039538,Secondary road,full,0.0,45.436020247875916,8.88427360275287,dentro_sezione,0.0
2026-07-29T19:01:10+00:00,151840000003,Robecco sul Naviglio,0.7196016242096119,Secondary road,one_side,0.0,45.432741752237355,8.885387574658592,dentro_sezione,0.0
2026-07-29T19:01:10+00:00,151840000006,Robecco sul Naviglio,0.7230185825971769,Secondary road,one_side,0.0,45.432741752237355,8.885387574658592,dentro_sezione,0.0
2026-07-29T19:01:10+00:00,151840000004,Robecco sul Naviglio,0.7107590900039538,Secondary road,one_side,0.0,45.432741752237355,8.885387574658592,dentro_sezione,0.0
2026-07-29T19:01:10+00:00,151840000003,Robecco sul Naviglio,0.7196016242096119,Connecting road,full,0.0,45.434818033444905,8.888212023960996,dentro_sezione,0.0
2026-07-29T19:01:10+00:00,151840000004,Robecco sul Naviglio,0.7107590900039538,Connecting road,full,0.0,45.434818033444905,8.888212023960996,dentro_sezione,0.0
2026-07-29T19:01:10+00:00,151840000003,Robecco sul Naviglio,0.7196016242096119,Connecting road,one_side,0.0,45.43218495639539,8.879627085051737,dentro_sezione,0.0
2026-07-29T19:01:10+00:00,151840000006,Robecco sul Naviglio,0.7230185825971769,Connecting road,one_side,0.0,45.43218495639539,8.879627085051737,dentro_sezione,0.0
2026-07-29T19:01:10+00:00,150410000011,Busto Garolfo,0.7031690557477914,Local road,one_side,0.43800002336502075,45.544972559851566,8.890237233490335,dentro_sezione,0.0
2026-07-29T19:01:10+00:00,150410000011,Busto Garolfo,0.7031690557477914,Major local road,one_side,0.0,45.547462481839126,8.892937891739695,dentro_sezione,0.0
2026-07-29T19:01:10+00:00,150410000011,Busto Garolfo,0.7031690557477914,Local road,one_side,0.0,45.54939605649458,8.888692897569367,dentro_sezione,0.0
2026-07-29T19:01:10+00:00,150410000011,Busto Garolfo,0.7031690557477914,Local road,one_side,0.43800002336502075,45.54407600412062,8.890929616471169,dentro_sezione,0.0
2026-07-29T19:01:10+00:00,150410000011,Busto Garolfo,0.7031690557477914,Connecting road,one_side,0.0,45.54197439189159,8.89465136982906,dentro_sezione,0.0
2026-07-29T19:01:10+00:00,150410000011,Busto Garolfo,0.7031690557477914,Major local road,one_side,0.0,45.544562915692,8.895608895264767,dentro_sezione,0.0
2026-07-29T19:01:10+00:00,150410000011,Busto Garolfo,0.7031690557477914,Local road,one_side,0.0,45.54049505829869,8.891599000579392,dentro_sezione,0.0
2026-07-29T19:01:10+00:00,151840000003,Robecco sul Naviglio,0.7196016242096119,Secondary road,full,0.0,45.43673429376078,8.88704731701488,dentro_sezione,0.0
2026-07-29T19:01:10+00:00,151840000004,Robecco sul Naviglio,0.7107590900039538,Secondary road,full,0.0,45.43673429376078,8.88704731701488,dentro_sezione,0.0
2026-07-29T19:01:10+00:00,151840000004,Robecco sul Naviglio,0.7107590900039538,Secondary road,one_side,0.0,45.44129080099548,8.887639896752052,dentro_sezione,0.0
2026-07-29T19:01:10+00:00,151840000003,Robecco sul Naviglio,0.7196016242096119,Secondary road,full,0.0,45.43465511634912,8.88814045588459,dentro_sezione,0.0
2026-07-29T19:01:10+00:00,151840000004,Robecco sul Naviglio,0.7107590900039538,Secondary road,full,0.0,45.43465511634912,8.88814045588459,dentro_sezione,0.0
2026-07-29T19:01:10+00:00,151840000003,Robecco sul Naviglio,0.7196016242096119,Connecting road,full,0.0,45.433208070156475,8.889242619884701,dentro_sezione,0.0
2026-07-29T19:01:10+00:00,151840000004,Robecco sul Naviglio,0.7107590900039538,Connecting road,full,0.0,45.433208070156475,8.889242619884701,dentro_sezione,0.0
2026-07-29T19:01:10+00:00,150720000017,Cerro Maggiore,0.6999223680906879,Secondary road,one_side,0.0,45.59469927159379,8.956787134794192,dentro_sezione,0.0
2026-07-29T19:01:10+00:00,150720000017,Cerro Maggiore,0.6999223680906879,Secondary road,full,0.0,45.58848035915598,8.9642983740158,dentro_sezione,0.0
2026-07-29T19:01:10+00:00,150720000017,Cerro Maggiore,0.6999223680906879,Secondary road,one_side,0.0,45.59053028893129,8.961361051470247,dentro_sezione,0.0
2026-07-29T19:01:10+00:00,150720000017,Cerro Maggiore,0.6999223680906879,Major local road,one_side,0.0,45.58829146872337,8.959288092130175,dentro_sezione,0.0
2026-07-29T19:01:10+00:00,150720000017,Cerro Maggiore,0.6999223680906879,Secondary road,full,0.0,45.58756210472569,8.966193376164924,dentro_sezione,0.0
2026-07-29T19:01:10+00:00,150720000017,Cerro Maggiore,0.6999223680906879,Secondary road,one_side,0.0,45.58536762844651,8.971044060006122,dentro_sezione,0.0
2026-07-29T19:01:10+00:00,150720000017,Cerro Maggiore,0.6999223680906879,Connecting road,one_side,0.0,45.58803245184286,8.973497377206987,dentro_sezione,0.0
2026-07-29T19:01:10+00:00,150220000001,Besate,0.8066359409766615,Secondary road,full,0.0,45.31397405974819,8.970680438795323,dentro_sezione,0.0
2026-07-29T19:01:10+00:00,150220000002,Besate,0.8457837792598706,Secondary road,full,0.0,45.31397405974819,8.970680438795323,dentro_sezione,0.0
2026-07-29T19:01:10+00:00,150220000001,Besate,0.8066359409766615,Secondary road,one_side,0.0,45.31693428516195,8.970520214464711,dentro_sezione,0.0
2026-07-29T19:01:10+00:00,150220000002,Besate,0.8457837792598706,Secondary road,one_side,0.0,45.31693428516195,8.970520214464711,dentro_sezione,0.0
2026-07-29T19:01:10+00:00,150220000001,Besate,0.8066359409766615,Secondary road,full,0.0,45.31230807897691,8.970803137994647,dentro_sezione,0.0
2026-07-29T19:01:10+00:00,150220000002,Besate,0.8457837792598706,Secondary road,full,0.0,45.31230807897691,8.970803137994647,dentro_sezione,0.0
2026-07-29T19:01:10+00:00,150220000001,Besate,0.8066359409766615,Secondary road,one_side,0.0,45.30850050611067,8.971050499191625,dentro_sezione,0.0
2026-07-29T19:01:10+00:00,150220000002,Besate,0.8457837792598706,Secondary road,one_side,0.0,45.30850050611067,8.971050499191625,dentro_sezione,0.0
2026-07-29T19:01:10+00:00,150220000002,Besate,0.8457837792598706,Connecting road,one_side,0.0,45.31011677645614,8.97243897841263,dentro_sezione,0.0
2026-07-29T19:01:10+00:00,151030000093,Gaggiano,0.7171341415902132,Connecting road,full,0.0,45.37753558005545,9.02820117450363,dentro_sezione,0.0
2026-07-29T19:01:10+00:00,151030000093,Gaggiano,0.7171341415902132,Connecting road,one_side,0.0,45.37922478434031,9.025526004065227,dentro_sezione,0.0
2026-07-29T19:01:10+00:00,152360000001,Vernate,0.7404237143838364,Major road,full,0.0,45.33115422928388,9.051982675890759,dentro_sezione,0.0
2026-07-29T19:01:10+00:00,152360000001,Vernate,0.7404237143838364,Major road,one_side,0.0,45.333667378972784,9.04899330877629,dentro_sezione,0.0
2026-07-29T19:01:10+00:00,152360000001,Vernate,0.7404237143838364,Secondary road,full,0.0,45.33085582197837,9.05174506782142,dentro_sezione,0.0
2026-07-29T19:01:10+00:00,152360000001,Vernate,0.7404237143838364,Secondary road,one_side,0.0,45.3294711922926,9.049540764120502,dentro_sezione,0.0
2026-07-29T19:01:10+00:00,152360000004,Vernate,0.7248915606322527,Connecting road,full,0.0,45.31713370461864,9.060332435953853,dentro_sezione,0.0
2026-07-29T19:01:10+00:00,152360000004,Vernate,0.7248915606322527,Connecting road,one_side,0.0,45.31685556517416,9.058201381824388,dentro_sezione,0.0
2026-07-29T19:01:10+00:00,150270000044,Bollate,0.7092237674852166,Connecting road,full,0.0,45.551101576535864,9.141299958119559,dentro_sezione,0.0
2026-07-29T19:01:10+00:00,150270000044,Bollate,0.7092237674852166,Connecting road,one_side,0.0,45.54765211863531,9.13664998664483,dentro_sezione,0.0
2026-07-29T19:01:10+00:00,150270000044,Bollate,0.7092237674852166,Local road,full,0.0,45.5486136227763,9.137978497546188,dentro_sezione,0.0
2026-07-29T19:01:10+00:00,150270000044,Bollate,0.7092237674852166,Local road,one_side,0.0,45.54824986471238,9.135017346615326,dentro_sezione,0.0
2026-07-29T19:01:10+00:00,150270000046,Bollate,0.7233042911110021,Motorway,full,0.0,45.548637494915916,9.147269678190169,dentro_sezione,0.0
2026-07-29T19:01:10+00:00,150270000046,Bollate,0.7233042911110021,Secondary road,full,0.0,45.55070810723628,9.146664038825996,dentro_sezione,0.0
2026-07-29T19:01:10+00:00,150270000044,Bollate,0.7092237674852166,Connecting road,full,0.0,45.55017918548694,9.146031515963527,dentro_sezione,0.0
2026-07-29T19:01:10+00:00,150270000046,Bollate,0.7233042911110021,Connecting road,one_side,0.0,45.54844611685997,9.144391397351994,dentro_sezione,0.0
2026-07-29T19:01:10+00:00,150270000044,Bollate,0.7092237674852166,Connecting road,one_side,0.0,45.54844611685997,9.144391397351994,dentro_sezione,0.0
2026-07-29T19:01:10+00:00,150270000046,Bollate,0.7233042911110021,Major local road,one_side,0.0,45.547104666833036,9.147278688778757,dentro_sezione,0.0
2026-07-29T19:01:10+00:00,150270000044,Bollate,0.7092237674852166,Local road,full,0.0,45.549132817135515,9.14128879881228,dentro_sezione,0.0
2026-07-29T19:01:10+00:00,150270000044,Bollate,0.7092237674852166,Local road,one_side,0.0,45.55087472061718,9.140988204592569,dentro_sezione,0.0
2026-07-29T19:01:10+00:00,151660000079,Paderno Dugnano,0.7118644067796609,Major local road,full,0.0,45.57182786079618,9.158215086509971,dentro_sezione,0.0
2026-07-29T19:01:10+00:00,151660000079,Paderno Dugnano,0.7118644067796609,Major local road,one_side,0.0,45.57115547810489,9.15556725583581,dentro_sezione,0.0
2026-07-29T19:01:10+00:00,151660000079,Paderno Dugnano,0.7118644067796609,Local road,one_side,0.0,45.5697584120831,9.154184216067337,dentro_sezione,0.0
2026-07-29T19:01:10+00:00,151660000079,Paderno Dugnano,0.7118644067796609,Minor local road,full,0.0,45.569569956181454,9.157563682162007,dentro_sezione,0.0
2026-07-29T19:01:10+00:00,151660000079,Paderno Dugnano,0.7118644067796609,Major local road,full,0.0,45.56765660396396,9.16061173142433,dentro_sezione,0.0
2026-07-29T19:01:10+00:00,150770000455,Cinisello Balsamo,0.7342939680872247,Connecting road,full,0.0,45.5628198241358,9.20016664943403,dentro_sezione,0.0
2026-07-29T19:01:10+00:00,150770000308,Cinisello Balsamo,0.7375002525201512,Connecting road,full,0.0,45.5628198241358,9.20016664943403,dentro_sezione,0.0
2026-07-29T19:01:10+00:00,150770000455,Cinisello Balsamo,0.7342939680872247,Local road,one_side,0.0,45.56207030894774,9.204732755630442,dentro_sezione,0.0
2026-07-29T19:01:10+00:00,150770000308,Cinisello Balsamo,0.7375002525201512,Connecting road,one_side,0.0,45.57128500494079,9.209350914619835,dentro_sezione,0.0
2026-07-29T19:01:10+00:00,150770000310,Cinisello Balsamo,0.7121097120693088,Connecting road,one_side,0.0,45.57128500494079,9.209350914619835,dentro_sezione,0.0
2026-07-29T19:01:10+00:00,150770000370,Cinisello Balsamo,0.7379158285402604,Connecting road,one_side,0.0,45.57128500494079,9.209350914619835,dentro_sezione,0.0
2026-07-29T19:01:10+00:00,150770000370,Cinisello Balsamo,0.7379158285402604,Major local road,full,0.0,45.57139631159235,9.211628724443395,dentro_sezione,0.0
2026-07-29T19:01:10+00:00,150770000370,Cinisello Balsamo,0.7379158285402604,Major local road,one_side,0.0,45.57015685476648,9.213783784528827,dentro_sezione,0.0
2026-07-29T19:01:10+00:00,150770000308,Cinisello Balsamo,0.7375002525201512,Local road,full,0.0,45.56759310544539,9.21333004495521,dentro_sezione,0.0
2026-07-29T19:01:10+00:00,150770000455,Cinisello Balsamo,0.7342939680872247,Connecting road,full,0.0,45.565241334929205,9.208139213088042,dentro_sezione,0.0
2026-07-29T19:01:10+00:00,150770000308,Cinisello Balsamo,0.7375002525201512,Connecting road,full,0.0,45.565241334929205,9.208139213088042,dentro_sezione,0.0
2026-07-29T19:01:10+00:00,150770000308,Cinisello Balsamo,0.7375002525201512,Connecting road,one_side,0.0,45.567370928132085,9.210477903628986,dentro_sezione,0.0
2026-07-29T19:01:10+00:00,150770000310,Cinisello Balsamo,0.7121097120693088,Connecting road,one_side,0.0,45.567370928132085,9.210477903628986,dentro_sezione,0.0
2026-07-29T19:01:10+00:00,150770000308,Cinisello Balsamo,0.7375002525201512,Local road,full,0.0,45.56369204745294,9.212910239029103,dentro_sezione,0.0
2026-07-29T19:01:10+00:00,150770000455,Cinisello Balsamo,0.7342939680872247,Local road,one_side,0.0,45.56390554361116,9.211470433101258,dentro_sezione,0.0
2026-07-29T19:01:10+00:00,150770000308,Cinisello Balsamo,0.7375002525201512,Local road,one_side,0.0,45.56390554361116,9.211470433101258,dentro_sezione,0.0
2026-07-29T19:01:10+00:00,151590000022,Opera,0.730949158314262,Secondary road,full,0.0,45.40232137581589,9.209133230722834,dentro_sezione,0.0
2026-07-29T19:01:10+00:00,151460002842,Milano,0.741696415945421,Secondary road,full,0.0,45.40232137581589,9.209133230722834,dentro_sezione,0.0
2026-07-29T19:01:10+00:00,151590000022,Opera,0.730949158314262,Secondary road,full,0.0,45.39225546547591,9.211072481355576,dentro_sezione,0.0
2026-07-29T19:01:10+00:00,151460002842,Milano,0.741696415945421,Secondary road,full,0.0,45.39225546547591,9.211072481355576,dentro_sezione,0.0
2026-07-29T19:01:10+00:00,151590000022,Opera,0.730949158314262,Minor local road,full,0.0,45.39381965364314,9.211481553911986,dentro_sezione,0.0
2026-07-29T19:01:10+00:00,151590000014,Opera,0.7350933747370183,Minor local road,full,0.0,45.39381965364314,9.211481553911986,dentro_sezione,0.0
2026-07-29T19:01:10+00:00,151590000013,Opera,0.7339534266263019,Minor local road,one_side,0.0,45.39336750739379,9.211614956889422,dentro_sezione,0.0
2026-07-29T19:01:10+00:00,151590000022,Opera,0.730949158314262,Minor local road,one_side,0.0,45.39336750739379,9.211614956889422,dentro_sezione,0.0
2026-07-29T19:01:10+00:00,151590000014,Opera,0.7350933747370183,Minor local road,one_side,0.0,45.39336750739379,9.211614956889422,dentro_sezione,0.0
2026-07-29T19:01:10+00:00,151460002739,Milano,0.7105830473843242,Local road,one_side,0.0,45.416399000279455,9.239352252220206,dentro_sezione,0.0
2026-07-29T19:01:10+00:00,151460002738,Milano,0.694095645975406,Local road,one_side,0.0,45.416399000279455,9.239352252220206,dentro_sezione,0.0
2026-07-29T19:01:10+00:00,151460002739,Milano,0.7105830473843242,Local road,one_side,0.0,45.41530469682335,9.241945604240724,dentro_sezione,0.0
2026-07-29T19:01:10+00:00,151460002738,Milano,0.694095645975406,Local road,one_side,0.0,45.41530469682335,9.241945604240724,dentro_sezione,0.0
2026-07-29T19:01:10+00:00,150700000003,Cernusco sul Naviglio,0.69710280023203,Connecting road,full,0.0,45.526320116081415,9.322236627355936,dentro_sezione,0.0
2026-07-29T19:01:10+00:00,150700000003,Cernusco sul Naviglio,0.69710280023203,Connecting road,one_side,0.0,45.52385482525997,9.32355774741958,dentro_sezione,0.0
2026-07-29T19:01:10+00:00,151390000001,Mediglia,0.726435540984742,Connecting road,one_side,0.0,45.40120559797648,9.320046818976916,dentro_sezione,0.0
2026-07-29T19:01:10+00:00,151390000003,Mediglia,0.7112179551928244,Major local road,full,0.0,45.40140869376171,9.325048126419558,dentro_sezione,0.0
2026-07-29T19:01:10+00:00,151390000004,Mediglia,0.7585618760948553,Major local road,full,0.0,45.40140869376171,9.325048126419558,dentro_sezione,0.0
2026-07-29T19:01:10+00:00,151390000001,Mediglia,0.726435540984742,Major local road,full,0.0,45.40140869376171,9.325048126419558,dentro_sezione,0.0
2026-07-29T19:01:10+00:00,151390000003,Mediglia,0.7112179551928244,Major local road,one_side,0.0,45.400344667152524,9.325511649512542,dentro_sezione,0.0
2026-07-29T19:01:10+00:00,151390000001,Mediglia,0.726435540984742,Major local road,one_side,0.0,45.400344667152524,9.325511649512542,dentro_sezione,0.0
2026-07-29T19:01:10+00:00,151390000001,Mediglia,0.726435540984742,Minor local road,one_side,0.0,45.4006120470024,9.322143495082855,dentro_sezione,0.0
2026-07-29T19:01:10+00:00,151390000005,Mediglia,0.7604290822407629,Connecting road,full,0.0,45.3963907308835,9.326313621966435,dentro_sezione,0.0
2026-07-29T19:01:10+00:00,151390000005,Mediglia,0.7604290822407629,Connecting road,one_side,0.0,45.39679434052438,9.32338812732594,dentro_sezione,0.0
2026-07-29T19:01:10+00:00,151390000005,Mediglia,0.7604290822407629,Local road,one_side,0.0,45.396140404746596,9.327497611614783,dentro_sezione,0.0
2026-07-29T19:01:10+00:00,151390000005,Mediglia,0.7604290822407629,Minor local road,one_side,0.0,45.39511055682533,9.328355728091662,dentro_sezione,0.0
2026-07-29T19:01:10+00:00,150700000003,Cernusco sul Naviglio,0.69710280023203,Connecting road,full,0.0,45.52576863285696,9.334861391479718,dentro_sezione,0.0
2026-07-29T19:01:10+00:00,150700000003,Cernusco sul Naviglio,0.69710280023203,Connecting road,one_side,0.0,45.524771461211785,9.331391066137858,dentro_sezione,0.0
2026-07-29T19:01:10+00:00,151390000003,Mediglia,0.7112179551928244,Major local road,full,0.0,45.40269867414756,9.332973177694676,dentro_sezione,0.0
2026-07-29T19:01:10+00:00,151390000004,Mediglia,0.7585618760948553,Major local road,full,0.0,45.40269867414756,9.332973177694676,dentro_sezione,0.0
2026-07-29T19:01:10+00:00,151390000005,Mediglia,0.7604290822407629,Major local road,one_side,0.0,45.39901575157139,9.328824437964817,dentro_sezione,0.0
2026-07-29T19:01:10+00:00,151390000005,Mediglia,0.7604290822407629,Connecting road,full,0.0,45.39638593209097,9.326481688905965,dentro_sezione,0.0
2026-07-29T19:01:10+00:00,151390000005,Mediglia,0.7604290822407629,Connecting road,one_side,0.0,45.393074928382816,9.32979317581705,dentro_sezione,0.0
2026-07-29T19:01:10+00:00,151390000006,Mediglia,0.7320891064249785,Major local road,full,0.0,45.39695368826313,9.331997118685997,dentro_sezione,0.0
2026-07-29T19:01:10+00:00,151390000005,Mediglia,0.7604290822407629,Major local road,full,0.0,45.39695368826313,9.331997118685997,dentro_sezione,0.0
2026-07-29T19:01:10+00:00,151390000006,Mediglia,0.7320891064249785,Major local road,one_side,0.0,45.39818813703475,9.330293207015123,dentro_sezione,0.0
2026-07-29T19:01:10+00:00,151390000005,Mediglia,0.7604290822407629,Major local road,one_side,0.0,45.39818813703475,9.330293207015123,dentro_sezione,0.0
2026-07-29T19:01:10+00:00,151390000006,Mediglia,0.7320891064249785,Local road,full,0.0,45.39608792001459,9.332509194682364,dentro_sezione,0.0
2026-07-29T19:01:10+00:00,151390000005,Mediglia,0.7604290822407629,Local road,full,0.0,45.39608792001459,9.332509194682364,dentro_sezione,0.0
2026-07-29T19:01:10+00:00,151390000006,Mediglia,0.7320891064249785,Local road,one_side,0.0,45.39326670139134,9.332485365519153,dentro_sezione,0.0
2026-07-29T19:01:10+00:00,151390000005,Mediglia,0.7604290822407629,Local road,one_side,0.0,45.39326670139134,9.332485365519153,dentro_sezione,0.0
2026-07-29T19:01:10+00:00,151390000006,Mediglia,0.7320891064249785,Minor local road,full,0.0,45.39522836417661,9.332302120406032,dentro_sezione,0.0
2026-07-29T19:01:10+00:00,151390000005,Mediglia,0.7604290822407629,Minor local road,full,0.0,45.39522836417661,9.332302120406032,dentro_sezione,0.0
2026-07-29T19:01:10+00:00,151390000005,Mediglia,0.7604290822407629,Minor local road,one_side,0.0,45.39511987030326,9.329358166936347,dentro_sezione,0.0
2026-07-29T19:01:10+00:00,151390000012,Mediglia,0.8052276000196243,Major local road,full,0.0,45.40192324569242,9.33925038288648,dentro_sezione,0.0
2026-07-29T19:01:10+00:00,151390000012,Mediglia,0.8052276000196243,Major local road,one_side,0.0,45.39971558766529,9.340347647666931,dentro_sezione,0.0
2026-07-29T19:01:10+00:00,151720000033,Pessano con Bornago,0.6917868903081323,Connecting road,full,0.0,45.550503057218656,9.371199885655058,dentro_sezione,0.0
2026-07-29T19:01:10+00:00,151720000033,Pessano con Bornago,0.6917868903081323,Connecting road,one_side,0.0,45.55027066137421,9.366442433084678,dentro_sezione,0.0
2026-07-29T19:01:10+00:00,151720000033,Pessano con Bornago,0.6917868903081323,Connecting road,full,0.0,45.54997239764829,9.375375151996868,dentro_sezione,0.0
2026-07-29T19:01:10+00:00,151720000033,Pessano con Bornago,0.6917868903081323,Connecting road,one_side,0.0,45.54934355939635,9.376151642930555,dentro_sezione,0.0
2026-07-29T19:01:10+00:00,151060000002,Gessate,0.7425160242073031,Secondary road,one_side,0.0,45.56467958054513,9.42994085278958,dentro_sezione,0.0
2026-07-29T19:01:10+00:00,151060000002,Gessate,0.7425160242073031,Local road,full,0.0,45.560255313571915,9.432396762804721,dentro_sezione,0.0
2026-07-29T19:01:10+00:00,151060000002,Gessate,0.7425160242073031,Local road,one_side,0.0,45.56454053580137,9.429751142185447,dentro_sezione,0.0
2026-07-29T19:01:10+00:00,151060000001,Gessate,0.6955934512145499,Secondary road,one_side,0.0,45.556528542306786,9.434336921465553,dentro_sezione,0.0
2026-07-29T19:01:10+00:00,151060000002,Gessate,0.7425160242073031,Secondary road,one_side,0.0,45.556528542306786,9.434336921465553,dentro_sezione,0.0
2026-07-29T19:01:10+00:00,151060000001,Gessate,0.6955934512145499,Connecting road,one_side,0.0,45.55590896681553,9.431484338768323,dentro_sezione,0.0
2026-07-29T19:01:10+00:00,151060000024,Gessate,0.7259449304054464,Connecting road,one_side,0.0,45.55590896681553,9.431484338768323,dentro_sezione,0.0
2026-07-29T19:01:10+00:00,151060000001,Gessate,0.6955934512145499,Major local road,one_side,0.0,45.55422279576027,9.432760444383911,dentro_sezione,0.0
2026-07-29T19:01:10+00:00,151060000002,Gessate,0.7425160242073031,Local road,full,0.0,45.560255313571915,9.432396762804721,dentro_sezione,0.0
2026-07-29T19:01:10+00:00,151060000001,Gessate,0.6955934512145499,Local road,one_side,0.0,45.555846588990775,9.43116296524165,dentro_sezione,0.0
2026-07-29T19:01:10+00:00,151060000024,Gessate,0.7259449304054464,Local road,one_side,0.0,45.555846588990775,9.43116296524165,dentro_sezione,0.0
2026-07-29T19:01:10+00:00,151060000002,Gessate,0.7425160242073031,Local road,one_side,0.0,45.555846588990775,9.43116296524165,dentro_sezione,0.0
2026-07-29T19:01:10+00:00,151780000007,Pozzuolo Martesana,0.6870828006360621,Major local road,one_side,0.0,45.5162997071174,9.452851839905524,dentro_sezione,0.0
2026-07-29T19:01:10+00:00,151780000006,Pozzuolo Martesana,0.7249463935793504,Local road,one_side,0.0,45.51383675500905,9.455127776174606,dentro_sezione,0.0
2026-07-29T19:01:10+00:00,151780000010,Pozzuolo Martesana,0.7180720735800431,Local road,one_side,0.0,45.51383675500905,9.455127776174606,dentro_sezione,0.0
2026-07-29T19:01:10+00:00,151780000006,Pozzuolo Martesana,0.7249463935793504,Local road,one_side,0.0,45.51352177880894,9.45403040996121,dentro_sezione,0.0
2026-07-29T19:01:10+00:00,151780000010,Pozzuolo Martesana,0.7180720735800431,Local road,one_side,0.0,45.51352177880894,9.45403040996121,dentro_sezione,0.0
2026-07-29T19:01:10+00:00,151780000010,Pozzuolo Martesana,0.7180720735800431,Connecting road,full,0.0,45.513599351573255,9.460939502465216,dentro_sezione,0.0
2026-07-29T19:01:10+00:00,151780000007,Pozzuolo Martesana,0.6870828006360621,Connecting road,full,0.0,45.513599351573255,9.460939502465216,dentro_sezione,0.0
2026-07-29T19:01:10+00:00,151780000010,Pozzuolo Martesana,0.7180720735800431,Connecting road,one_side,0.0,45.51563145821439,9.465520992389205,dentro_sezione,0.0
2026-07-29T19:01:10+00:00,151780000007,Pozzuolo Martesana,0.6870828006360621,Connecting road,one_side,0.0,45.51563145821439,9.465520992389205,dentro_sezione,0.0
2026-07-29T19:01:10+00:00,151780000010,Pozzuolo Martesana,0.7180720735800431,Major local road,one_side,0.0,45.51532070853119,9.459851812271916,dentro_sezione,0.0
2026-07-29T19:01:10+00:00,151780000007,Pozzuolo Martesana,0.6870828006360621,Major local road,one_side,0.0,45.51532070853119,9.459851812271916,dentro_sezione,0.0
2026-07-29T19:01:10+00:00,151780000006,Pozzuolo Martesana,0.7249463935793504,Local road,one_side,0.0,45.51362060641403,9.459314526874598,dentro_sezione,0.0
2026-07-29T19:01:10+00:00,151780000010,Pozzuolo Martesana,0.7180720735800431,Local road,one_side,0.0,45.51362060641403,9.459314526874598,dentro_sezione,0.0
2026-07-29T19:01:10+00:00,151780000010,Pozzuolo Martesana,0.7180720735800431,Connecting road,full,0.0,45.513599351573255,9.460939502465216,dentro_sezione,0.0
2026-07-29T19:01:10+00:00,151780000007,Pozzuolo Martesana,0.6870828006360621,Connecting road,full,0.0,45.513599351573255,9.460939502465216,dentro_sezione,0.0
2026-07-29T19:01:10+00:00,151780000010,Pozzuolo Martesana,0.7180720735800431,Connecting road,one_side,0.0,45.51201985358216,9.463432597695672,dentro_sezione,0.0
2026-07-29T19:01:10+00:00,151780000007,Pozzuolo Martesana,0.6870828006360621,Connecting road,one_side,0.0,45.51201985358216,9.463432597695672,dentro_sezione,0.0
2026-07-29T19:01:10+00:00,151780000010,Pozzuolo Martesana,0.7180720735800431,Major local road,one_side,0.0,45.514391786615064,9.460879607557235,dentro_sezione,0.0
2026-07-29T19:01:10+00:00,151780000007,Pozzuolo Martesana,0.6870828006360621,Major local road,one_side,0.0,45.514391786615064,9.460879607557235,dentro_sezione,0.0
2026-07-29T19:01:10+00:00,151780000006,Pozzuolo Martesana,0.7249463935793504,Local road,one_side,0.0,45.51362060641403,9.459314526874598,dentro_sezione,0.0
2026-07-29T19:01:10+00:00,151780000010,Pozzuolo Martesana,0.7180720735800431,Local road,one_side,0.0,45.51362060641403,9.459314526874598,dentro_sezione,0.0
2026-07-29T19:01:10+00:00,152240000010,Truccazzano,0.7476905228465803,Connecting road,one_side,0.0,45.463656188833134,9.475532115410585,dentro_sezione,0.0
2026-07-29T19:01:10+00:00,150590000040,Cassano d'Adda,0.8090312749814579,Connecting road,full,0.0,45.50586857074825,9.527646386145808,dentro_sezione,0.0
2026-07-29T19:01:10+00:00,150590000040,Cassano d'Adda,0.8090312749814579,Connecting road,one_side,0.0,45.506227865561726,9.526025437081474,dentro_sezione,0.0
2026-07-29T19:01:10+00:00,150590000040,Cassano d'Adda,0.8090312749814579,Connecting road,full,0.0,45.50465141333191,9.53149248144333,dentro_sezione,0.0
2026-07-29T19:01:10+00:00,150590000040,Cassano d'Adda,0.8090312749814579,Connecting road,one_side,0.0,45.50481444915567,9.530592811924295,dentro_sezione,0.0
2026-07-29T19:01:10+00:00,150990000018,Dairago,0.7297543772564479,Connecting road,one_side,0.0,45.564686052346,8.860306390456056,piu_vicino_esterno,163.7
2026-07-29T19:01:10+00:00,150770000392,Cinisello Balsamo,0.7272782368032968,Connecting road,one_side,0.0,45.57128500494079,9.209350914619835,piu_vicino_esterno,251.1
2026-07-29T19:01:10+00:00,150770000393,Cinisello Balsamo,0.714057724663571,Connecting road,one_side,0.0,45.57128500494079,9.209350914619835,piu_vicino_esterno,263.7
2026-07-29T19:05:47+00:00,151830000004,Robecchetto con Induno,0.7553527057173448,Connecting road,one_side,0.0,45.524309692433015,8.772144027552589,dentro_sezione,0.0
2026-07-29T19:05:47+00:00,151830000005,Robecchetto con Induno,0.7359793597243346,Connecting road,one_side,0.0,45.524309692433015,8.772144027552589,dentro_sezione,0.0
2026-07-29T19:05:47+00:00,151830000004,Robecchetto con Induno,0.7553527057173448,Major local road,one_side,0.0,45.52593707033944,8.774034097590642,dentro_sezione,0.0
2026-07-29T19:05:47+00:00,151830000005,Robecchetto con Induno,0.7359793597243346,Major local road,one_side,0.0,45.52593707033944,8.774034097590642,dentro_sezione,0.0
2026-07-29T19:05:47+00:00,151830000004,Robecchetto con Induno,0.7553527057173448,Local road,full,0.0,45.52665341304878,8.77813513370993,dentro_sezione,0.0
2026-07-29T19:05:47+00:00,151830000005,Robecchetto con Induno,0.7359793597243346,Local road,full,0.0,45.52665341304878,8.77813513370993,dentro_sezione,0.0
2026-07-29T19:05:47+00:00,151830000004,Robecchetto con Induno,0.7553527057173448,Local road,one_side,0.0,45.52750090024759,8.777482354636556,dentro_sezione,0.0
2026-07-29T19:05:47+00:00,151830000005,Robecchetto con Induno,0.7359793597243346,Local road,one_side,0.0,45.52750090024759,8.777482354636556,dentro_sezione,0.0
2026-07-29T19:05:47+00:00,151830000004,Robecchetto con Induno,0.7553527057173448,Minor local road,one_side,0.0,45.5246629407847,8.777006510696419,dentro_sezione,0.0
2026-07-29T19:05:47+00:00,151830000005,Robecchetto con Induno,0.7359793597243346,Minor local road,one_side,0.0,45.5246629407847,8.777006510696419,dentro_sezione,0.0
2026-07-29T19:05:47+00:00,151830000004,Robecchetto con Induno,0.7553527057173448,Connecting road,one_side,0.0,45.52127522697483,8.777696798566893,dentro_sezione,0.0
2026-07-29T19:05:47+00:00,151830000005,Robecchetto con Induno,0.7359793597243346,Connecting road,one_side,0.0,45.52127522697483,8.777696798566893,dentro_sezione,0.0
2026-07-29T19:05:47+00:00,151830000004,Robecchetto con Induno,0.7553527057173448,Major local road,one_side,0.0,45.52003006239406,8.771803302455004,dentro_sezione,0.0
2026-07-29T19:05:47+00:00,151830000004,Robecchetto con Induno,0.7553527057173448,Connecting road,one_side,0.0,45.521384299391016,8.77747167238986,dentro_sezione,0.0
2026-07-29T19:05:47+00:00,151830000005,Robecchetto con Induno,0.7359793597243346,Connecting road,one_side,0.0,45.521384299391016,8.77747167238986,dentro_sezione,0.0
2026-07-29T19:05:47+00:00,151830000005,Robecchetto con Induno,0.7359793597243346,Major local road,full,0.0,45.52572185698712,8.781758926879993,dentro_sezione,0.0
2026-07-29T19:05:47+00:00,151830000004,Robecchetto con Induno,0.7553527057173448,Major local road,one_side,0.0,45.52545606758585,8.783235613334185,dentro_sezione,0.0
2026-07-29T19:05:47+00:00,151830000005,Robecchetto con Induno,0.7359793597243346,Major local road,one_side,0.0,45.52545606758585,8.783235613334185,dentro_sezione,0.0
2026-07-29T19:05:47+00:00,151830000004,Robecchetto con Induno,0.7553527057173448,Local road,full,0.0,45.52665017246545,8.778138354718036,dentro_sezione,0.0
2026-07-29T19:05:47+00:00,151830000005,Robecchetto con Induno,0.7359793597243346,Local road,full,0.0,45.52665017246545,8.778138354718036,dentro_sezione,0.0
2026-07-29T19:05:47+00:00,151830000004,Robecchetto con Induno,0.7553527057173448,Local road,one_side,0.0,45.52614843665075,8.779160738634744,dentro_sezione,0.0
2026-07-29T19:05:47+00:00,151830000005,Robecchetto con Induno,0.7359793597243346,Local road,one_side,0.0,45.52614843665075,8.779160738634744,dentro_sezione,0.0
2026-07-29T19:05:47+00:00,151830000004,Robecchetto con Induno,0.7553527057173448,Minor local road,one_side,0.0,45.524831941765086,8.777906603428388,dentro_sezione,0.0
2026-07-29T19:05:47+00:00,151830000005,Robecchetto con Induno,0.7359793597243346,Minor local road,one_side,0.0,45.524831941765086,8.777906603428388,dentro_sezione,0.0
2026-07-29T19:05:47+00:00,151830000004,Robecchetto con Induno,0.7553527057173448,Connecting road,one_side,0.010999977588653564,45.51500790823353,8.780879796678562,dentro_sezione,0.0
2026-07-29T19:05:47+00:00,151830000004,Robecchetto con Induno,0.7553527057173448,Connecting road,one_side,0.0,45.5186005497778,8.779704662360936,dentro_sezione,0.0
2026-07-29T19:05:47+00:00,151830000005,Robecchetto con Induno,0.7359793597243346,Connecting road,one_side,0.0,45.5186005497778,8.779704662360936,dentro_sezione,0.0
2026-07-29T19:05:47+00:00,151830000004,Robecchetto con Induno,0.7553527057173448,Major local road,one_side,0.0,45.52129064980628,8.777203055737562,dentro_sezione,0.0
2026-07-29T19:05:47+00:00,150990000004,Dairago,0.7676872328697544,Connecting road,one_side,0.0,45.559969756077514,8.855855576146451,dentro_sezione,0.0
2026-07-29T19:05:47+00:00,150990000005,Dairago,0.7542589327199739,Connecting road,one_side,0.0,45.559969756077514,8.855855576146451,dentro_sezione,0.0
2026-07-29T19:05:47+00:00,150990000006,Dairago,0.7709685518618672,Secondary road,one_side,0.6599999964237213,45.57774381193826,8.86005125574286,dentro_sezione,0.0
2026-07-29T19:05:47+00:00,150990000006,Dairago,0.7709685518618672,Secondary road,one_side,0.12199997901916504,45.57550377845801,8.861572145141743,dentro_sezione,0.0
2026-07-29T19:05:47+00:00,150990000006,Dairago,0.7709685518618672,Secondary road,one_side,0.07200002670288086,45.57550593488915,8.861569898674606,dentro_sezione,0.0
2026-07-29T19:05:47+00:00,150990000006,Dairago,0.7709685518618672,Secondary road,one_side,0.6599999964237213,45.57626841121212,8.861078594174671,dentro_sezione,0.0
2026-07-29T19:05:47+00:00,150990000006,Dairago,0.7709685518618672,Secondary road,full,0.12199997901916504,45.574130222271364,8.862384773534133,dentro_sezione,0.0
2026-07-29T19:05:47+00:00,150990000006,Dairago,0.7709685518618672,Secondary road,one_side,0.12199997901916504,45.5752231718279,8.861740512995713,dentro_sezione,0.0
2026-07-29T19:05:47+00:00,150990000006,Dairago,0.7709685518618672,Secondary road,full,0.07200002670288086,45.57413880688018,8.862438694596689,dentro_sezione,0.0
2026-07-29T19:05:47+00:00,150990000006,Dairago,0.7709685518618672,Secondary road,one_side,0.07200002670288086,45.575225457456405,8.86173846888984,dentro_sezione,0.0
2026-07-29T19:05:47+00:00,150990000006,Dairago,0.7709685518618672,Secondary road,full,0.0,45.57386472233244,8.862566283510171,dentro_sezione,0.0
2026-07-29T19:05:47+00:00,150990000005,Dairago,0.7542589327199739,Secondary road,one_side,0.0,45.57043341609905,8.864191937538157,dentro_sezione,0.0
2026-07-29T19:05:47+00:00,150990000001,Dairago,0.7159220448648945,Secondary road,one_side,0.0,45.57043341609905,8.864191937538157,dentro_sezione,0.0
2026-07-29T19:05:47+00:00,150990000002,Dairago,0.6942688026504515,Secondary road,one_side,0.0,45.57043341609905,8.864191937538157,dentro_sezione,0.0
2026-07-29T19:05:47+00:00,150990000006,Dairago,0.7709685518618672,Secondary road,one_side,0.0,45.57043341609905,8.864191937538157,dentro_sezione,0.0
2026-07-29T19:05:47+00:00,150990000005,Dairago,0.7542589327199739,Connecting road,one_side,0.0,45.56869535247887,8.862106087174277,dentro_sezione,0.0
2026-07-29T19:05:47+00:00,150990000001,Dairago,0.7159220448648945,Connecting road,one_side,0.0,45.56869535247887,8.862106087174277,dentro_sezione,0.0
2026-07-29T19:05:47+00:00,150990000002,Dairago,0.6942688026504515,Connecting road,one_side,0.0,45.56869535247887,8.862106087174277,dentro_sezione,0.0
2026-07-29T19:05:47+00:00,150990000006,Dairago,0.7709685518618672,Connecting road,one_side,0.0,45.56869535247887,8.862106087174277,dentro_sezione,0.0
2026-07-29T19:05:47+00:00,150990000005,Dairago,0.7542589327199739,Local road,full,0.0,45.57115044782316,8.861418408582644,dentro_sezione,0.0
2026-07-29T19:05:47+00:00,150990000006,Dairago,0.7709685518618672,Local road,full,0.0,45.57115044782316,8.861418408582644,dentro_sezione,0.0
2026-07-29T19:05:47+00:00,150990000005,Dairago,0.7542589327199739,Local road,one_side,0.0,45.57092412688219,8.861752614264068,dentro_sezione,0.0
2026-07-29T19:05:47+00:00,150990000006,Dairago,0.7709685518618672,Local road,one_side,0.0,45.57092412688219,8.861752614264068,dentro_sezione,0.0
2026-07-29T19:05:47+00:00,150990000006,Dairago,0.7709685518618672,Minor local road,full,0.0,45.57390108315492,8.862335085868835,dentro_sezione,0.0
2026-07-29T19:05:47+00:00,150990000006,Dairago,0.7709685518618672,Minor local road,one_side,0.0,45.57342910946712,8.861447226380976,dentro_sezione,0.0
2026-07-29T19:05:47+00:00,150990000004,Dairago,0.7676872328697544,Secondary road,one_side,0.0,45.566099571560876,8.865997052469073,dentro_sezione,0.0
2026-07-29T19:05:47+00:00,150990000001,Dairago,0.7159220448648945,Secondary road,one_side,0.0,45.566099571560876,8.865997052469073,dentro_sezione,0.0
2026-07-29T19:05:47+00:00,150990000002,Dairago,0.6942688026504515,Secondary road,one_side,0.0,45.566099571560876,8.865997052469073,dentro_sezione,0.0
2026-07-29T19:05:47+00:00,150990000004,Dairago,0.7676872328697544,Connecting road,full,0.0,45.56559331224461,8.864327222945509,dentro_sezione,0.0
2026-07-29T19:05:47+00:00,150990000005,Dairago,0.7542589327199739,Connecting road,full,0.0,45.56559331224461,8.864327222945509,dentro_sezione,0.0
2026-07-29T19:05:47+00:00,150990000001,Dairago,0.7159220448648945,Connecting road,full,0.0,45.56559331224461,8.864327222945509,dentro_sezione,0.0
2026-07-29T19:05:47+00:00,150990000002,Dairago,0.6942688026504515,Connecting road,full,0.0,45.56559331224461,8.864327222945509,dentro_sezione,0.0
2026-07-29T19:05:47+00:00,150990000004,Dairago,0.7676872328697544,Connecting road,one_side,0.0,45.564686052346,8.860306390456056,dentro_sezione,0.0
2026-07-29T19:05:47+00:00,150990000005,Dairago,0.7542589327199739,Connecting road,one_side,0.0,45.564686052346,8.860306390456056,dentro_sezione,0.0
2026-07-29T19:05:47+00:00,150990000001,Dairago,0.7159220448648945,Connecting road,one_side,0.0,45.564686052346,8.860306390456056,dentro_sezione,0.0
2026-07-29T19:05:47+00:00,150990000002,Dairago,0.6942688026504515,Connecting road,one_side,0.0,45.564686052346,8.860306390456056,dentro_sezione,0.0
2026-07-29T19:05:47+00:00,150990000004,Dairago,0.7676872328697544,Major local road,one_side,0.0,45.563239021472114,8.860581830730837,dentro_sezione,0.0
2026-07-29T19:05:47+00:00,150990000005,Dairago,0.7542589327199739,Major local road,one_side,0.0,45.563239021472114,8.860581830730837,dentro_sezione,0.0
2026-07-29T19:05:47+00:00,150990000001,Dairago,0.7159220448648945,Secondary road,one_side,0.0,45.567936262877204,8.86530759774731,dentro_sezione,0.0
2026-07-29T19:05:47+00:00,150990000002,Dairago,0.6942688026504515,Secondary road,one_side,0.0,45.567936262877204,8.86530759774731,dentro_sezione,0.0
2026-07-29T19:05:47+00:00,150990000004,Dairago,0.7676872328697544,Secondary road,one_side,0.0,45.564009304627184,8.866927104572802,dentro_sezione,0.0
2026-07-29T19:05:47+00:00,150990000001,Dairago,0.7159220448648945,Secondary road,one_side,0.0,45.564009304627184,8.866927104572802,dentro_sezione,0.0
2026-07-29T19:05:47+00:00,150990000002,Dairago,0.6942688026504515,Secondary road,one_side,0.0,45.564009304627184,8.866927104572802,dentro_sezione,0.0
2026-07-29T19:05:47+00:00,150990000004,Dairago,0.7676872328697544,Connecting road,full,0.0,45.566236844428026,8.865384249111933,dentro_sezione,0.0
2026-07-29T19:05:47+00:00,150990000001,Dairago,0.7159220448648945,Connecting road,full,0.0,45.566236844428026,8.865384249111933,dentro_sezione,0.0
2026-07-29T19:05:47+00:00,150990000002,Dairago,0.6942688026504515,Connecting road,full,0.0,45.566236844428026,8.865384249111933,dentro_sezione,0.0
2026-07-29T19:05:47+00:00,150990000004,Dairago,0.7676872328697544,Connecting road,one_side,0.0,45.565772277047955,8.87122243071949,dentro_sezione,0.0
2026-07-29T19:05:47+00:00,150990000001,Dairago,0.7159220448648945,Connecting road,one_side,0.0,45.565772277047955,8.87122243071949,dentro_sezione,0.0
2026-07-29T19:05:47+00:00,150990000002,Dairago,0.6942688026504515,Connecting road,one_side,0.0,45.565772277047955,8.87122243071949,dentro_sezione,0.0
2026-07-29T19:05:47+00:00,151840000003,Robecco sul Naviglio,0.7196016242096119,Secondary road,full,0.0,45.43738004527872,8.884716475393938,dentro_sezione,0.0
2026-07-29T19:05:47+00:00,151840000006,Robecco sul Naviglio,0.7230185825971769,Secondary road,full,0.0,45.43738004527872,8.884716475393938,dentro_sezione,0.0
2026-07-29T19:05:47+00:00,151840000004,Robecco sul Naviglio,0.7107590900039538,Secondary road,full,0.0,45.43738004527872,8.884716475393938,dentro_sezione,0.0
2026-07-29T19:05:47+00:00,151840000006,Robecco sul Naviglio,0.7230185825971769,Secondary road,one_side,0.0,45.441021454681305,8.886726811167174,dentro_sezione,0.0
2026-07-29T19:05:47+00:00,151840000004,Robecco sul Naviglio,0.7107590900039538,Secondary road,one_side,0.0,45.441021454681305,8.886726811167174,dentro_sezione,0.0
2026-07-29T19:05:47+00:00,151840000004,Robecco sul Naviglio,0.7107590900039538,Connecting road,one_side,0.0,45.44215302778418,8.881694311544635,dentro_sezione,0.0
2026-07-29T19:05:47+00:00,151840000008,Robecco sul Naviglio,0.7257111688941349,Connecting road,one_side,0.0,45.44215302778418,8.881694311544635,dentro_sezione,0.0
2026-07-29T19:05:47+00:00,151840000008,Robecco sul Naviglio,0.7257111688941349,Minor local road,one_side,0.0,45.44305633774382,8.87880615453956,dentro_sezione,0.0
2026-07-29T19:05:47+00:00,151840000003,Robecco sul Naviglio,0.7196016242096119,Secondary road,full,0.0,45.436020247875916,8.88427360275287,dentro_sezione,0.0
2026-07-29T19:05:47+00:00,151840000006,Robecco sul Naviglio,0.7230185825971769,Secondary road,full,0.0,45.436020247875916,8.88427360275287,dentro_sezione,0.0
2026-07-29T19:05:47+00:00,151840000004,Robecco sul Naviglio,0.7107590900039538,Secondary road,full,0.0,45.436020247875916,8.88427360275287,dentro_sezione,0.0
2026-07-29T19:05:47+00:00,151840000003,Robecco sul Naviglio,0.7196016242096119,Secondary road,one_side,0.0,45.432741752237355,8.885387574658592,dentro_sezione,0.0
2026-07-29T19:05:47+00:00,151840000006,Robecco sul Naviglio,0.7230185825971769,Secondary road,one_side,0.0,45.432741752237355,8.885387574658592,dentro_sezione,0.0
2026-07-29T19:05:47+00:00,151840000004,Robecco sul Naviglio,0.7107590900039538,Secondary road,one_side,0.0,45.432741752237355,8.885387574658592,dentro_sezione,0.0
2026-07-29T19:05:47+00:00,151840000003,Robecco sul Naviglio,0.7196016242096119,Connecting road,full,0.0,45.434818033444905,8.888212023960996,dentro_sezione,0.0
2026-07-29T19:05:47+00:00,151840000004,Robecco sul Naviglio,0.7107590900039538,Connecting road,full,0.0,45.434818033444905,8.888212023960996,dentro_sezione,0.0
2026-07-29T19:05:47+00:00,151840000003,Robecco sul Naviglio,0.7196016242096119,Connecting road,one_side,0.0,45.43218495639539,8.879627085051737,dentro_sezione,0.0
2026-07-29T19:05:47+00:00,151840000006,Robecco sul Naviglio,0.7230185825971769,Connecting road,one_side,0.0,45.43218495639539,8.879627085051737,dentro_sezione,0.0
2026-07-29T19:05:47+00:00,150410000011,Busto Garolfo,0.7031690557477914,Major local road,one_side,0.0,45.547462481839126,8.892937891739695,dentro_sezione,0.0
2026-07-29T19:05:47+00:00,150410000011,Busto Garolfo,0.7031690557477914,Local road,one_side,0.0,45.54847842090824,8.888772558313534,dentro_sezione,0.0
2026-07-29T19:05:47+00:00,150410000011,Busto Garolfo,0.7031690557477914,Connecting road,one_side,0.0,45.54197439189159,8.89465136982906,dentro_sezione,0.0
2026-07-29T19:05:47+00:00,150410000011,Busto Garolfo,0.7031690557477914,Major local road,one_side,0.0,45.544562915692,8.895608895264767,dentro_sezione,0.0
2026-07-29T19:05:47+00:00,150410000011,Busto Garolfo,0.7031690557477914,Local road,one_side,0.0,45.540993787214255,8.89150577347488,dentro_sezione,0.0
2026-07-29T19:05:47+00:00,151840000003,Robecco sul Naviglio,0.7196016242096119,Secondary road,full,0.0,45.43673429376078,8.88704731701488,dentro_sezione,0.0
2026-07-29T19:05:47+00:00,151840000004,Robecco sul Naviglio,0.7107590900039538,Secondary road,full,0.0,45.43673429376078,8.88704731701488,dentro_sezione,0.0
2026-07-29T19:05:47+00:00,151840000004,Robecco sul Naviglio,0.7107590900039538,Secondary road,one_side,0.0,45.44129080099548,8.887639896752052,dentro_sezione,0.0
2026-07-29T19:05:47+00:00,151840000003,Robecco sul Naviglio,0.7196016242096119,Secondary road,full,0.0,45.43465511634912,8.88814045588459,dentro_sezione,0.0
2026-07-29T19:05:47+00:00,151840000004,Robecco sul Naviglio,0.7107590900039538,Secondary road,full,0.0,45.43465511634912,8.88814045588459,dentro_sezione,0.0
2026-07-29T19:05:47+00:00,151840000003,Robecco sul Naviglio,0.7196016242096119,Connecting road,full,0.0,45.433208070156475,8.889242619884701,dentro_sezione,0.0
2026-07-29T19:05:47+00:00,151840000004,Robecco sul Naviglio,0.7107590900039538,Connecting road,full,0.0,45.433208070156475,8.889242619884701,dentro_sezione,0.0
2026-07-29T19:05:47+00:00,150720000017,Cerro Maggiore,0.6999223680906879,Secondary road,one_side,0.0,45.59469927159379,8.956787134794192,dentro_sezione,0.0
2026-07-29T19:05:47+00:00,150720000017,Cerro Maggiore,0.6999223680906879,Secondary road,full,0.0,45.58848035915598,8.9642983740158,dentro_sezione,0.0
2026-07-29T19:05:47+00:00,150720000017,Cerro Maggiore,0.6999223680906879,Secondary road,one_side,0.0,45.59053028893129,8.961361051470247,dentro_sezione,0.0
2026-07-29T19:05:47+00:00,150720000017,Cerro Maggiore,0.6999223680906879,Major local road,one_side,0.0,45.58829146872337,8.959288092130175,dentro_sezione,0.0
2026-07-29T19:05:47+00:00,150720000017,Cerro Maggiore,0.6999223680906879,Secondary road,full,0.0,45.58756210472569,8.966193376164924,dentro_sezione,0.0
2026-07-29T19:05:47+00:00,150720000017,Cerro Maggiore,0.6999223680906879,Secondary road,one_side,0.0,45.58536762844651,8.971044060006122,dentro_sezione,0.0
2026-07-29T19:05:47+00:00,150720000017,Cerro Maggiore,0.6999223680906879,Connecting road,one_side,0.0,45.58803245184286,8.973497377206987,dentro_sezione,0.0
2026-07-29T19:05:47+00:00,150220000001,Besate,0.8066359409766615,Secondary road,full,0.0,45.31397405974819,8.970680438795323,dentro_sezione,0.0
2026-07-29T19:05:47+00:00,150220000002,Besate,0.8457837792598706,Secondary road,full,0.0,45.31397405974819,8.970680438795323,dentro_sezione,0.0
2026-07-29T19:05:47+00:00,150220000001,Besate,0.8066359409766615,Secondary road,one_side,0.0,45.31693428516195,8.970520214464711,dentro_sezione,0.0
2026-07-29T19:05:47+00:00,150220000002,Besate,0.8457837792598706,Secondary road,one_side,0.0,45.31693428516195,8.970520214464711,dentro_sezione,0.0
2026-07-29T19:05:47+00:00,150220000001,Besate,0.8066359409766615,Secondary road,full,0.0,45.31230807897691,8.970803137994647,dentro_sezione,0.0
2026-07-29T19:05:47+00:00,150220000002,Besate,0.8457837792598706,Secondary road,full,0.0,45.31230807897691,8.970803137994647,dentro_sezione,0.0
2026-07-29T19:05:47+00:00,150220000001,Besate,0.8066359409766615,Secondary road,one_side,0.0,45.30850050611067,8.971050499191625,dentro_sezione,0.0
2026-07-29T19:05:47+00:00,150220000002,Besate,0.8457837792598706,Secondary road,one_side,0.0,45.30850050611067,8.971050499191625,dentro_sezione,0.0
2026-07-29T19:05:47+00:00,150220000002,Besate,0.8457837792598706,Connecting road,one_side,0.0,45.31011677645614,8.97243897841263,dentro_sezione,0.0
2026-07-29T19:05:47+00:00,151030000093,Gaggiano,0.7171341415902132,Connecting road,full,0.0,45.37753558005545,9.02820117450363,dentro_sezione,0.0
2026-07-29T19:05:47+00:00,151030000093,Gaggiano,0.7171341415902132,Connecting road,one_side,0.0,45.37922478434031,9.025526004065227,dentro_sezione,0.0
2026-07-29T19:05:47+00:00,152360000001,Vernate,0.7404237143838364,Major road,full,0.0,45.33115422928388,9.051982675890759,dentro_sezione,0.0
2026-07-29T19:05:47+00:00,152360000001,Vernate,0.7404237143838364,Major road,one_side,0.0,45.333667378972784,9.04899330877629,dentro_sezione,0.0
2026-07-29T19:05:47+00:00,152360000001,Vernate,0.7404237143838364,Secondary road,full,0.0,45.33085582197837,9.05174506782142,dentro_sezione,0.0
2026-07-29T19:05:47+00:00,152360000001,Vernate,0.7404237143838364,Secondary road,one_side,0.0,45.3294711922926,9.049540764120502,dentro_sezione,0.0
2026-07-29T19:05:47+00:00,152360000004,Vernate,0.7248915606322527,Connecting road,full,0.0,45.31713370461864,9.060332435953853,dentro_sezione,0.0
2026-07-29T19:05:47+00:00,152360000004,Vernate,0.7248915606322527,Connecting road,one_side,0.0,45.31685556517416,9.058201381824388,dentro_sezione,0.0
2026-07-29T19:05:47+00:00,150270000044,Bollate,0.7092237674852166,Connecting road,full,0.0,45.551101576535864,9.141299958119559,dentro_sezione,0.0
2026-07-29T19:05:47+00:00,150270000044,Bollate,0.7092237674852166,Connecting road,one_side,0.0,45.54765211863531,9.13664998664483,dentro_sezione,0.0
2026-07-29T19:05:47+00:00,150270000044,Bollate,0.7092237674852166,Local road,full,0.0,45.5486136227763,9.137978497546188,dentro_sezione,0.0
2026-07-29T19:05:47+00:00,150270000044,Bollate,0.7092237674852166,Local road,one_side,0.0,45.54824986471238,9.135017346615326,dentro_sezione,0.0
2026-07-29T19:05:47+00:00,150270000046,Bollate,0.7233042911110021,Motorway,full,0.0,45.548637494915916,9.147269678190169,dentro_sezione,0.0
2026-07-29T19:05:47+00:00,150270000046,Bollate,0.7233042911110021,Secondary road,full,0.0,45.55070810723628,9.146664038825996,dentro_sezione,0.0
2026-07-29T19:05:47+00:00,150270000044,Bollate,0.7092237674852166,Connecting road,full,0.0,45.55017918548694,9.146031515963527,dentro_sezione,0.0
2026-07-29T19:05:47+00:00,150270000046,Bollate,0.7233042911110021,Connecting road,one_side,0.0,45.54844611685997,9.144391397351994,dentro_sezione,0.0
2026-07-29T19:05:47+00:00,150270000044,Bollate,0.7092237674852166,Connecting road,one_side,0.0,45.54844611685997,9.144391397351994,dentro_sezione,0.0
2026-07-29T19:05:47+00:00,150270000046,Bollate,0.7233042911110021,Major local road,one_side,0.0,45.547104666833036,9.147278688778757,dentro_sezione,0.0
2026-07-29T19:05:47+00:00,150270000044,Bollate,0.7092237674852166,Local road,full,0.0,45.549132817135515,9.14128879881228,dentro_sezione,0.0
2026-07-29T19:05:47+00:00,150270000044,Bollate,0.7092237674852166,Local road,one_side,0.0,45.55087472061718,9.140988204592569,dentro_sezione,0.0
2026-07-29T19:05:47+00:00,151660000079,Paderno Dugnano,0.7118644067796609,Major local road,full,0.0,45.57182786079618,9.158215086509971,dentro_sezione,0.0
2026-07-29T19:05:47+00:00,151660000079,Paderno Dugnano,0.7118644067796609,Major local road,one_side,0.0,45.57115547810489,9.15556725583581,dentro_sezione,0.0
2026-07-29T19:05:47+00:00,151660000079,Paderno Dugnano,0.7118644067796609,Local road,one_side,0.0,45.5697584120831,9.154184216067337,dentro_sezione,0.0
2026-07-29T19:05:47+00:00,151660000079,Paderno Dugnano,0.7118644067796609,Minor local road,full,0.0,45.569569956181454,9.157563682162007,dentro_sezione,0.0
2026-07-29T19:05:47+00:00,151660000079,Paderno Dugnano,0.7118644067796609,Major local road,full,0.0,45.56765660396396,9.16061173142433,dentro_sezione,0.0
2026-07-29T19:05:47+00:00,150770000455,Cinisello Balsamo,0.7342939680872247,Connecting road,full,0.0,45.5628198241358,9.20016664943403,dentro_sezione,0.0
2026-07-29T19:05:47+00:00,150770000308,Cinisello Balsamo,0.7375002525201512,Connecting road,full,0.0,45.5628198241358,9.20016664943403,dentro_sezione,0.0
2026-07-29T19:05:47+00:00,150770000455,Cinisello Balsamo,0.7342939680872247,Local road,one_side,0.0,45.56207030894774,9.204732755630442,dentro_sezione,0.0
2026-07-29T19:05:47+00:00,150770000308,Cinisello Balsamo,0.7375002525201512,Connecting road,one_side,0.0,45.57128500494079,9.209350914619835,dentro_sezione,0.0
2026-07-29T19:05:47+00:00,150770000310,Cinisello Balsamo,0.7121097120693088,Connecting road,one_side,0.0,45.57128500494079,9.209350914619835,dentro_sezione,0.0
2026-07-29T19:05:47+00:00,150770000370,Cinisello Balsamo,0.7379158285402604,Connecting road,one_side,0.0,45.57128500494079,9.209350914619835,dentro_sezione,0.0
2026-07-29T19:05:47+00:00,150770000370,Cinisello Balsamo,0.7379158285402604,Major local road,full,0.0,45.57139631159235,9.211628724443395,dentro_sezione,0.0
2026-07-29T19:05:47+00:00,150770000370,Cinisello Balsamo,0.7379158285402604,Major local road,one_side,0.0,45.57015685476648,9.213783784528827,dentro_sezione,0.0
2026-07-29T19:05:47+00:00,150770000308,Cinisello Balsamo,0.7375002525201512,Local road,full,0.0,45.56759310544539,9.21333004495521,dentro_sezione,0.0
2026-07-29T19:05:47+00:00,150770000455,Cinisello Balsamo,0.7342939680872247,Connecting road,full,0.0,45.565241334929205,9.208139213088042,dentro_sezione,0.0
2026-07-29T19:05:47+00:00,150770000308,Cinisello Balsamo,0.7375002525201512,Connecting road,full,0.0,45.565241334929205,9.208139213088042,dentro_sezione,0.0
2026-07-29T19:05:47+00:00,150770000308,Cinisello Balsamo,0.7375002525201512,Connecting road,one_side,0.0,45.567370928132085,9.210477903628986,dentro_sezione,0.0
2026-07-29T19:05:47+00:00,150770000310,Cinisello Balsamo,0.7121097120693088,Connecting road,one_side,0.0,45.567370928132085,9.210477903628986,dentro_sezione,0.0
2026-07-29T19:05:47+00:00,150770000308,Cinisello Balsamo,0.7375002525201512,Local road,full,0.0,45.56347293827522,9.21264285160202,dentro_sezione,0.0
2026-07-29T19:05:47+00:00,150770000455,Cinisello Balsamo,0.7342939680872247,Local road,one_side,0.0,45.56390554361116,9.211470433101258,dentro_sezione,0.0
2026-07-29T19:05:47+00:00,150770000308,Cinisello Balsamo,0.7375002525201512,Local road,one_side,0.0,45.56390554361116,9.211470433101258,dentro_sezione,0.0
2026-07-29T19:05:47+00:00,151590000022,Opera,0.730949158314262,Secondary road,full,0.0,45.40232137581589,9.209133230722834,dentro_sezione,0.0
2026-07-29T19:05:47+00:00,151460002842,Milano,0.741696415945421,Secondary road,full,0.0,45.40232137581589,9.209133230722834,dentro_sezione,0.0
2026-07-29T19:05:47+00:00,151590000022,Opera,0.730949158314262,Secondary road,full,0.0,45.39225546547591,9.211072481355576,dentro_sezione,0.0
2026-07-29T19:05:47+00:00,151460002842,Milano,0.741696415945421,Secondary road,full,0.0,45.39225546547591,9.211072481355576,dentro_sezione,0.0
2026-07-29T19:05:47+00:00,151590000022,Opera,0.730949158314262,Minor local road,full,0.0,45.39381965364314,9.211481553911986,dentro_sezione,0.0
2026-07-29T19:05:47+00:00,151590000014,Opera,0.7350933747370183,Minor local road,full,0.0,45.39381965364314,9.211481553911986,dentro_sezione,0.0
2026-07-29T19:05:47+00:00,151590000013,Opera,0.7339534266263019,Minor local road,one_side,0.0,45.39336750739379,9.211614956889422,dentro_sezione,0.0
2026-07-29T19:05:47+00:00,151590000022,Opera,0.730949158314262,Minor local road,one_side,0.0,45.39336750739379,9.211614956889422,dentro_sezione,0.0
2026-07-29T19:05:47+00:00,151590000014,Opera,0.7350933747370183,Minor local road,one_side,0.0,45.39336750739379,9.211614956889422,dentro_sezione,0.0
2026-07-29T19:05:47+00:00,151460002739,Milano,0.7105830473843242,Local road,one_side,0.0,45.416399000279455,9.239352252220206,dentro_sezione,0.0
2026-07-29T19:05:47+00:00,151460002738,Milano,0.694095645975406,Local road,one_side,0.0,45.416399000279455,9.239352252220206,dentro_sezione,0.0
2026-07-29T19:05:47+00:00,151460002739,Milano,0.7105830473843242,Local road,one_side,0.0,45.41530469682335,9.241945604240724,dentro_sezione,0.0
2026-07-29T19:05:47+00:00,151460002738,Milano,0.694095645975406,Local road,one_side,0.0,45.41530469682335,9.241945604240724,dentro_sezione,0.0
2026-07-29T19:05:47+00:00,150700000003,Cernusco sul Naviglio,0.69710280023203,Connecting road,full,0.0,45.526320116081415,9.322236627355936,dentro_sezione,0.0
2026-07-29T19:05:47+00:00,150700000003,Cernusco sul Naviglio,0.69710280023203,Connecting road,one_side,0.0,45.52385482525997,9.32355774741958,dentro_sezione,0.0
2026-07-29T19:05:47+00:00,151390000001,Mediglia,0.726435540984742,Connecting road,one_side,0.0,45.40120559797648,9.320046818976916,dentro_sezione,0.0
2026-07-29T19:05:47+00:00,151390000003,Mediglia,0.7112179551928244,Major local road,full,0.0,45.40140869376171,9.325048126419558,dentro_sezione,0.0
2026-07-29T19:05:47+00:00,151390000004,Mediglia,0.7585618760948553,Major local road,full,0.0,45.40140869376171,9.325048126419558,dentro_sezione,0.0
2026-07-29T19:05:47+00:00,151390000001,Mediglia,0.726435540984742,Major local road,full,0.0,45.40140869376171,9.325048126419558,dentro_sezione,0.0
2026-07-29T19:05:47+00:00,151390000003,Mediglia,0.7112179551928244,Major local road,one_side,0.0,45.400344667152524,9.325511649512542,dentro_sezione,0.0
2026-07-29T19:05:47+00:00,151390000001,Mediglia,0.726435540984742,Major local road,one_side,0.0,45.400344667152524,9.325511649512542,dentro_sezione,0.0
2026-07-29T19:05:47+00:00,151390000001,Mediglia,0.726435540984742,Minor local road,one_side,0.0,45.4006120470024,9.322143495082855,dentro_sezione,0.0
2026-07-29T19:05:47+00:00,151390000005,Mediglia,0.7604290822407629,Connecting road,full,0.0,45.3963907308835,9.326313621966435,dentro_sezione,0.0
2026-07-29T19:05:47+00:00,151390000005,Mediglia,0.7604290822407629,Connecting road,one_side,0.0,45.39679434052438,9.32338812732594,dentro_sezione,0.0
2026-07-29T19:05:47+00:00,151390000005,Mediglia,0.7604290822407629,Local road,one_side,0.0,45.396140404746596,9.327497611614783,dentro_sezione,0.0
2026-07-29T19:05:47+00:00,151390000005,Mediglia,0.7604290822407629,Minor local road,one_side,0.0,45.39511055682533,9.328355728091662,dentro_sezione,0.0
2026-07-29T19:05:47+00:00,150700000003,Cernusco sul Naviglio,0.69710280023203,Connecting road,full,0.0,45.52576863285696,9.334861391479718,dentro_sezione,0.0
2026-07-29T19:05:47+00:00,150700000003,Cernusco sul Naviglio,0.69710280023203,Connecting road,one_side,0.0,45.524771461211785,9.331391066137858,dentro_sezione,0.0
2026-07-29T19:05:47+00:00,151390000003,Mediglia,0.7112179551928244,Major local road,full,0.0,45.40269867414756,9.332973177694676,dentro_sezione,0.0
2026-07-29T19:05:47+00:00,151390000004,Mediglia,0.7585618760948553,Major local road,full,0.0,45.40269867414756,9.332973177694676,dentro_sezione,0.0
2026-07-29T19:05:47+00:00,151390000005,Mediglia,0.7604290822407629,Major local road,one_side,0.0,45.39901575157139,9.328824437964817,dentro_sezione,0.0
2026-07-29T19:05:47+00:00,151390000005,Mediglia,0.7604290822407629,Connecting road,full,0.0,45.39638593209097,9.326481688905965,dentro_sezione,0.0
2026-07-29T19:05:47+00:00,151390000005,Mediglia,0.7604290822407629,Connecting road,one_side,0.0,45.393074928382816,9.32979317581705,dentro_sezione,0.0
2026-07-29T19:05:47+00:00,151390000006,Mediglia,0.7320891064249785,Major local road,full,0.0,45.39695368826313,9.331997118685997,dentro_sezione,0.0
2026-07-29T19:05:47+00:00,151390000005,Mediglia,0.7604290822407629,Major local road,full,0.0,45.39695368826313,9.331997118685997,dentro_sezione,0.0
2026-07-29T19:05:47+00:00,151390000006,Mediglia,0.7320891064249785,Major local road,one_side,0.0,45.39818813703475,9.330293207015123,dentro_sezione,0.0
2026-07-29T19:05:47+00:00,151390000005,Mediglia,0.7604290822407629,Major local road,one_side,0.0,45.39818813703475,9.330293207015123,dentro_sezione,0.0
2026-07-29T19:05:47+00:00,151390000006,Mediglia,0.7320891064249785,Local road,full,0.0,45.39608792001459,9.332509194682364,dentro_sezione,0.0
2026-07-29T19:05:47+00:00,151390000005,Mediglia,0.7604290822407629,Local road,full,0.0,45.39608792001459,9.332509194682364,dentro_sezione,0.0
2026-07-29T19:05:47+00:00,151390000006,Mediglia,0.7320891064249785,Local road,one_side,0.0,45.39326670139134,9.332485365519153,dentro_sezione,0.0
2026-07-29T19:05:47+00:00,151390000005,Mediglia,0.7604290822407629,Local road,one_side,0.0,45.39326670139134,9.332485365519153,dentro_sezione,0.0
2026-07-29T19:05:47+00:00,151390000006,Mediglia,0.7320891064249785,Minor local road,full,0.0,45.39522836417661,9.332302120406032,dentro_sezione,0.0
2026-07-29T19:05:47+00:00,151390000005,Mediglia,0.7604290822407629,Minor local road,full,0.0,45.39522836417661,9.332302120406032,dentro_sezione,0.0
2026-07-29T19:05:47+00:00,151390000005,Mediglia,0.7604290822407629,Minor local road,one_side,0.0,45.39511987030326,9.329358166936347,dentro_sezione,0.0
2026-07-29T19:05:47+00:00,151390000012,Mediglia,0.8052276000196243,Major local road,full,0.0,45.40192324569242,9.33925038288648,dentro_sezione,0.0
2026-07-29T19:05:47+00:00,151390000012,Mediglia,0.8052276000196243,Major local road,one_side,0.0,45.39971558766529,9.340347647666931,dentro_sezione,0.0
2026-07-29T19:05:47+00:00,151720000033,Pessano con Bornago,0.6917868903081323,Connecting road,full,0.0,45.550503057218656,9.371199885655058,dentro_sezione,0.0
2026-07-29T19:05:47+00:00,151720000033,Pessano con Bornago,0.6917868903081323,Connecting road,one_side,0.0,45.55027066137421,9.366442433084678,dentro_sezione,0.0
2026-07-29T19:05:47+00:00,151720000033,Pessano con Bornago,0.6917868903081323,Connecting road,full,0.0,45.54997239764829,9.375375151996868,dentro_sezione,0.0
2026-07-29T19:05:47+00:00,151720000033,Pessano con Bornago,0.6917868903081323,Connecting road,one_side,0.0,45.54934355939635,9.376151642930555,dentro_sezione,0.0
2026-07-29T19:05:47+00:00,151060000002,Gessate,0.7425160242073031,Secondary road,one_side,0.0,45.56467958054513,9.42994085278958,dentro_sezione,0.0
2026-07-29T19:05:47+00:00,151060000002,Gessate,0.7425160242073031,Local road,full,0.0,45.560255313571915,9.432396762804721,dentro_sezione,0.0
2026-07-29T19:05:47+00:00,151060000002,Gessate,0.7425160242073031,Local road,one_side,0.0,45.56454053580137,9.429751142185447,dentro_sezione,0.0
2026-07-29T19:05:47+00:00,151060000001,Gessate,0.6955934512145499,Secondary road,one_side,0.0,45.556528542306786,9.434336921465553,dentro_sezione,0.0
2026-07-29T19:05:47+00:00,151060000002,Gessate,0.7425160242073031,Secondary road,one_side,0.0,45.556528542306786,9.434336921465553,dentro_sezione,0.0
2026-07-29T19:05:47+00:00,151060000001,Gessate,0.6955934512145499,Connecting road,one_side,0.0,45.55590896681553,9.431484338768323,dentro_sezione,0.0
2026-07-29T19:05:47+00:00,151060000024,Gessate,0.7259449304054464,Connecting road,one_side,0.0,45.55590896681553,9.431484338768323,dentro_sezione,0.0
2026-07-29T19:05:47+00:00,151060000001,Gessate,0.6955934512145499,Major local road,one_side,0.0,45.55422279576027,9.432760444383911,dentro_sezione,0.0
2026-07-29T19:05:47+00:00,151060000002,Gessate,0.7425160242073031,Local road,full,0.0,45.560255313571915,9.432396762804721,dentro_sezione,0.0
2026-07-29T19:05:47+00:00,151060000001,Gessate,0.6955934512145499,Local road,one_side,0.0,45.555846588990775,9.43116296524165,dentro_sezione,0.0
2026-07-29T19:05:47+00:00,151060000024,Gessate,0.7259449304054464,Local road,one_side,0.0,45.555846588990775,9.43116296524165,dentro_sezione,0.0
2026-07-29T19:05:47+00:00,151060000002,Gessate,0.7425160242073031,Local road,one_side,0.0,45.555846588990775,9.43116296524165,dentro_sezione,0.0
2026-07-29T19:05:47+00:00,151780000007,Pozzuolo Martesana,0.6870828006360621,Major local road,one_side,0.0,45.5162997071174,9.452851839905524,dentro_sezione,0.0
2026-07-29T19:05:47+00:00,151780000006,Pozzuolo Martesana,0.7249463935793504,Local road,one_side,0.0,45.51383675500905,9.455127776174606,dentro_sezione,0.0
2026-07-29T19:05:47+00:00,151780000010,Pozzuolo Martesana,0.7180720735800431,Local road,one_side,0.0,45.51383675500905,9.455127776174606,dentro_sezione,0.0
2026-07-29T19:05:47+00:00,151780000006,Pozzuolo Martesana,0.7249463935793504,Local road,one_side,0.0,45.51352177880894,9.45403040996121,dentro_sezione,0.0
2026-07-29T19:05:47+00:00,151780000010,Pozzuolo Martesana,0.7180720735800431,Local road,one_side,0.0,45.51352177880894,9.45403040996121,dentro_sezione,0.0
2026-07-29T19:05:47+00:00,151780000010,Pozzuolo Martesana,0.7180720735800431,Connecting road,full,0.0,45.513599351573255,9.460939502465216,dentro_sezione,0.0
2026-07-29T19:05:47+00:00,151780000007,Pozzuolo Martesana,0.6870828006360621,Connecting road,full,0.0,45.513599351573255,9.460939502465216,dentro_sezione,0.0
2026-07-29T19:05:47+00:00,151780000010,Pozzuolo Martesana,0.7180720735800431,Connecting road,one_side,0.0,45.51563145821439,9.465520992389205,dentro_sezione,0.0
2026-07-29T19:05:47+00:00,151780000007,Pozzuolo Martesana,0.6870828006360621,Connecting road,one_side,0.0,45.51563145821439,9.465520992389205,dentro_sezione,0.0
2026-07-29T19:05:47+00:00,151780000010,Pozzuolo Martesana,0.7180720735800431,Major local road,one_side,0.0,45.51532070853119,9.459851812271916,dentro_sezione,0.0
2026-07-29T19:05:47+00:00,151780000007,Pozzuolo Martesana,0.6870828006360621,Major local road,one_side,0.0,45.51532070853119,9.459851812271916,dentro_sezione,0.0
2026-07-29T19:05:47+00:00,151780000006,Pozzuolo Martesana,0.7249463935793504,Local road,one_side,0.0,45.51362060641403,9.459314526874598,dentro_sezione,0.0
2026-07-29T19:05:47+00:00,151780000010,Pozzuolo Martesana,0.7180720735800431,Local road,one_side,0.0,45.51362060641403,9.459314526874598,dentro_sezione,0.0
2026-07-29T19:05:47+00:00,151780000010,Pozzuolo Martesana,0.7180720735800431,Connecting road,full,0.0,45.513599351573255,9.460939502465216,dentro_sezione,0.0
2026-07-29T19:05:47+00:00,151780000007,Pozzuolo Martesana,0.6870828006360621,Connecting road,full,0.0,45.513599351573255,9.460939502465216,dentro_sezione,0.0
2026-07-29T19:05:47+00:00,151780000010,Pozzuolo Martesana,0.7180720735800431,Connecting road,one_side,0.0,45.51201985358216,9.463432597695672,dentro_sezione,0.0
2026-07-29T19:05:47+00:00,151780000007,Pozzuolo Martesana,0.6870828006360621,Connecting road,one_side,0.0,45.51201985358216,9.463432597695672,dentro_sezione,0.0
2026-07-29T19:05:47+00:00,151780000010,Pozzuolo Martesana,0.7180720735800431,Major local road,one_side,0.0,45.514391786615064,9.460879607557235,dentro_sezione,0.0
2026-07-29T19:05:47+00:00,151780000007,Pozzuolo Martesana,0.6870828006360621,Major local road,one_side,0.0,45.514391786615064,9.460879607557235,dentro_sezione,0.0
2026-07-29T19:05:47+00:00,151780000006,Pozzuolo Martesana,0.7249463935793504,Local road,one_side,0.0,45.51362060641403,9.459314526874598,dentro_sezione,0.0
2026-07-29T19:05:47+00:00,151780000010,Pozzuolo Martesana,0.7180720735800431,Local road,one_side,0.0,45.51362060641403,9.459314526874598,dentro_sezione,0.0
2026-07-29T19:05:47+00:00,152240000010,Truccazzano,0.7476905228465803,Connecting road,one_side,0.0,45.463656188833134,9.475532115410585,dentro_sezione,0.0
2026-07-29T19:05:47+00:00,150590000040,Cassano d'Adda,0.8090312749814579,Connecting road,full,0.0,45.50586857074825,9.527646386145808,dentro_sezione,0.0
2026-07-29T19:05:47+00:00,150590000040,Cassano d'Adda,0.8090312749814579,Connecting road,one_side,0.0,45.506227865561726,9.526025437081474,dentro_sezione,0.0
2026-07-29T19:05:47+00:00,150590000040,Cassano d'Adda,0.8090312749814579,Connecting road,full,0.0,45.50465141333191,9.53149248144333,dentro_sezione,0.0
2026-07-29T19:05:47+00:00,150590000040,Cassano d'Adda,0.8090312749814579,Connecting road,one_side,0.0,45.50481444915567,9.530592811924295,dentro_sezione,0.0
2026-07-29T19:05:47+00:00,150990000018,Dairago,0.7297543772564479,Connecting road,one_side,0.0,45.564686052346,8.860306390456056,piu_vicino_esterno,163.7
2026-07-29T19:05:47+00:00,150770000392,Cinisello Balsamo,0.7272782368032968,Connecting road,one_side,0.0,45.57128500494079,9.209350914619835,piu_vicino_esterno,251.1
2026-07-29T19:05:47+00:00,150770000393,Cinisello Balsamo,0.714057724663571,Connecting road,one_side,0.0,45.57128500494079,9.209350914619835,piu_vicino_esterno,263.7
2026-07-29T19:10:52+00:00,151830000004,Robecchetto con Induno,0.7553527057173448,Connecting road,one_side,0.0,45.524309692433015,8.772144027552589,dentro_sezione,0.0
2026-07-29T19:10:52+00:00,151830000005,Robecchetto con Induno,0.7359793597243346,Connecting road,one_side,0.0,45.524309692433015,8.772144027552589,dentro_sezione,0.0
2026-07-29T19:10:52+00:00,151830000004,Robecchetto con Induno,0.7553527057173448,Major local road,one_side,0.0,45.52593707033944,8.774034097590642,dentro_sezione,0.0
2026-07-29T19:10:52+00:00,151830000005,Robecchetto con Induno,0.7359793597243346,Major local road,one_side,0.0,45.52593707033944,8.774034097590642,dentro_sezione,0.0
2026-07-29T19:10:52+00:00,151830000004,Robecchetto con Induno,0.7553527057173448,Local road,full,0.0,45.52665341304878,8.77813513370993,dentro_sezione,0.0
2026-07-29T19:10:52+00:00,151830000005,Robecchetto con Induno,0.7359793597243346,Local road,full,0.0,45.52665341304878,8.77813513370993,dentro_sezione,0.0
2026-07-29T19:10:52+00:00,151830000004,Robecchetto con Induno,0.7553527057173448,Local road,one_side,0.0,45.52750090024759,8.777482354636556,dentro_sezione,0.0
2026-07-29T19:10:52+00:00,151830000005,Robecchetto con Induno,0.7359793597243346,Local road,one_side,0.0,45.52750090024759,8.777482354636556,dentro_sezione,0.0
2026-07-29T19:10:52+00:00,151830000004,Robecchetto con Induno,0.7553527057173448,Minor local road,one_side,0.0,45.5246629407847,8.777006510696419,dentro_sezione,0.0
2026-07-29T19:10:52+00:00,151830000005,Robecchetto con Induno,0.7359793597243346,Minor local road,one_side,0.0,45.5246629407847,8.777006510696419,dentro_sezione,0.0
2026-07-29T19:10:52+00:00,151830000004,Robecchetto con Induno,0.7553527057173448,Connecting road,one_side,0.0,45.52127522697483,8.777696798566893,dentro_sezione,0.0
2026-07-29T19:10:52+00:00,151830000005,Robecchetto con Induno,0.7359793597243346,Connecting road,one_side,0.0,45.52127522697483,8.777696798566893,dentro_sezione,0.0
2026-07-29T19:10:52+00:00,151830000004,Robecchetto con Induno,0.7553527057173448,Major local road,one_side,0.0,45.52003006239406,8.771803302455004,dentro_sezione,0.0
2026-07-29T19:10:52+00:00,151830000004,Robecchetto con Induno,0.7553527057173448,Connecting road,one_side,0.0,45.521384299391016,8.77747167238986,dentro_sezione,0.0
2026-07-29T19:10:52+00:00,151830000005,Robecchetto con Induno,0.7359793597243346,Connecting road,one_side,0.0,45.521384299391016,8.77747167238986,dentro_sezione,0.0
2026-07-29T19:10:52+00:00,151830000005,Robecchetto con Induno,0.7359793597243346,Major local road,full,0.0,45.52572185698712,8.781758926879993,dentro_sezione,0.0
2026-07-29T19:10:52+00:00,151830000004,Robecchetto con Induno,0.7553527057173448,Major local road,one_side,0.0,45.52545606758585,8.783235613334185,dentro_sezione,0.0
2026-07-29T19:10:52+00:00,151830000005,Robecchetto con Induno,0.7359793597243346,Major local road,one_side,0.0,45.52545606758585,8.783235613334185,dentro_sezione,0.0
2026-07-29T19:10:52+00:00,151830000004,Robecchetto con Induno,0.7553527057173448,Local road,full,0.0,45.52665017246545,8.778138354718036,dentro_sezione,0.0
2026-07-29T19:10:52+00:00,151830000005,Robecchetto con Induno,0.7359793597243346,Local road,full,0.0,45.52665017246545,8.778138354718036,dentro_sezione,0.0
2026-07-29T19:10:52+00:00,151830000004,Robecchetto con Induno,0.7553527057173448,Local road,one_side,0.0,45.52614843665075,8.779160738634744,dentro_sezione,0.0
2026-07-29T19:10:52+00:00,151830000005,Robecchetto con Induno,0.7359793597243346,Local road,one_side,0.0,45.52614843665075,8.779160738634744,dentro_sezione,0.0
2026-07-29T19:10:52+00:00,151830000004,Robecchetto con Induno,0.7553527057173448,Minor local road,one_side,0.0,45.524831941765086,8.777906603428388,dentro_sezione,0.0
2026-07-29T19:10:52+00:00,151830000005,Robecchetto con Induno,0.7359793597243346,Minor local road,one_side,0.0,45.524831941765086,8.777906603428388,dentro_sezione,0.0
2026-07-29T19:10:52+00:00,151830000004,Robecchetto con Induno,0.7553527057173448,Connecting road,one_side,0.010999977588653564,45.51500790823353,8.780879796678562,dentro_sezione,0.0
2026-07-29T19:10:52+00:00,151830000004,Robecchetto con Induno,0.7553527057173448,Connecting road,one_side,0.0,45.51860055864922,8.77970460784653,dentro_sezione,0.0
2026-07-29T19:10:52+00:00,151830000005,Robecchetto con Induno,0.7359793597243346,Connecting road,one_side,0.0,45.51860055864922,8.77970460784653,dentro_sezione,0.0
2026-07-29T19:10:52+00:00,151830000004,Robecchetto con Induno,0.7553527057173448,Major local road,one_side,0.0,45.52129064980628,8.777203055737562,dentro_sezione,0.0
2026-07-29T19:10:52+00:00,150990000004,Dairago,0.7676872328697544,Connecting road,one_side,0.0,45.559969756077514,8.855855576146451,dentro_sezione,0.0
2026-07-29T19:10:52+00:00,150990000005,Dairago,0.7542589327199739,Connecting road,one_side,0.0,45.559969756077514,8.855855576146451,dentro_sezione,0.0
2026-07-29T19:10:52+00:00,150990000006,Dairago,0.7709685518618672,Secondary road,one_side,0.6570000052452087,45.57774381193826,8.86005125574286,dentro_sezione,0.0
2026-07-29T19:10:52+00:00,150990000006,Dairago,0.7709685518618672,Secondary road,one_side,0.11900001764297485,45.57550377845801,8.861572145141743,dentro_sezione,0.0
2026-07-29T19:10:52+00:00,150990000006,Dairago,0.7709685518618672,Secondary road,one_side,0.07200002670288086,45.57550593488915,8.861569898674606,dentro_sezione,0.0
2026-07-29T19:10:52+00:00,150990000006,Dairago,0.7709685518618672,Secondary road,one_side,0.6570000052452087,45.57626841121212,8.861078594174671,dentro_sezione,0.0
2026-07-29T19:10:52+00:00,150990000006,Dairago,0.7709685518618672,Secondary road,full,0.11900001764297485,45.574130222271364,8.862384773534133,dentro_sezione,0.0
2026-07-29T19:10:52+00:00,150990000006,Dairago,0.7709685518618672,Secondary road,one_side,0.11900001764297485,45.5752231718279,8.861740512995713,dentro_sezione,0.0
2026-07-29T19:10:52+00:00,150990000006,Dairago,0.7709685518618672,Secondary road,full,0.07200002670288086,45.57413880688018,8.862438694596689,dentro_sezione,0.0
2026-07-29T19:10:52+00:00,150990000006,Dairago,0.7709685518618672,Secondary road,one_side,0.07200002670288086,45.575225457456405,8.86173846888984,dentro_sezione,0.0
2026-07-29T19:10:52+00:00,150990000006,Dairago,0.7709685518618672,Secondary road,full,0.0,45.57386472233244,8.862566283510171,dentro_sezione,0.0
2026-07-29T19:10:52+00:00,150990000005,Dairago,0.7542589327199739,Secondary road,one_side,0.0,45.57043341609905,8.864191937538157,dentro_sezione,0.0
2026-07-29T19:10:52+00:00,150990000001,Dairago,0.7159220448648945,Secondary road,one_side,0.0,45.57043341609905,8.864191937538157,dentro_sezione,0.0
2026-07-29T19:10:52+00:00,150990000002,Dairago,0.6942688026504515,Secondary road,one_side,0.0,45.57043341609905,8.864191937538157,dentro_sezione,0.0
2026-07-29T19:10:52+00:00,150990000006,Dairago,0.7709685518618672,Secondary road,one_side,0.0,45.57043341609905,8.864191937538157,dentro_sezione,0.0
2026-07-29T19:10:52+00:00,150990000005,Dairago,0.7542589327199739,Connecting road,one_side,0.0,45.56869535247887,8.862106087174277,dentro_sezione,0.0
2026-07-29T19:10:52+00:00,150990000001,Dairago,0.7159220448648945,Connecting road,one_side,0.0,45.56869535247887,8.862106087174277,dentro_sezione,0.0
2026-07-29T19:10:52+00:00,150990000002,Dairago,0.6942688026504515,Connecting road,one_side,0.0,45.56869535247887,8.862106087174277,dentro_sezione,0.0
2026-07-29T19:10:52+00:00,150990000006,Dairago,0.7709685518618672,Connecting road,one_side,0.0,45.56869535247887,8.862106087174277,dentro_sezione,0.0
2026-07-29T19:10:52+00:00,150990000005,Dairago,0.7542589327199739,Local road,full,0.0,45.57115044782316,8.861418408582644,dentro_sezione,0.0
2026-07-29T19:10:52+00:00,150990000006,Dairago,0.7709685518618672,Local road,full,0.0,45.57115044782316,8.861418408582644,dentro_sezione,0.0
2026-07-29T19:10:52+00:00,150990000005,Dairago,0.7542589327199739,Local road,one_side,0.0,45.57092412688219,8.861752614264068,dentro_sezione,0.0
2026-07-29T19:10:52+00:00,150990000006,Dairago,0.7709685518618672,Local road,one_side,0.0,45.57092412688219,8.861752614264068,dentro_sezione,0.0
2026-07-29T19:10:52+00:00,150990000006,Dairago,0.7709685518618672,Minor local road,full,0.0,45.57390108315492,8.862335085868835,dentro_sezione,0.0
2026-07-29T19:10:52+00:00,150990000006,Dairago,0.7709685518618672,Minor local road,one_side,0.0,45.57342910946712,8.861447226380976,dentro_sezione,0.0
2026-07-29T19:10:52+00:00,150990000004,Dairago,0.7676872328697544,Secondary road,one_side,0.0,45.566099571560876,8.865997052469073,dentro_sezione,0.0
2026-07-29T19:10:52+00:00,150990000001,Dairago,0.7159220448648945,Secondary road,one_side,0.0,45.566099571560876,8.865997052469073,dentro_sezione,0.0
2026-07-29T19:10:52+00:00,150990000002,Dairago,0.6942688026504515,Secondary road,one_side,0.0,45.566099571560876,8.865997052469073,dentro_sezione,0.0
2026-07-29T19:10:52+00:00,150990000004,Dairago,0.7676872328697544,Connecting road,full,0.0,45.56559331224461,8.864327222945509,dentro_sezione,0.0
2026-07-29T19:10:52+00:00,150990000005,Dairago,0.7542589327199739,Connecting road,full,0.0,45.56559331224461,8.864327222945509,dentro_sezione,0.0
2026-07-29T19:10:52+00:00,150990000001,Dairago,0.7159220448648945,Connecting road,full,0.0,45.56559331224461,8.864327222945509,dentro_sezione,0.0
2026-07-29T19:10:52+00:00,150990000002,Dairago,0.6942688026504515,Connecting road,full,0.0,45.56559331224461,8.864327222945509,dentro_sezione,0.0
2026-07-29T19:10:52+00:00,150990000004,Dairago,0.7676872328697544,Connecting road,one_side,0.0,45.564686052346,8.860306390456056,dentro_sezione,0.0
2026-07-29T19:10:52+00:00,150990000005,Dairago,0.7542589327199739,Connecting road,one_side,0.0,45.564686052346,8.860306390456056,dentro_sezione,0.0
2026-07-29T19:10:52+00:00,150990000001,Dairago,0.7159220448648945,Connecting road,one_side,0.0,45.564686052346,8.860306390456056,dentro_sezione,0.0
2026-07-29T19:10:52+00:00,150990000002,Dairago,0.6942688026504515,Connecting road,one_side,0.0,45.564686052346,8.860306390456056,dentro_sezione,0.0
2026-07-29T19:10:52+00:00,150990000004,Dairago,0.7676872328697544,Major local road,one_side,0.0,45.563239021472114,8.860581830730837,dentro_sezione,0.0
2026-07-29T19:10:52+00:00,150990000005,Dairago,0.7542589327199739,Major local road,one_side,0.0,45.563239021472114,8.860581830730837,dentro_sezione,0.0
2026-07-29T19:10:52+00:00,150990000001,Dairago,0.7159220448648945,Secondary road,one_side,0.0,45.567936262877204,8.86530759774731,dentro_sezione,0.0
2026-07-29T19:10:52+00:00,150990000002,Dairago,0.6942688026504515,Secondary road,one_side,0.0,45.567936262877204,8.86530759774731,dentro_sezione,0.0
2026-07-29T19:10:52+00:00,150990000004,Dairago,0.7676872328697544,Secondary road,one_side,0.0,45.564009304627184,8.866927104572802,dentro_sezione,0.0
2026-07-29T19:10:52+00:00,150990000001,Dairago,0.7159220448648945,Secondary road,one_side,0.0,45.564009304627184,8.866927104572802,dentro_sezione,0.0
2026-07-29T19:10:52+00:00,150990000002,Dairago,0.6942688026504515,Secondary road,one_side,0.0,45.564009304627184,8.866927104572802,dentro_sezione,0.0
2026-07-29T19:10:52+00:00,150990000004,Dairago,0.7676872328697544,Connecting road,full,0.0,45.566236844428026,8.865384249111933,dentro_sezione,0.0
2026-07-29T19:10:52+00:00,150990000001,Dairago,0.7159220448648945,Connecting road,full,0.0,45.566236844428026,8.865384249111933,dentro_sezione,0.0
2026-07-29T19:10:52+00:00,150990000002,Dairago,0.6942688026504515,Connecting road,full,0.0,45.566236844428026,8.865384249111933,dentro_sezione,0.0
2026-07-29T19:10:52+00:00,150990000004,Dairago,0.7676872328697544,Connecting road,one_side,0.0,45.565772277047955,8.87122243071949,dentro_sezione,0.0
2026-07-29T19:10:52+00:00,150990000001,Dairago,0.7159220448648945,Connecting road,one_side,0.0,45.565772277047955,8.87122243071949,dentro_sezione,0.0
2026-07-29T19:10:52+00:00,150990000002,Dairago,0.6942688026504515,Connecting road,one_side,0.0,45.565772277047955,8.87122243071949,dentro_sezione,0.0
2026-07-29T19:10:52+00:00,151840000003,Robecco sul Naviglio,0.7196016242096119,Secondary road,full,0.0,45.43738004527872,8.884716475393938,dentro_sezione,0.0
2026-07-29T19:10:52+00:00,151840000006,Robecco sul Naviglio,0.7230185825971769,Secondary road,full,0.0,45.43738004527872,8.884716475393938,dentro_sezione,0.0
2026-07-29T19:10:52+00:00,151840000004,Robecco sul Naviglio,0.7107590900039538,Secondary road,full,0.0,45.43738004527872,8.884716475393938,dentro_sezione,0.0
2026-07-29T19:10:52+00:00,151840000006,Robecco sul Naviglio,0.7230185825971769,Secondary road,one_side,0.0,45.441021454681305,8.886726811167174,dentro_sezione,0.0
2026-07-29T19:10:52+00:00,151840000004,Robecco sul Naviglio,0.7107590900039538,Secondary road,one_side,0.0,45.441021454681305,8.886726811167174,dentro_sezione,0.0
2026-07-29T19:10:52+00:00,151840000004,Robecco sul Naviglio,0.7107590900039538,Connecting road,one_side,0.0,45.44215302778418,8.881694311544635,dentro_sezione,0.0
2026-07-29T19:10:52+00:00,151840000008,Robecco sul Naviglio,0.7257111688941349,Connecting road,one_side,0.0,45.44215302778418,8.881694311544635,dentro_sezione,0.0
2026-07-29T19:10:52+00:00,151840000008,Robecco sul Naviglio,0.7257111688941349,Minor local road,one_side,0.0,45.44305633774382,8.87880615453956,dentro_sezione,0.0
2026-07-29T19:10:52+00:00,151840000003,Robecco sul Naviglio,0.7196016242096119,Secondary road,full,0.0,45.436020247875916,8.88427360275287,dentro_sezione,0.0
2026-07-29T19:10:52+00:00,151840000006,Robecco sul Naviglio,0.7230185825971769,Secondary road,full,0.0,45.436020247875916,8.88427360275287,dentro_sezione,0.0
2026-07-29T19:10:52+00:00,151840000004,Robecco sul Naviglio,0.7107590900039538,Secondary road,full,0.0,45.436020247875916,8.88427360275287,dentro_sezione,0.0
2026-07-29T19:10:52+00:00,151840000003,Robecco sul Naviglio,0.7196016242096119,Secondary road,one_side,0.0,45.432741752237355,8.885387574658592,dentro_sezione,0.0
2026-07-29T19:10:52+00:00,151840000006,Robecco sul Naviglio,0.7230185825971769,Secondary road,one_side,0.0,45.432741752237355,8.885387574658592,dentro_sezione,0.0
2026-07-29T19:10:52+00:00,151840000004,Robecco sul Naviglio,0.7107590900039538,Secondary road,one_side,0.0,45.432741752237355,8.885387574658592,dentro_sezione,0.0
2026-07-29T19:10:52+00:00,151840000003,Robecco sul Naviglio,0.7196016242096119,Connecting road,full,0.0,45.434818033444905,8.888212023960996,dentro_sezione,0.0
2026-07-29T19:10:52+00:00,151840000004,Robecco sul Naviglio,0.7107590900039538,Connecting road,full,0.0,45.434818033444905,8.888212023960996,dentro_sezione,0.0
2026-07-29T19:10:52+00:00,151840000003,Robecco sul Naviglio,0.7196016242096119,Connecting road,one_side,0.0,45.43218495639539,8.879627085051737,dentro_sezione,0.0
2026-07-29T19:10:52+00:00,151840000006,Robecco sul Naviglio,0.7230185825971769,Connecting road,one_side,0.0,45.43218495639539,8.879627085051737,dentro_sezione,0.0
2026-07-29T19:10:52+00:00,150410000011,Busto Garolfo,0.7031690557477914,Major local road,one_side,0.0,45.547462481839126,8.892937891739695,dentro_sezione,0.0
2026-07-29T19:10:52+00:00,150410000011,Busto Garolfo,0.7031690557477914,Local road,one_side,0.0,45.54847842090824,8.888772558313534,dentro_sezione,0.0
2026-07-29T19:10:52+00:00,150410000011,Busto Garolfo,0.7031690557477914,Connecting road,one_side,0.0,45.54197439189159,8.89465136982906,dentro_sezione,0.0
2026-07-29T19:10:52+00:00,150410000011,Busto Garolfo,0.7031690557477914,Major local road,one_side,0.0,45.544562915692,8.895608895264767,dentro_sezione,0.0
2026-07-29T19:10:52+00:00,150410000011,Busto Garolfo,0.7031690557477914,Local road,one_side,0.0,45.540993787214255,8.89150577347488,dentro_sezione,0.0
2026-07-29T19:10:52+00:00,151840000003,Robecco sul Naviglio,0.7196016242096119,Secondary road,full,0.0,45.43673429376078,8.88704731701488,dentro_sezione,0.0
2026-07-29T19:10:52+00:00,151840000004,Robecco sul Naviglio,0.7107590900039538,Secondary road,full,0.0,45.43673429376078,8.88704731701488,dentro_sezione,0.0
2026-07-29T19:10:52+00:00,151840000004,Robecco sul Naviglio,0.7107590900039538,Secondary road,one_side,0.0,45.44129080099548,8.887639896752052,dentro_sezione,0.0
2026-07-29T19:10:52+00:00,151840000003,Robecco sul Naviglio,0.7196016242096119,Secondary road,full,0.0,45.43465511634912,8.88814045588459,dentro_sezione,0.0
2026-07-29T19:10:52+00:00,151840000004,Robecco sul Naviglio,0.7107590900039538,Secondary road,full,0.0,45.43465511634912,8.88814045588459,dentro_sezione,0.0
2026-07-29T19:10:52+00:00,151840000003,Robecco sul Naviglio,0.7196016242096119,Connecting road,full,0.0,45.433208070156475,8.889242619884701,dentro_sezione,0.0
2026-07-29T19:10:52+00:00,151840000004,Robecco sul Naviglio,0.7107590900039538,Connecting road,full,0.0,45.433208070156475,8.889242619884701,dentro_sezione,0.0
2026-07-29T19:10:52+00:00,150720000017,Cerro Maggiore,0.6999223680906879,Secondary road,one_side,0.0,45.59469927159379,8.956787134794192,dentro_sezione,0.0
2026-07-29T19:10:52+00:00,150720000017,Cerro Maggiore,0.6999223680906879,Secondary road,full,0.0,45.58848035915598,8.9642983740158,dentro_sezione,0.0
2026-07-29T19:10:52+00:00,150720000017,Cerro Maggiore,0.6999223680906879,Secondary road,one_side,0.0,45.59053028893129,8.961361051470247,dentro_sezione,0.0
2026-07-29T19:10:52+00:00,150720000017,Cerro Maggiore,0.6999223680906879,Major local road,one_side,0.0,45.58829146872337,8.959288092130175,dentro_sezione,0.0
2026-07-29T19:10:52+00:00,150720000017,Cerro Maggiore,0.6999223680906879,Secondary road,full,0.0,45.58756210472569,8.966193376164924,dentro_sezione,0.0
2026-07-29T19:10:52+00:00,150720000017,Cerro Maggiore,0.6999223680906879,Secondary road,one_side,0.0,45.58536762844651,8.971044060006122,dentro_sezione,0.0
2026-07-29T19:10:52+00:00,150720000017,Cerro Maggiore,0.6999223680906879,Connecting road,one_side,0.0,45.58803245184286,8.973497377206987,dentro_sezione,0.0
2026-07-29T19:10:52+00:00,150220000001,Besate,0.8066359409766615,Secondary road,full,0.0,45.31397405974819,8.970680438795323,dentro_sezione,0.0
2026-07-29T19:10:52+00:00,150220000002,Besate,0.8457837792598706,Secondary road,full,0.0,45.31397405974819,8.970680438795323,dentro_sezione,0.0
2026-07-29T19:10:52+00:00,150220000001,Besate,0.8066359409766615,Secondary road,one_side,0.0,45.31693428516195,8.970520214464711,dentro_sezione,0.0
2026-07-29T19:10:52+00:00,150220000002,Besate,0.8457837792598706,Secondary road,one_side,0.0,45.31693428516195,8.970520214464711,dentro_sezione,0.0
2026-07-29T19:10:52+00:00,150220000001,Besate,0.8066359409766615,Secondary road,full,0.0,45.31230807897691,8.970803137994647,dentro_sezione,0.0
2026-07-29T19:10:52+00:00,150220000002,Besate,0.8457837792598706,Secondary road,full,0.0,45.31230807897691,8.970803137994647,dentro_sezione,0.0
2026-07-29T19:10:52+00:00,150220000001,Besate,0.8066359409766615,Secondary road,one_side,0.0,45.30850050611067,8.971050499191625,dentro_sezione,0.0
2026-07-29T19:10:52+00:00,150220000002,Besate,0.8457837792598706,Secondary road,one_side,0.0,45.30850050611067,8.971050499191625,dentro_sezione,0.0
2026-07-29T19:10:52+00:00,150220000002,Besate,0.8457837792598706,Connecting road,one_side,0.0,45.31011677645614,8.97243897841263,dentro_sezione,0.0
2026-07-29T19:10:52+00:00,151030000093,Gaggiano,0.7171341415902132,Connecting road,full,0.0,45.37753558005545,9.02820117450363,dentro_sezione,0.0
2026-07-29T19:10:52+00:00,151030000093,Gaggiano,0.7171341415902132,Connecting road,one_side,0.0,45.37922478434031,9.025526004065227,dentro_sezione,0.0
2026-07-29T19:10:52+00:00,152360000001,Vernate,0.7404237143838364,Major road,full,0.0,45.33115422928388,9.051982675890759,dentro_sezione,0.0
2026-07-29T19:10:52+00:00,152360000001,Vernate,0.7404237143838364,Major road,one_side,0.0,45.333667378972784,9.04899330877629,dentro_sezione,0.0
2026-07-29T19:10:52+00:00,152360000001,Vernate,0.7404237143838364,Secondary road,full,0.0,45.33085582197837,9.05174506782142,dentro_sezione,0.0
2026-07-29T19:10:52+00:00,152360000001,Vernate,0.7404237143838364,Secondary road,one_side,0.0,45.3294711922926,9.049540764120502,dentro_sezione,0.0
2026-07-29T19:10:52+00:00,152360000004,Vernate,0.7248915606322527,Connecting road,full,0.0,45.31713370461864,9.060332435953853,dentro_sezione,0.0
2026-07-29T19:10:52+00:00,152360000004,Vernate,0.7248915606322527,Connecting road,one_side,0.0,45.31685556517416,9.058201381824388,dentro_sezione,0.0
2026-07-29T19:10:52+00:00,150270000044,Bollate,0.7092237674852166,Connecting road,full,0.0,45.551101576535864,9.141299958119559,dentro_sezione,0.0
2026-07-29T19:10:52+00:00,150270000044,Bollate,0.7092237674852166,Connecting road,one_side,0.0,45.54765211863531,9.13664998664483,dentro_sezione,0.0
2026-07-29T19:10:52+00:00,150270000044,Bollate,0.7092237674852166,Local road,full,0.0,45.5486136227763,9.137978497546188,dentro_sezione,0.0
2026-07-29T19:10:52+00:00,150270000044,Bollate,0.7092237674852166,Local road,one_side,0.0,45.54824986471238,9.135017346615326,dentro_sezione,0.0
2026-07-29T19:10:52+00:00,150270000046,Bollate,0.7233042911110021,Motorway,full,0.0,45.548637494915916,9.147269678190169,dentro_sezione,0.0
2026-07-29T19:10:52+00:00,150270000046,Bollate,0.7233042911110021,Secondary road,full,0.0,45.55070810723628,9.146664038825996,dentro_sezione,0.0
2026-07-29T19:10:52+00:00,150270000044,Bollate,0.7092237674852166,Connecting road,full,0.0,45.55017918548694,9.146031515963527,dentro_sezione,0.0
2026-07-29T19:10:52+00:00,150270000046,Bollate,0.7233042911110021,Connecting road,one_side,0.0,45.54844611685997,9.144391397351994,dentro_sezione,0.0
2026-07-29T19:10:52+00:00,150270000044,Bollate,0.7092237674852166,Connecting road,one_side,0.0,45.54844611685997,9.144391397351994,dentro_sezione,0.0
2026-07-29T19:10:52+00:00,150270000046,Bollate,0.7233042911110021,Major local road,one_side,0.0,45.547104666833036,9.147278688778757,dentro_sezione,0.0
2026-07-29T19:10:52+00:00,150270000044,Bollate,0.7092237674852166,Local road,full,0.0,45.549132817135515,9.14128879881228,dentro_sezione,0.0
2026-07-29T19:10:52+00:00,150270000044,Bollate,0.7092237674852166,Local road,one_side,0.0,45.55087472061718,9.140988204592569,dentro_sezione,0.0
2026-07-29T19:10:52+00:00,151660000079,Paderno Dugnano,0.7118644067796609,Major local road,full,0.0,45.57182786079618,9.158215086509971,dentro_sezione,0.0
2026-07-29T19:10:52+00:00,151660000079,Paderno Dugnano,0.7118644067796609,Major local road,one_side,0.0,45.57115547810489,9.15556725583581,dentro_sezione,0.0
2026-07-29T19:10:52+00:00,151660000079,Paderno Dugnano,0.7118644067796609,Local road,one_side,0.0,45.5697584120831,9.154184216067337,dentro_sezione,0.0
2026-07-29T19:10:52+00:00,151660000079,Paderno Dugnano,0.7118644067796609,Minor local road,full,0.0,45.569569956181454,9.157563682162007,dentro_sezione,0.0
2026-07-29T19:10:52+00:00,151660000079,Paderno Dugnano,0.7118644067796609,Major local road,full,0.0,45.56765660396396,9.16061173142433,dentro_sezione,0.0
2026-07-29T19:10:52+00:00,150770000455,Cinisello Balsamo,0.7342939680872247,Connecting road,full,0.0,45.5628198241358,9.20016664943403,dentro_sezione,0.0
2026-07-29T19:10:52+00:00,150770000308,Cinisello Balsamo,0.7375002525201512,Connecting road,full,0.0,45.5628198241358,9.20016664943403,dentro_sezione,0.0
2026-07-29T19:10:52+00:00,150770000455,Cinisello Balsamo,0.7342939680872247,Local road,one_side,0.0,45.56207030894774,9.204732755630442,dentro_sezione,0.0
2026-07-29T19:10:52+00:00,150770000308,Cinisello Balsamo,0.7375002525201512,Connecting road,one_side,0.0,45.57128500494079,9.209350914619835,dentro_sezione,0.0
2026-07-29T19:10:52+00:00,150770000310,Cinisello Balsamo,0.7121097120693088,Connecting road,one_side,0.0,45.57128500494079,9.209350914619835,dentro_sezione,0.0
2026-07-29T19:10:52+00:00,150770000370,Cinisello Balsamo,0.7379158285402604,Connecting road,one_side,0.0,45.57128500494079,9.209350914619835,dentro_sezione,0.0
2026-07-29T19:10:52+00:00,150770000370,Cinisello Balsamo,0.7379158285402604,Major local road,full,0.0,45.57139631159235,9.211628724443395,dentro_sezione,0.0
2026-07-29T19:10:52+00:00,150770000370,Cinisello Balsamo,0.7379158285402604,Major local road,one_side,0.0,45.57015685476648,9.213783784528827,dentro_sezione,0.0
2026-07-29T19:10:52+00:00,150770000308,Cinisello Balsamo,0.7375002525201512,Local road,full,0.0,45.56759310544539,9.21333004495521,dentro_sezione,0.0
2026-07-29T19:10:52+00:00,150770000455,Cinisello Balsamo,0.7342939680872247,Connecting road,full,0.0,45.565241334929205,9.208139213088042,dentro_sezione,0.0
2026-07-29T19:10:52+00:00,150770000308,Cinisello Balsamo,0.7375002525201512,Connecting road,full,0.0,45.565241334929205,9.208139213088042,dentro_sezione,0.0
2026-07-29T19:10:52+00:00,150770000308,Cinisello Balsamo,0.7375002525201512,Connecting road,one_side,0.0,45.567370928132085,9.210477903628986,dentro_sezione,0.0
2026-07-29T19:10:52+00:00,150770000310,Cinisello Balsamo,0.7121097120693088,Connecting road,one_side,0.0,45.567370928132085,9.210477903628986,dentro_sezione,0.0
2026-07-29T19:10:52+00:00,150770000308,Cinisello Balsamo,0.7375002525201512,Local road,full,0.0,45.56347293827522,9.21264285160202,dentro_sezione,0.0
2026-07-29T19:10:52+00:00,150770000455,Cinisello Balsamo,0.7342939680872247,Local road,one_side,0.0,45.56390554361116,9.211470433101258,dentro_sezione,0.0
2026-07-29T19:10:52+00:00,150770000308,Cinisello Balsamo,0.7375002525201512,Local road,one_side,0.0,45.56390554361116,9.211470433101258,dentro_sezione,0.0
2026-07-29T19:10:52+00:00,151590000022,Opera,0.730949158314262,Secondary road,full,0.0,45.40232137581589,9.209133230722834,dentro_sezione,0.0
2026-07-29T19:10:52+00:00,151460002842,Milano,0.741696415945421,Secondary road,full,0.0,45.40232137581589,9.209133230722834,dentro_sezione,0.0
2026-07-29T19:10:52+00:00,151590000022,Opera,0.730949158314262,Secondary road,full,0.0,45.39225546547591,9.211072481355576,dentro_sezione,0.0
2026-07-29T19:10:52+00:00,151460002842,Milano,0.741696415945421,Secondary road,full,0.0,45.39225546547591,9.211072481355576,dentro_sezione,0.0
2026-07-29T19:10:52+00:00,151590000022,Opera,0.730949158314262,Minor local road,full,0.0,45.39381965364314,9.211481553911986,dentro_sezione,0.0
2026-07-29T19:10:52+00:00,151590000014,Opera,0.7350933747370183,Minor local road,full,0.0,45.39381965364314,9.211481553911986,dentro_sezione,0.0
2026-07-29T19:10:52+00:00,151590000013,Opera,0.7339534266263019,Minor local road,one_side,0.0,45.39336750739379,9.211614956889422,dentro_sezione,0.0
2026-07-29T19:10:52+00:00,151590000022,Opera,0.730949158314262,Minor local road,one_side,0.0,45.39336750739379,9.211614956889422,dentro_sezione,0.0
2026-07-29T19:10:52+00:00,151590000014,Opera,0.7350933747370183,Minor local road,one_side,0.0,45.39336750739379,9.211614956889422,dentro_sezione,0.0
2026-07-29T19:10:52+00:00,151460002739,Milano,0.7105830473843242,Local road,one_side,0.0,45.416399000279455,9.239352252220206,dentro_sezione,0.0
2026-07-29T19:10:52+00:00,151460002738,Milano,0.694095645975406,Local road,one_side,0.0,45.416399000279455,9.239352252220206,dentro_sezione,0.0
2026-07-29T19:10:52+00:00,151460002739,Milano,0.7105830473843242,Local road,one_side,0.0,45.41530469682335,9.241945604240724,dentro_sezione,0.0
2026-07-29T19:10:52+00:00,151460002738,Milano,0.694095645975406,Local road,one_side,0.0,45.41530469682335,9.241945604240724,dentro_sezione,0.0
2026-07-29T19:10:52+00:00,150700000003,Cernusco sul Naviglio,0.69710280023203,Connecting road,full,0.0,45.526320116081415,9.322236627355936,dentro_sezione,0.0
2026-07-29T19:10:52+00:00,150700000003,Cernusco sul Naviglio,0.69710280023203,Connecting road,one_side,0.0,45.52385482525997,9.32355774741958,dentro_sezione,0.0
2026-07-29T19:10:52+00:00,151390000001,Mediglia,0.726435540984742,Connecting road,one_side,0.0,45.40120559797648,9.320046818976916,dentro_sezione,0.0
2026-07-29T19:10:52+00:00,151390000003,Mediglia,0.7112179551928244,Major local road,full,0.0,45.40140869376171,9.325048126419558,dentro_sezione,0.0
2026-07-29T19:10:52+00:00,151390000004,Mediglia,0.7585618760948553,Major local road,full,0.0,45.40140869376171,9.325048126419558,dentro_sezione,0.0
2026-07-29T19:10:52+00:00,151390000001,Mediglia,0.726435540984742,Major local road,full,0.0,45.40140869376171,9.325048126419558,dentro_sezione,0.0
2026-07-29T19:10:52+00:00,151390000003,Mediglia,0.7112179551928244,Major local road,one_side,0.0,45.400344667152524,9.325511649512542,dentro_sezione,0.0
2026-07-29T19:10:52+00:00,151390000001,Mediglia,0.726435540984742,Major local road,one_side,0.0,45.400344667152524,9.325511649512542,dentro_sezione,0.0
2026-07-29T19:10:52+00:00,151390000001,Mediglia,0.726435540984742,Minor local road,one_side,0.0,45.4006120470024,9.322143495082855,dentro_sezione,0.0
2026-07-29T19:10:52+00:00,151390000005,Mediglia,0.7604290822407629,Connecting road,full,0.0,45.3963907308835,9.326313621966435,dentro_sezione,0.0
2026-07-29T19:10:52+00:00,151390000005,Mediglia,0.7604290822407629,Connecting road,one_side,0.0,45.39679434052438,9.32338812732594,dentro_sezione,0.0
2026-07-29T19:10:52+00:00,151390000005,Mediglia,0.7604290822407629,Local road,one_side,0.0,45.396140404746596,9.327497611614783,dentro_sezione,0.0
2026-07-29T19:10:52+00:00,151390000005,Mediglia,0.7604290822407629,Minor local road,one_side,0.0,45.39511055682533,9.328355728091662,dentro_sezione,0.0
2026-07-29T19:10:52+00:00,150700000003,Cernusco sul Naviglio,0.69710280023203,Connecting road,full,0.0,45.52576863285696,9.334861391479718,dentro_sezione,0.0
2026-07-29T19:10:52+00:00,150700000003,Cernusco sul Naviglio,0.69710280023203,Connecting road,one_side,0.0,45.524771461211785,9.331391066137858,dentro_sezione,0.0
2026-07-29T19:10:52+00:00,151390000003,Mediglia,0.7112179551928244,Major local road,full,0.0,45.40269867414756,9.332973177694676,dentro_sezione,0.0
2026-07-29T19:10:52+00:00,151390000004,Mediglia,0.7585618760948553,Major local road,full,0.0,45.40269867414756,9.332973177694676,dentro_sezione,0.0
2026-07-29T19:10:52+00:00,151390000005,Mediglia,0.7604290822407629,Major local road,one_side,0.0,45.39901575157139,9.328824437964817,dentro_sezione,0.0
2026-07-29T19:10:52+00:00,151390000005,Mediglia,0.7604290822407629,Connecting road,full,0.0,45.39638593209097,9.326481688905965,dentro_sezione,0.0
2026-07-29T19:10:52+00:00,151390000005,Mediglia,0.7604290822407629,Connecting road,one_side,0.0,45.393074928382816,9.32979317581705,dentro_sezione,0.0
2026-07-29T19:10:52+00:00,151390000006,Mediglia,0.7320891064249785,Major local road,full,0.0,45.39695368826313,9.331997118685997,dentro_sezione,0.0
2026-07-29T19:10:52+00:00,151390000005,Mediglia,0.7604290822407629,Major local road,full,0.0,45.39695368826313,9.331997118685997,dentro_sezione,0.0
2026-07-29T19:10:52+00:00,151390000006,Mediglia,0.7320891064249785,Major local road,one_side,0.0,45.39818813703475,9.330293207015123,dentro_sezione,0.0
2026-07-29T19:10:52+00:00,151390000005,Mediglia,0.7604290822407629,Major local road,one_side,0.0,45.39818813703475,9.330293207015123,dentro_sezione,0.0
2026-07-29T19:10:52+00:00,151390000006,Mediglia,0.7320891064249785,Local road,full,0.0,45.39608792001459,9.332509194682364,dentro_sezione,0.0
2026-07-29T19:10:52+00:00,151390000005,Mediglia,0.7604290822407629,Local road,full,0.0,45.39608792001459,9.332509194682364,dentro_sezione,0.0
2026-07-29T19:10:52+00:00,151390000006,Mediglia,0.7320891064249785,Local road,one_side,0.0,45.39326670139134,9.332485365519153,dentro_sezione,0.0
2026-07-29T19:10:52+00:00,151390000005,Mediglia,0.7604290822407629,Local road,one_side,0.0,45.39326670139134,9.332485365519153,dentro_sezione,0.0
2026-07-29T19:10:52+00:00,151390000006,Mediglia,0.7320891064249785,Minor local road,full,0.0,45.39522836417661,9.332302120406032,dentro_sezione,0.0
2026-07-29T19:10:52+00:00,151390000005,Mediglia,0.7604290822407629,Minor local road,full,0.0,45.39522836417661,9.332302120406032,dentro_sezione,0.0
2026-07-29T19:10:52+00:00,151390000005,Mediglia,0.7604290822407629,Minor local road,one_side,0.0,45.39511987030326,9.329358166936347,dentro_sezione,0.0
2026-07-29T19:10:52+00:00,151390000012,Mediglia,0.8052276000196243,Major local road,full,0.0,45.40192324569242,9.33925038288648,dentro_sezione,0.0
2026-07-29T19:10:52+00:00,151390000012,Mediglia,0.8052276000196243,Major local road,one_side,0.0,45.39971558766529,9.340347647666931,dentro_sezione,0.0
2026-07-29T19:10:52+00:00,151720000033,Pessano con Bornago,0.6917868903081323,Connecting road,full,0.0,45.550503057218656,9.371199885655058,dentro_sezione,0.0
2026-07-29T19:10:52+00:00,151720000033,Pessano con Bornago,0.6917868903081323,Connecting road,one_side,0.0,45.55027066137421,9.366442433084678,dentro_sezione,0.0
2026-07-29T19:10:52+00:00,151720000033,Pessano con Bornago,0.6917868903081323,Connecting road,full,0.0,45.54997239764829,9.375375151996868,dentro_sezione,0.0
2026-07-29T19:10:52+00:00,151720000033,Pessano con Bornago,0.6917868903081323,Connecting road,one_side,0.0,45.54934355939635,9.376151642930555,dentro_sezione,0.0
2026-07-29T19:10:52+00:00,151060000002,Gessate,0.7425160242073031,Secondary road,one_side,0.0,45.56467958054513,9.42994085278958,dentro_sezione,0.0
2026-07-29T19:10:52+00:00,151060000002,Gessate,0.7425160242073031,Local road,full,0.0,45.560255313571915,9.432396762804721,dentro_sezione,0.0
2026-07-29T19:10:52+00:00,151060000002,Gessate,0.7425160242073031,Local road,one_side,0.0,45.56454053580137,9.429751142185447,dentro_sezione,0.0
2026-07-29T19:10:52+00:00,151060000001,Gessate,0.6955934512145499,Secondary road,one_side,0.0,45.556528542306786,9.434336921465553,dentro_sezione,0.0
2026-07-29T19:10:52+00:00,151060000002,Gessate,0.7425160242073031,Secondary road,one_side,0.0,45.556528542306786,9.434336921465553,dentro_sezione,0.0
2026-07-29T19:10:52+00:00,151060000001,Gessate,0.6955934512145499,Connecting road,one_side,0.0,45.55590896681553,9.431484338768323,dentro_sezione,0.0
2026-07-29T19:10:52+00:00,151060000024,Gessate,0.7259449304054464,Connecting road,one_side,0.0,45.55590896681553,9.431484338768323,dentro_sezione,0.0
2026-07-29T19:10:52+00:00,151060000001,Gessate,0.6955934512145499,Major local road,one_side,0.0,45.55422279576027,9.432760444383911,dentro_sezione,0.0
2026-07-29T19:10:52+00:00,151060000002,Gessate,0.7425160242073031,Local road,full,0.0,45.560255313571915,9.432396762804721,dentro_sezione,0.0
2026-07-29T19:10:52+00:00,151060000001,Gessate,0.6955934512145499,Local road,one_side,0.0,45.555846588990775,9.43116296524165,dentro_sezione,0.0
2026-07-29T19:10:52+00:00,151060000024,Gessate,0.7259449304054464,Local road,one_side,0.0,45.555846588990775,9.43116296524165,dentro_sezione,0.0
2026-07-29T19:10:52+00:00,151060000002,Gessate,0.7425160242073031,Local road,one_side,0.0,45.555846588990775,9.43116296524165,dentro_sezione,0.0
2026-07-29T19:10:52+00:00,151780000007,Pozzuolo Martesana,0.6870828006360621,Major local road,one_side,0.0,45.5162997071174,9.452851839905524,dentro_sezione,0.0
2026-07-29T19:10:52+00:00,151780000006,Pozzuolo Martesana,0.7249463935793504,Local road,one_side,0.0,45.51383675500905,9.455127776174606,dentro_sezione,0.0
2026-07-29T19:10:52+00:00,151780000010,Pozzuolo Martesana,0.7180720735800431,Local road,one_side,0.0,45.51383675500905,9.455127776174606,dentro_sezione,0.0
2026-07-29T19:10:52+00:00,151780000006,Pozzuolo Martesana,0.7249463935793504,Local road,one_side,0.0,45.51352177880894,9.45403040996121,dentro_sezione,0.0
2026-07-29T19:10:52+00:00,151780000010,Pozzuolo Martesana,0.7180720735800431,Local road,one_side,0.0,45.51352177880894,9.45403040996121,dentro_sezione,0.0
2026-07-29T19:10:52+00:00,151780000010,Pozzuolo Martesana,0.7180720735800431,Connecting road,full,0.0,45.513599351573255,9.460939502465216,dentro_sezione,0.0
2026-07-29T19:10:52+00:00,151780000007,Pozzuolo Martesana,0.6870828006360621,Connecting road,full,0.0,45.513599351573255,9.460939502465216,dentro_sezione,0.0
2026-07-29T19:10:52+00:00,151780000010,Pozzuolo Martesana,0.7180720735800431,Connecting road,one_side,0.0,45.51563145821439,9.465520992389205,dentro_sezione,0.0
2026-07-29T19:10:52+00:00,151780000007,Pozzuolo Martesana,0.6870828006360621,Connecting road,one_side,0.0,45.51563145821439,9.465520992389205,dentro_sezione,0.0
2026-07-29T19:10:52+00:00,151780000010,Pozzuolo Martesana,0.7180720735800431,Major local road,one_side,0.0,45.51532070853119,9.459851812271916,dentro_sezione,0.0
2026-07-29T19:10:52+00:00,151780000007,Pozzuolo Martesana,0.6870828006360621,Major local road,one_side,0.0,45.51532070853119,9.459851812271916,dentro_sezione,0.0
2026-07-29T19:10:52+00:00,151780000006,Pozzuolo Martesana,0.7249463935793504,Local road,one_side,0.0,45.51362060641403,9.459314526874598,dentro_sezione,0.0
2026-07-29T19:10:52+00:00,151780000010,Pozzuolo Martesana,0.7180720735800431,Local road,one_side,0.0,45.51362060641403,9.459314526874598,dentro_sezione,0.0
2026-07-29T19:10:52+00:00,151780000010,Pozzuolo Martesana,0.7180720735800431,Connecting road,full,0.0,45.513599351573255,9.460939502465216,dentro_sezione,0.0
2026-07-29T19:10:52+00:00,151780000007,Pozzuolo Martesana,0.6870828006360621,Connecting road,full,0.0,45.513599351573255,9.460939502465216,dentro_sezione,0.0
2026-07-29T19:10:52+00:00,151780000010,Pozzuolo Martesana,0.7180720735800431,Connecting road,one_side,0.0,45.51201985358216,9.463432597695672,dentro_sezione,0.0
2026-07-29T19:10:52+00:00,151780000007,Pozzuolo Martesana,0.6870828006360621,Connecting road,one_side,0.0,45.51201985358216,9.463432597695672,dentro_sezione,0.0
2026-07-29T19:10:52+00:00,151780000010,Pozzuolo Martesana,0.7180720735800431,Major local road,one_side,0.0,45.514391786615064,9.460879607557235,dentro_sezione,0.0
2026-07-29T19:10:52+00:00,151780000007,Pozzuolo Martesana,0.6870828006360621,Major local road,one_side,0.0,45.514391786615064,9.460879607557235,dentro_sezione,0.0
2026-07-29T19:10:52+00:00,151780000006,Pozzuolo Martesana,0.7249463935793504,Local road,one_side,0.0,45.51362060641403,9.459314526874598,dentro_sezione,0.0
2026-07-29T19:10:52+00:00,151780000010,Pozzuolo Martesana,0.7180720735800431,Local road,one_side,0.0,45.51362060641403,9.459314526874598,dentro_sezione,0.0
2026-07-29T19:10:52+00:00,152240000010,Truccazzano,0.7476905228465803,Connecting road,one_side,0.0,45.463656188833134,9.475532115410585,dentro_sezione,0.0
2026-07-29T19:10:52+00:00,150590000040,Cassano d'Adda,0.8090312749814579,Connecting road,full,0.0,45.50586857074825,9.527646386145808,dentro_sezione,0.0
2026-07-29T19:10:52+00:00,150590000040,Cassano d'Adda,0.8090312749814579,Connecting road,one_side,0.0,45.506227865561726,9.526025437081474,dentro_sezione,0.0
2026-07-29T19:10:52+00:00,150590000040,Cassano d'Adda,0.8090312749814579,Connecting road,full,0.0,45.50465141333191,9.53149248144333,dentro_sezione,0.0
2026-07-29T19:10:52+00:00,150590000040,Cassano d'Adda,0.8090312749814579,Connecting road,one_side,0.0,45.50481444915567,9.530592811924295,dentro_sezione,0.0
2026-07-29T19:10:52+00:00,150990000018,Dairago,0.7297543772564479,Connecting road,one_side,0.0,45.564686052346,8.860306390456056,piu_vicino_esterno,163.7
2026-07-29T19:10:52+00:00,150770000392,Cinisello Balsamo,0.7272782368032968,Connecting road,one_side,0.0,45.57128500494079,9.209350914619835,piu_vicino_esterno,251.1
2026-07-29T19:10:52+00:00,150770000393,Cinisello Balsamo,0.714057724663571,Connecting road,one_side,0.0,45.57128500494079,9.209350914619835,piu_vicino_esterno,263.7
2026-07-29T19:16:34+00:00,151830000004,Robecchetto con Induno,0.7553527057173448,Connecting road,one_side,0.0,45.524309692433015,8.772144027552589,dentro_sezione,0.0
2026-07-29T19:16:34+00:00,151830000005,Robecchetto con Induno,0.7359793597243346,Connecting road,one_side,0.0,45.524309692433015,8.772144027552589,dentro_sezione,0.0
2026-07-29T19:16:34+00:00,151830000004,Robecchetto con Induno,0.7553527057173448,Major local road,one_side,0.0,45.52593707033944,8.774034097590642,dentro_sezione,0.0
2026-07-29T19:16:34+00:00,151830000005,Robecchetto con Induno,0.7359793597243346,Major local road,one_side,0.0,45.52593707033944,8.774034097590642,dentro_sezione,0.0
2026-07-29T19:16:34+00:00,151830000004,Robecchetto con Induno,0.7553527057173448,Local road,full,0.0,45.52665341304878,8.77813513370993,dentro_sezione,0.0
2026-07-29T19:16:34+00:00,151830000005,Robecchetto con Induno,0.7359793597243346,Local road,full,0.0,45.52665341304878,8.77813513370993,dentro_sezione,0.0
2026-07-29T19:16:34+00:00,151830000004,Robecchetto con Induno,0.7553527057173448,Local road,one_side,0.0,45.52750090024759,8.777482354636556,dentro_sezione,0.0
2026-07-29T19:16:34+00:00,151830000005,Robecchetto con Induno,0.7359793597243346,Local road,one_side,0.0,45.52750090024759,8.777482354636556,dentro_sezione,0.0
2026-07-29T19:16:34+00:00,151830000004,Robecchetto con Induno,0.7553527057173448,Minor local road,one_side,0.0,45.5246629407847,8.777006510696419,dentro_sezione,0.0
2026-07-29T19:16:34+00:00,151830000005,Robecchetto con Induno,0.7359793597243346,Minor local road,one_side,0.0,45.5246629407847,8.777006510696419,dentro_sezione,0.0
2026-07-29T19:16:34+00:00,151830000004,Robecchetto con Induno,0.7553527057173448,Connecting road,one_side,0.0,45.52127522697483,8.777696798566893,dentro_sezione,0.0
2026-07-29T19:16:34+00:00,151830000005,Robecchetto con Induno,0.7359793597243346,Connecting road,one_side,0.0,45.52127522697483,8.777696798566893,dentro_sezione,0.0
2026-07-29T19:16:34+00:00,151830000004,Robecchetto con Induno,0.7553527057173448,Major local road,one_side,0.0,45.52003006239406,8.771803302455004,dentro_sezione,0.0
2026-07-29T19:16:34+00:00,151830000004,Robecchetto con Induno,0.7553527057173448,Connecting road,one_side,0.0,45.521384299391016,8.77747167238986,dentro_sezione,0.0
2026-07-29T19:16:34+00:00,151830000005,Robecchetto con Induno,0.7359793597243346,Connecting road,one_side,0.0,45.521384299391016,8.77747167238986,dentro_sezione,0.0
2026-07-29T19:16:34+00:00,151830000005,Robecchetto con Induno,0.7359793597243346,Major local road,full,0.0,45.52572185698712,8.781758926879993,dentro_sezione,0.0
2026-07-29T19:16:34+00:00,151830000004,Robecchetto con Induno,0.7553527057173448,Major local road,one_side,0.0,45.52545606758585,8.783235613334185,dentro_sezione,0.0
2026-07-29T19:16:34+00:00,151830000005,Robecchetto con Induno,0.7359793597243346,Major local road,one_side,0.0,45.52545606758585,8.783235613334185,dentro_sezione,0.0
2026-07-29T19:16:34+00:00,151830000004,Robecchetto con Induno,0.7553527057173448,Local road,full,0.0,45.52665017246545,8.778138354718036,dentro_sezione,0.0
2026-07-29T19:16:34+00:00,151830000005,Robecchetto con Induno,0.7359793597243346,Local road,full,0.0,45.52665017246545,8.778138354718036,dentro_sezione,0.0
2026-07-29T19:16:34+00:00,151830000004,Robecchetto con Induno,0.7553527057173448,Local road,one_side,0.0,45.52614843665075,8.779160738634744,dentro_sezione,0.0
2026-07-29T19:16:34+00:00,151830000005,Robecchetto con Induno,0.7359793597243346,Local road,one_side,0.0,45.52614843665075,8.779160738634744,dentro_sezione,0.0
2026-07-29T19:16:34+00:00,151830000004,Robecchetto con Induno,0.7553527057173448,Minor local road,one_side,0.0,45.524831941765086,8.777906603428388,dentro_sezione,0.0
2026-07-29T19:16:34+00:00,151830000005,Robecchetto con Induno,0.7359793597243346,Minor local road,one_side,0.0,45.524831941765086,8.777906603428388,dentro_sezione,0.0
2026-07-29T19:16:34+00:00,151830000004,Robecchetto con Induno,0.7553527057173448,Connecting road,one_side,0.0,45.51795215432926,8.779916706833983,dentro_sezione,0.0
2026-07-29T19:16:34+00:00,151830000005,Robecchetto con Induno,0.7359793597243346,Connecting road,one_side,0.0,45.51795215432926,8.779916706833983,dentro_sezione,0.0
2026-07-29T19:16:34+00:00,151830000004,Robecchetto con Induno,0.7553527057173448,Major local road,one_side,0.0,45.52129064980628,8.777203055737562,dentro_sezione,0.0
2026-07-29T19:16:34+00:00,150990000004,Dairago,0.7676872328697544,Connecting road,one_side,0.0,45.559969756077514,8.855855576146451,dentro_sezione,0.0
2026-07-29T19:16:34+00:00,150990000005,Dairago,0.7542589327199739,Connecting road,one_side,0.0,45.559969756077514,8.855855576146451,dentro_sezione,0.0
2026-07-29T19:16:34+00:00,150990000006,Dairago,0.7709685518618672,Secondary road,one_side,0.699999988079071,45.5777463162237,8.860049850307782,dentro_sezione,0.0
2026-07-29T19:16:34+00:00,150990000006,Dairago,0.7709685518618672,Secondary road,one_side,0.6480000019073486,45.577741311180816,8.860052659197983,dentro_sezione,0.0
2026-07-29T19:16:34+00:00,150990000006,Dairago,0.7709685518618672,Secondary road,one_side,0.2200000286102295,45.57550377845801,8.861572145141743,dentro_sezione,0.0
2026-07-29T19:16:34+00:00,150990000006,Dairago,0.7709685518618672,Secondary road,one_side,0.09799998998641968,45.57550593488915,8.861569898674606,dentro_sezione,0.0
2026-07-29T19:16:34+00:00,150990000006,Dairago,0.7709685518618672,Secondary road,one_side,0.699999988079071,45.576270458340744,8.861078470945358,dentro_sezione,0.0
2026-07-29T19:16:34+00:00,150990000006,Dairago,0.7709685518618672,Secondary road,one_side,0.6480000019073486,45.576266444336554,8.861078712573057,dentro_sezione,0.0
2026-07-29T19:16:34+00:00,150990000006,Dairago,0.7709685518618672,Secondary road,full,0.2200000286102295,45.574130222271364,8.862384773534133,dentro_sezione,0.0
2026-07-29T19:16:34+00:00,150990000006,Dairago,0.7709685518618672,Secondary road,one_side,0.2200000286102295,45.5752231718279,8.861740512995713,dentro_sezione,0.0
2026-07-29T19:16:34+00:00,150990000006,Dairago,0.7709685518618672,Secondary road,full,0.09799998998641968,45.57413880688018,8.862438694596689,dentro_sezione,0.0
2026-07-29T19:16:34+00:00,150990000006,Dairago,0.7709685518618672,Secondary road,one_side,0.09799998998641968,45.575225457456405,8.86173846888984,dentro_sezione,0.0
2026-07-29T19:16:34+00:00,150990000006,Dairago,0.7709685518618672,Secondary road,full,0.0,45.57386472233244,8.862566283510171,dentro_sezione,0.0
2026-07-29T19:16:34+00:00,150990000005,Dairago,0.7542589327199739,Secondary road,one_side,0.0,45.57043341609905,8.864191937538157,dentro_sezione,0.0
2026-07-29T19:16:34+00:00,150990000001,Dairago,0.7159220448648945,Secondary road,one_side,0.0,45.57043341609905,8.864191937538157,dentro_sezione,0.0
2026-07-29T19:16:34+00:00,150990000002,Dairago,0.6942688026504515,Secondary road,one_side,0.0,45.57043341609905,8.864191937538157,dentro_sezione,0.0
2026-07-29T19:16:34+00:00,150990000006,Dairago,0.7709685518618672,Secondary road,one_side,0.0,45.57043341609905,8.864191937538157,dentro_sezione,0.0
2026-07-29T19:16:34+00:00,150990000005,Dairago,0.7542589327199739,Connecting road,one_side,0.0,45.56869535247887,8.862106087174277,dentro_sezione,0.0
2026-07-29T19:16:34+00:00,150990000001,Dairago,0.7159220448648945,Connecting road,one_side,0.0,45.56869535247887,8.862106087174277,dentro_sezione,0.0
2026-07-29T19:16:34+00:00,150990000002,Dairago,0.6942688026504515,Connecting road,one_side,0.0,45.56869535247887,8.862106087174277,dentro_sezione,0.0
2026-07-29T19:16:34+00:00,150990000006,Dairago,0.7709685518618672,Connecting road,one_side,0.0,45.56869535247887,8.862106087174277,dentro_sezione,0.0
2026-07-29T19:16:34+00:00,150990000005,Dairago,0.7542589327199739,Local road,full,0.0,45.57115044782316,8.861418408582644,dentro_sezione,0.0
2026-07-29T19:16:34+00:00,150990000006,Dairago,0.7709685518618672,Local road,full,0.0,45.57115044782316,8.861418408582644,dentro_sezione,0.0
2026-07-29T19:16:34+00:00,150990000005,Dairago,0.7542589327199739,Local road,one_side,0.0,45.57092412688219,8.861752614264068,dentro_sezione,0.0
2026-07-29T19:16:34+00:00,150990000006,Dairago,0.7709685518618672,Local road,one_side,0.0,45.57092412688219,8.861752614264068,dentro_sezione,0.0
2026-07-29T19:16:34+00:00,150990000006,Dairago,0.7709685518618672,Minor local road,full,0.0,45.57390108315492,8.862335085868835,dentro_sezione,0.0
2026-07-29T19:16:34+00:00,150990000006,Dairago,0.7709685518618672,Minor local road,one_side,0.0,45.57342910946712,8.861447226380976,dentro_sezione,0.0
2026-07-29T19:16:34+00:00,150990000004,Dairago,0.7676872328697544,Secondary road,one_side,0.0,45.566099571560876,8.865997052469073,dentro_sezione,0.0
2026-07-29T19:16:34+00:00,150990000001,Dairago,0.7159220448648945,Secondary road,one_side,0.0,45.566099571560876,8.865997052469073,dentro_sezione,0.0
2026-07-29T19:16:34+00:00,150990000002,Dairago,0.6942688026504515,Secondary road,one_side,0.0,45.566099571560876,8.865997052469073,dentro_sezione,0.0
2026-07-29T19:16:34+00:00,150990000004,Dairago,0.7676872328697544,Connecting road,full,0.0,45.56559331224461,8.864327222945509,dentro_sezione,0.0
2026-07-29T19:16:34+00:00,150990000005,Dairago,0.7542589327199739,Connecting road,full,0.0,45.56559331224461,8.864327222945509,dentro_sezione,0.0
2026-07-29T19:16:34+00:00,150990000001,Dairago,0.7159220448648945,Connecting road,full,0.0,45.56559331224461,8.864327222945509,dentro_sezione,0.0
2026-07-29T19:16:34+00:00,150990000002,Dairago,0.6942688026504515,Connecting road,full,0.0,45.56559331224461,8.864327222945509,dentro_sezione,0.0
2026-07-29T19:16:34+00:00,150990000004,Dairago,0.7676872328697544,Connecting road,one_side,0.0,45.564686052346,8.860306390456056,dentro_sezione,0.0
2026-07-29T19:16:34+00:00,150990000005,Dairago,0.7542589327199739,Connecting road,one_side,0.0,45.564686052346,8.860306390456056,dentro_sezione,0.0
2026-07-29T19:16:34+00:00,150990000001,Dairago,0.7159220448648945,Connecting road,one_side,0.0,45.564686052346,8.860306390456056,dentro_sezione,0.0
2026-07-29T19:16:34+00:00,150990000002,Dairago,0.6942688026504515,Connecting road,one_side,0.0,45.564686052346,8.860306390456056,dentro_sezione,0.0
2026-07-29T19:16:34+00:00,150990000004,Dairago,0.7676872328697544,Major local road,one_side,0.0,45.563239021472114,8.860581830730837,dentro_sezione,0.0
2026-07-29T19:16:34+00:00,150990000005,Dairago,0.7542589327199739,Major local road,one_side,0.0,45.563239021472114,8.860581830730837,dentro_sezione,0.0
2026-07-29T19:16:34+00:00,150990000001,Dairago,0.7159220448648945,Secondary road,one_side,0.0,45.567936262877204,8.86530759774731,dentro_sezione,0.0
2026-07-29T19:16:34+00:00,150990000002,Dairago,0.6942688026504515,Secondary road,one_side,0.0,45.567936262877204,8.86530759774731,dentro_sezione,0.0
2026-07-29T19:16:34+00:00,150990000004,Dairago,0.7676872328697544,Secondary road,one_side,0.0,45.564009304627184,8.866927104572802,dentro_sezione,0.0
2026-07-29T19:16:34+00:00,150990000001,Dairago,0.7159220448648945,Secondary road,one_side,0.0,45.564009304627184,8.866927104572802,dentro_sezione,0.0
2026-07-29T19:16:34+00:00,150990000002,Dairago,0.6942688026504515,Secondary road,one_side,0.0,45.564009304627184,8.866927104572802,dentro_sezione,0.0
2026-07-29T19:16:34+00:00,150990000004,Dairago,0.7676872328697544,Connecting road,full,0.0,45.566236844428026,8.865384249111933,dentro_sezione,0.0
2026-07-29T19:16:34+00:00,150990000001,Dairago,0.7159220448648945,Connecting road,full,0.0,45.566236844428026,8.865384249111933,dentro_sezione,0.0
2026-07-29T19:16:34+00:00,150990000002,Dairago,0.6942688026504515,Connecting road,full,0.0,45.566236844428026,8.865384249111933,dentro_sezione,0.0
2026-07-29T19:16:34+00:00,150990000004,Dairago,0.7676872328697544,Connecting road,one_side,0.0,45.565772277047955,8.87122243071949,dentro_sezione,0.0
2026-07-29T19:16:34+00:00,150990000001,Dairago,0.7159220448648945,Connecting road,one_side,0.0,45.565772277047955,8.87122243071949,dentro_sezione,0.0
2026-07-29T19:16:34+00:00,150990000002,Dairago,0.6942688026504515,Connecting road,one_side,0.0,45.565772277047955,8.87122243071949,dentro_sezione,0.0
2026-07-29T19:16:34+00:00,151840000003,Robecco sul Naviglio,0.7196016242096119,Secondary road,full,0.0,45.43738004527872,8.884716475393938,dentro_sezione,0.0
2026-07-29T19:16:34+00:00,151840000006,Robecco sul Naviglio,0.7230185825971769,Secondary road,full,0.0,45.43738004527872,8.884716475393938,dentro_sezione,0.0
2026-07-29T19:16:34+00:00,151840000004,Robecco sul Naviglio,0.7107590900039538,Secondary road,full,0.0,45.43738004527872,8.884716475393938,dentro_sezione,0.0
2026-07-29T19:16:34+00:00,151840000006,Robecco sul Naviglio,0.7230185825971769,Secondary road,one_side,0.0,45.441021454681305,8.886726811167174,dentro_sezione,0.0
2026-07-29T19:16:34+00:00,151840000004,Robecco sul Naviglio,0.7107590900039538,Secondary road,one_side,0.0,45.441021454681305,8.886726811167174,dentro_sezione,0.0
2026-07-29T19:16:34+00:00,151840000004,Robecco sul Naviglio,0.7107590900039538,Connecting road,one_side,0.0,45.44215302778418,8.881694311544635,dentro_sezione,0.0
2026-07-29T19:16:34+00:00,151840000008,Robecco sul Naviglio,0.7257111688941349,Connecting road,one_side,0.0,45.44215302778418,8.881694311544635,dentro_sezione,0.0
2026-07-29T19:16:34+00:00,151840000008,Robecco sul Naviglio,0.7257111688941349,Minor local road,one_side,0.0,45.44305633774382,8.87880615453956,dentro_sezione,0.0
2026-07-29T19:16:34+00:00,151840000003,Robecco sul Naviglio,0.7196016242096119,Secondary road,full,0.0,45.436020247875916,8.88427360275287,dentro_sezione,0.0
2026-07-29T19:16:34+00:00,151840000006,Robecco sul Naviglio,0.7230185825971769,Secondary road,full,0.0,45.436020247875916,8.88427360275287,dentro_sezione,0.0
2026-07-29T19:16:34+00:00,151840000004,Robecco sul Naviglio,0.7107590900039538,Secondary road,full,0.0,45.436020247875916,8.88427360275287,dentro_sezione,0.0
2026-07-29T19:16:34+00:00,151840000003,Robecco sul Naviglio,0.7196016242096119,Secondary road,one_side,0.0,45.432741752237355,8.885387574658592,dentro_sezione,0.0
2026-07-29T19:16:34+00:00,151840000006,Robecco sul Naviglio,0.7230185825971769,Secondary road,one_side,0.0,45.432741752237355,8.885387574658592,dentro_sezione,0.0
2026-07-29T19:16:34+00:00,151840000004,Robecco sul Naviglio,0.7107590900039538,Secondary road,one_side,0.0,45.432741752237355,8.885387574658592,dentro_sezione,0.0
2026-07-29T19:16:34+00:00,151840000003,Robecco sul Naviglio,0.7196016242096119,Connecting road,full,0.0,45.434818033444905,8.888212023960996,dentro_sezione,0.0
2026-07-29T19:16:34+00:00,151840000004,Robecco sul Naviglio,0.7107590900039538,Connecting road,full,0.0,45.434818033444905,8.888212023960996,dentro_sezione,0.0
2026-07-29T19:16:34+00:00,151840000003,Robecco sul Naviglio,0.7196016242096119,Connecting road,one_side,0.0,45.43218495639539,8.879627085051737,dentro_sezione,0.0
2026-07-29T19:16:34+00:00,151840000006,Robecco sul Naviglio,0.7230185825971769,Connecting road,one_side,0.0,45.43218495639539,8.879627085051737,dentro_sezione,0.0
2026-07-29T19:16:34+00:00,150410000011,Busto Garolfo,0.7031690557477914,Major local road,one_side,0.0,45.547462481839126,8.892937891739695,dentro_sezione,0.0
2026-07-29T19:16:34+00:00,150410000011,Busto Garolfo,0.7031690557477914,Local road,one_side,0.0,45.54847842090824,8.888772558313534,dentro_sezione,0.0
2026-07-29T19:16:34+00:00,150410000011,Busto Garolfo,0.7031690557477914,Connecting road,one_side,0.0,45.54197439189159,8.89465136982906,dentro_sezione,0.0
2026-07-29T19:16:34+00:00,150410000011,Busto Garolfo,0.7031690557477914,Major local road,one_side,0.0,45.544562915692,8.895608895264767,dentro_sezione,0.0
2026-07-29T19:16:34+00:00,150410000011,Busto Garolfo,0.7031690557477914,Local road,one_side,0.0,45.540993787214255,8.89150577347488,dentro_sezione,0.0
2026-07-29T19:16:34+00:00,151840000003,Robecco sul Naviglio,0.7196016242096119,Secondary road,full,0.0,45.43673429376078,8.88704731701488,dentro_sezione,0.0
2026-07-29T19:16:34+00:00,151840000004,Robecco sul Naviglio,0.7107590900039538,Secondary road,full,0.0,45.43673429376078,8.88704731701488,dentro_sezione,0.0
2026-07-29T19:16:34+00:00,151840000004,Robecco sul Naviglio,0.7107590900039538,Secondary road,one_side,0.0,45.44129080099548,8.887639896752052,dentro_sezione,0.0
2026-07-29T19:16:34+00:00,151840000003,Robecco sul Naviglio,0.7196016242096119,Secondary road,full,0.0,45.43465511634912,8.88814045588459,dentro_sezione,0.0
2026-07-29T19:16:34+00:00,151840000004,Robecco sul Naviglio,0.7107590900039538,Secondary road,full,0.0,45.43465511634912,8.88814045588459,dentro_sezione,0.0
2026-07-29T19:16:34+00:00,151840000003,Robecco sul Naviglio,0.7196016242096119,Connecting road,full,0.0,45.433208070156475,8.889242619884701,dentro_sezione,0.0
2026-07-29T19:16:34+00:00,151840000004,Robecco sul Naviglio,0.7107590900039538,Connecting road,full,0.0,45.433208070156475,8.889242619884701,dentro_sezione,0.0
2026-07-29T19:16:34+00:00,150720000017,Cerro Maggiore,0.6999223680906879,Secondary road,one_side,0.0,45.59469927159379,8.956787134794192,dentro_sezione,0.0
2026-07-29T19:16:34+00:00,150720000017,Cerro Maggiore,0.6999223680906879,Secondary road,full,0.0,45.58848035915598,8.9642983740158,dentro_sezione,0.0
2026-07-29T19:16:34+00:00,150720000017,Cerro Maggiore,0.6999223680906879,Secondary road,one_side,0.0,45.59053028893129,8.961361051470247,dentro_sezione,0.0
2026-07-29T19:16:34+00:00,150720000017,Cerro Maggiore,0.6999223680906879,Major local road,one_side,0.0,45.58829146872337,8.959288092130175,dentro_sezione,0.0
2026-07-29T19:16:34+00:00,150720000017,Cerro Maggiore,0.6999223680906879,Secondary road,full,0.0,45.58756210472569,8.966193376164924,dentro_sezione,0.0
2026-07-29T19:16:34+00:00,150720000017,Cerro Maggiore,0.6999223680906879,Secondary road,one_side,0.0,45.58536762844651,8.971044060006122,dentro_sezione,0.0
2026-07-29T19:16:34+00:00,150720000017,Cerro Maggiore,0.6999223680906879,Connecting road,one_side,0.0,45.58803245184286,8.973497377206987,dentro_sezione,0.0
2026-07-29T19:16:34+00:00,150220000001,Besate,0.8066359409766615,Secondary road,full,0.0,45.31397405974819,8.970680438795323,dentro_sezione,0.0
2026-07-29T19:16:34+00:00,150220000002,Besate,0.8457837792598706,Secondary road,full,0.0,45.31397405974819,8.970680438795323,dentro_sezione,0.0
2026-07-29T19:16:34+00:00,150220000001,Besate,0.8066359409766615,Secondary road,one_side,0.0,45.31693428516195,8.970520214464711,dentro_sezione,0.0
2026-07-29T19:16:34+00:00,150220000002,Besate,0.8457837792598706,Secondary road,one_side,0.0,45.31693428516195,8.970520214464711,dentro_sezione,0.0
2026-07-29T19:16:34+00:00,150220000001,Besate,0.8066359409766615,Secondary road,full,0.0,45.31230807897691,8.970803137994647,dentro_sezione,0.0
2026-07-29T19:16:34+00:00,150220000002,Besate,0.8457837792598706,Secondary road,full,0.0,45.31230807897691,8.970803137994647,dentro_sezione,0.0
2026-07-29T19:16:34+00:00,150220000001,Besate,0.8066359409766615,Secondary road,one_side,0.0,45.30850050611067,8.971050499191625,dentro_sezione,0.0
2026-07-29T19:16:34+00:00,150220000002,Besate,0.8457837792598706,Secondary road,one_side,0.0,45.30850050611067,8.971050499191625,dentro_sezione,0.0
2026-07-29T19:16:34+00:00,150220000002,Besate,0.8457837792598706,Connecting road,one_side,0.0,45.31011677645614,8.97243897841263,dentro_sezione,0.0
2026-07-29T19:16:34+00:00,151030000093,Gaggiano,0.7171341415902132,Connecting road,full,0.0,45.37753558005545,9.02820117450363,dentro_sezione,0.0
2026-07-29T19:16:34+00:00,151030000093,Gaggiano,0.7171341415902132,Connecting road,one_side,0.0,45.37922478434031,9.025526004065227,dentro_sezione,0.0
2026-07-29T19:16:34+00:00,152360000001,Vernate,0.7404237143838364,Major road,full,0.0,45.33115422928388,9.051982675890759,dentro_sezione,0.0
2026-07-29T19:16:34+00:00,152360000001,Vernate,0.7404237143838364,Major road,one_side,0.0,45.333667378972784,9.04899330877629,dentro_sezione,0.0
2026-07-29T19:16:34+00:00,152360000001,Vernate,0.7404237143838364,Secondary road,full,0.0,45.33085582197837,9.05174506782142,dentro_sezione,0.0
2026-07-29T19:16:34+00:00,152360000001,Vernate,0.7404237143838364,Secondary road,one_side,0.0,45.3294711922926,9.049540764120502,dentro_sezione,0.0
2026-07-29T19:16:34+00:00,152360000004,Vernate,0.7248915606322527,Connecting road,full,0.0,45.31713370461864,9.060332435953853,dentro_sezione,0.0
2026-07-29T19:16:34+00:00,152360000004,Vernate,0.7248915606322527,Connecting road,one_side,0.0,45.31685556517416,9.058201381824388,dentro_sezione,0.0
2026-07-29T19:16:34+00:00,150270000044,Bollate,0.7092237674852166,Local road,full,0.17400002479553223,45.54861129336342,9.137811389214903,dentro_sezione,0.0
2026-07-29T19:16:34+00:00,150270000044,Bollate,0.7092237674852166,Local road,one_side,0.17400002479553223,45.548096123422596,9.134779363975165,dentro_sezione,0.0
2026-07-29T19:16:34+00:00,150270000044,Bollate,0.7092237674852166,Connecting road,full,0.0,45.551101576535864,9.141299958119559,dentro_sezione,0.0
2026-07-29T19:16:34+00:00,150270000044,Bollate,0.7092237674852166,Connecting road,one_side,0.0,45.54765211863531,9.13664998664483,dentro_sezione,0.0
2026-07-29T19:16:34+00:00,150270000044,Bollate,0.7092237674852166,Local road,full,0.0,45.548615190060424,9.138082011503977,dentro_sezione,0.0
2026-07-29T19:16:34+00:00,150270000044,Bollate,0.7092237674852166,Local road,one_side,0.0,45.54834455342,9.135163919267848,dentro_sezione,0.0
2026-07-29T19:16:34+00:00,150270000044,Bollate,0.7092237674852166,Local road,full,0.17400002479553223,45.5491123577824,9.141229615730014,dentro_sezione,0.0
2026-07-29T19:16:34+00:00,150270000044,Bollate,0.7092237674852166,Local road,one_side,0.17400002479553223,45.54892623237079,9.140229535470008,dentro_sezione,0.0
2026-07-29T19:16:34+00:00,150270000046,Bollate,0.7233042911110021,Motorway,full,0.0,45.548637494915916,9.147269678190169,dentro_sezione,0.0
2026-07-29T19:16:34+00:00,150270000046,Bollate,0.7233042911110021,Secondary road,full,0.0,45.55070810723628,9.146664038825996,dentro_sezione,0.0
2026-07-29T19:16:34+00:00,150270000044,Bollate,0.7092237674852166,Connecting road,full,0.0,45.55017918548694,9.146031515963527,dentro_sezione,0.0
2026-07-29T19:16:34+00:00,150270000046,Bollate,0.7233042911110021,Connecting road,one_side,0.0,45.54844611685997,9.144391397351994,dentro_sezione,0.0
2026-07-29T19:16:34+00:00,150270000044,Bollate,0.7092237674852166,Connecting road,one_side,0.0,45.54844611685997,9.144391397351994,dentro_sezione,0.0
2026-07-29T19:16:34+00:00,150270000046,Bollate,0.7233042911110021,Major local road,one_side,0.0,45.547104666833036,9.147278688778757,dentro_sezione,0.0
2026-07-29T19:16:34+00:00,150270000044,Bollate,0.7092237674852166,Local road,full,0.0,45.54914500065825,9.141324042274013,dentro_sezione,0.0
2026-07-29T19:16:34+00:00,150270000044,Bollate,0.7092237674852166,Local road,one_side,0.0,45.55143582064673,9.141206676152695,dentro_sezione,0.0
2026-07-29T19:16:34+00:00,151660000079,Paderno Dugnano,0.7118644067796609,Major local road,full,0.0,45.57182786079618,9.158215086509971,dentro_sezione,0.0
2026-07-29T19:16:34+00:00,151660000079,Paderno Dugnano,0.7118644067796609,Major local road,one_side,0.0,45.57115547810489,9.15556725583581,dentro_sezione,0.0
2026-07-29T19:16:34+00:00,151660000079,Paderno Dugnano,0.7118644067796609,Local road,one_side,0.0,45.5697584120831,9.154184216067337,dentro_sezione,0.0
2026-07-29T19:16:34+00:00,151660000079,Paderno Dugnano,0.7118644067796609,Minor local road,full,0.0,45.569569956181454,9.157563682162007,dentro_sezione,0.0
2026-07-29T19:16:34+00:00,151660000079,Paderno Dugnano,0.7118644067796609,Major local road,full,0.0,45.56765660396396,9.16061173142433,dentro_sezione,0.0
2026-07-29T19:16:34+00:00,150770000455,Cinisello Balsamo,0.7342939680872247,Connecting road,full,0.0,45.5628198241358,9.20016664943403,dentro_sezione,0.0
2026-07-29T19:16:34+00:00,150770000308,Cinisello Balsamo,0.7375002525201512,Connecting road,full,0.0,45.5628198241358,9.20016664943403,dentro_sezione,0.0
2026-07-29T19:16:34+00:00,150770000455,Cinisello Balsamo,0.7342939680872247,Local road,one_side,0.0,45.56207030894774,9.204732755630442,dentro_sezione,0.0
2026-07-29T19:16:34+00:00,150770000308,Cinisello Balsamo,0.7375002525201512,Connecting road,one_side,0.0,45.57128500494079,9.209350914619835,dentro_sezione,0.0
2026-07-29T19:16:34+00:00,150770000310,Cinisello Balsamo,0.7121097120693088,Connecting road,one_side,0.0,45.57128500494079,9.209350914619835,dentro_sezione,0.0
2026-07-29T19:16:34+00:00,150770000370,Cinisello Balsamo,0.7379158285402604,Connecting road,one_side,0.0,45.57128500494079,9.209350914619835,dentro_sezione,0.0
2026-07-29T19:16:34+00:00,150770000370,Cinisello Balsamo,0.7379158285402604,Major local road,full,0.0,45.57139631159235,9.211628724443395,dentro_sezione,0.0
2026-07-29T19:16:34+00:00,150770000370,Cinisello Balsamo,0.7379158285402604,Major local road,one_side,0.0,45.57015685476648,9.213783784528827,dentro_sezione,0.0
2026-07-29T19:16:34+00:00,150770000308,Cinisello Balsamo,0.7375002525201512,Local road,full,0.0,45.56759310544539,9.21333004495521,dentro_sezione,0.0
2026-07-29T19:16:34+00:00,150770000455,Cinisello Balsamo,0.7342939680872247,Connecting road,full,0.0,45.565241334929205,9.208139213088042,dentro_sezione,0.0
2026-07-29T19:16:34+00:00,150770000308,Cinisello Balsamo,0.7375002525201512,Connecting road,full,0.0,45.565241334929205,9.208139213088042,dentro_sezione,0.0
2026-07-29T19:16:34+00:00,150770000308,Cinisello Balsamo,0.7375002525201512,Connecting road,one_side,0.0,45.567370928132085,9.210477903628986,dentro_sezione,0.0
2026-07-29T19:16:34+00:00,150770000310,Cinisello Balsamo,0.7121097120693088,Connecting road,one_side,0.0,45.567370928132085,9.210477903628986,dentro_sezione,0.0
2026-07-29T19:16:34+00:00,150770000308,Cinisello Balsamo,0.7375002525201512,Local road,full,0.0,45.56347293827522,9.21264285160202,dentro_sezione,0.0
2026-07-29T19:16:34+00:00,150770000455,Cinisello Balsamo,0.7342939680872247,Local road,one_side,0.0,45.56390554361116,9.211470433101258,dentro_sezione,0.0
2026-07-29T19:16:34+00:00,150770000308,Cinisello Balsamo,0.7375002525201512,Local road,one_side,0.0,45.56390554361116,9.211470433101258,dentro_sezione,0.0
2026-07-29T19:16:34+00:00,151590000022,Opera,0.730949158314262,Secondary road,full,0.0,45.40232137581589,9.209133230722834,dentro_sezione,0.0
2026-07-29T19:16:34+00:00,151460002842,Milano,0.741696415945421,Secondary road,full,0.0,45.40232137581589,9.209133230722834,dentro_sezione,0.0
2026-07-29T19:16:34+00:00,151590000022,Opera,0.730949158314262,Secondary road,full,0.0,45.39225546547591,9.211072481355576,dentro_sezione,0.0
2026-07-29T19:16:34+00:00,151460002842,Milano,0.741696415945421,Secondary road,full,0.0,45.39225546547591,9.211072481355576,dentro_sezione,0.0
2026-07-29T19:16:34+00:00,151590000022,Opera,0.730949158314262,Minor local road,full,0.0,45.39381965364314,9.211481553911986,dentro_sezione,0.0
2026-07-29T19:16:34+00:00,151590000014,Opera,0.7350933747370183,Minor local road,full,0.0,45.39381965364314,9.211481553911986,dentro_sezione,0.0
2026-07-29T19:16:34+00:00,151590000013,Opera,0.7339534266263019,Minor local road,one_side,0.0,45.39336750739379,9.211614956889422,dentro_sezione,0.0
2026-07-29T19:16:34+00:00,151590000022,Opera,0.730949158314262,Minor local road,one_side,0.0,45.39336750739379,9.211614956889422,dentro_sezione,0.0
2026-07-29T19:16:34+00:00,151590000014,Opera,0.7350933747370183,Minor local road,one_side,0.0,45.39336750739379,9.211614956889422,dentro_sezione,0.0
2026-07-29T19:16:34+00:00,151460002739,Milano,0.7105830473843242,Local road,one_side,0.0,45.416399000279455,9.239352252220206,dentro_sezione,0.0
2026-07-29T19:16:34+00:00,151460002738,Milano,0.694095645975406,Local road,one_side,0.0,45.416399000279455,9.239352252220206,dentro_sezione,0.0
2026-07-29T19:16:34+00:00,151460002739,Milano,0.7105830473843242,Local road,one_side,0.0,45.41530469682335,9.241945604240724,dentro_sezione,0.0
2026-07-29T19:16:34+00:00,151460002738,Milano,0.694095645975406,Local road,one_side,0.0,45.41530469682335,9.241945604240724,dentro_sezione,0.0
2026-07-29T19:16:34+00:00,150700000003,Cernusco sul Naviglio,0.69710280023203,Connecting road,full,0.0,45.526320116081415,9.322236627355936,dentro_sezione,0.0
2026-07-29T19:16:34+00:00,150700000003,Cernusco sul Naviglio,0.69710280023203,Connecting road,one_side,0.0,45.52385482525997,9.32355774741958,dentro_sezione,0.0
2026-07-29T19:16:34+00:00,151390000001,Mediglia,0.726435540984742,Connecting road,one_side,0.0,45.40120559797648,9.320046818976916,dentro_sezione,0.0
2026-07-29T19:16:34+00:00,151390000003,Mediglia,0.7112179551928244,Major local road,full,0.0,45.40140869376171,9.325048126419558,dentro_sezione,0.0
2026-07-29T19:16:34+00:00,151390000004,Mediglia,0.7585618760948553,Major local road,full,0.0,45.40140869376171,9.325048126419558,dentro_sezione,0.0
2026-07-29T19:16:34+00:00,151390000001,Mediglia,0.726435540984742,Major local road,full,0.0,45.40140869376171,9.325048126419558,dentro_sezione,0.0
2026-07-29T19:16:34+00:00,151390000003,Mediglia,0.7112179551928244,Major local road,one_side,0.0,45.400344667152524,9.325511649512542,dentro_sezione,0.0
2026-07-29T19:16:34+00:00,151390000001,Mediglia,0.726435540984742,Major local road,one_side,0.0,45.400344667152524,9.325511649512542,dentro_sezione,0.0
2026-07-29T19:16:34+00:00,151390000001,Mediglia,0.726435540984742,Minor local road,one_side,0.0,45.4006120470024,9.322143495082855,dentro_sezione,0.0
2026-07-29T19:16:34+00:00,151390000005,Mediglia,0.7604290822407629,Connecting road,full,0.0,45.3963907308835,9.326313621966435,dentro_sezione,0.0
2026-07-29T19:16:34+00:00,151390000005,Mediglia,0.7604290822407629,Connecting road,one_side,0.0,45.39679434052438,9.32338812732594,dentro_sezione,0.0
2026-07-29T19:16:34+00:00,151390000005,Mediglia,0.7604290822407629,Local road,one_side,0.0,45.396140404746596,9.327497611614783,dentro_sezione,0.0
2026-07-29T19:16:34+00:00,151390000005,Mediglia,0.7604290822407629,Minor local road,one_side,0.0,45.39511055682533,9.328355728091662,dentro_sezione,0.0
2026-07-29T19:16:34+00:00,150700000003,Cernusco sul Naviglio,0.69710280023203,Connecting road,full,0.0,45.52576863285696,9.334861391479718,dentro_sezione,0.0
2026-07-29T19:16:34+00:00,150700000003,Cernusco sul Naviglio,0.69710280023203,Connecting road,one_side,0.0,45.524771461211785,9.331391066137858,dentro_sezione,0.0
2026-07-29T19:16:34+00:00,151390000003,Mediglia,0.7112179551928244,Major local road,full,0.0,45.40269867414756,9.332973177694676,dentro_sezione,0.0
2026-07-29T19:16:34+00:00,151390000004,Mediglia,0.7585618760948553,Major local road,full,0.0,45.40269867414756,9.332973177694676,dentro_sezione,0.0
2026-07-29T19:16:34+00:00,151390000005,Mediglia,0.7604290822407629,Major local road,one_side,0.0,45.39901575157139,9.328824437964817,dentro_sezione,0.0
2026-07-29T19:16:34+00:00,151390000005,Mediglia,0.7604290822407629,Connecting road,full,0.0,45.39638593209097,9.326481688905965,dentro_sezione,0.0
2026-07-29T19:16:34+00:00,151390000005,Mediglia,0.7604290822407629,Connecting road,one_side,0.0,45.393074928382816,9.32979317581705,dentro_sezione,0.0
2026-07-29T19:16:34+00:00,151390000006,Mediglia,0.7320891064249785,Major local road,full,0.0,45.39695368826313,9.331997118685997,dentro_sezione,0.0
2026-07-29T19:16:34+00:00,151390000005,Mediglia,0.7604290822407629,Major local road,full,0.0,45.39695368826313,9.331997118685997,dentro_sezione,0.0
2026-07-29T19:16:34+00:00,151390000006,Mediglia,0.7320891064249785,Major local road,one_side,0.0,45.39818813703475,9.330293207015123,dentro_sezione,0.0
2026-07-29T19:16:34+00:00,151390000005,Mediglia,0.7604290822407629,Major local road,one_side,0.0,45.39818813703475,9.330293207015123,dentro_sezione,0.0
2026-07-29T19:16:34+00:00,151390000006,Mediglia,0.7320891064249785,Local road,full,0.0,45.39608792001459,9.332509194682364,dentro_sezione,0.0
2026-07-29T19:16:34+00:00,151390000005,Mediglia,0.7604290822407629,Local road,full,0.0,45.39608792001459,9.332509194682364,dentro_sezione,0.0
2026-07-29T19:16:34+00:00,151390000006,Mediglia,0.7320891064249785,Local road,one_side,0.0,45.39326670139134,9.332485365519153,dentro_sezione,0.0
2026-07-29T19:16:34+00:00,151390000005,Mediglia,0.7604290822407629,Local road,one_side,0.0,45.39326670139134,9.332485365519153,dentro_sezione,0.0
2026-07-29T19:16:34+00:00,151390000006,Mediglia,0.7320891064249785,Minor local road,full,0.0,45.39522836417661,9.332302120406032,dentro_sezione,0.0
2026-07-29T19:16:34+00:00,151390000005,Mediglia,0.7604290822407629,Minor local road,full,0.0,45.39522836417661,9.332302120406032,dentro_sezione,0.0
2026-07-29T19:16:34+00:00,151390000005,Mediglia,0.7604290822407629,Minor local road,one_side,0.0,45.39511987030326,9.329358166936347,dentro_sezione,0.0
2026-07-29T19:16:34+00:00,151390000012,Mediglia,0.8052276000196243,Major local road,full,0.0,45.40192324569242,9.33925038288648,dentro_sezione,0.0
2026-07-29T19:16:34+00:00,151390000012,Mediglia,0.8052276000196243,Major local road,one_side,0.0,45.39971558766529,9.340347647666931,dentro_sezione,0.0
2026-07-29T19:16:34+00:00,151720000033,Pessano con Bornago,0.6917868903081323,Connecting road,full,0.015999972820281982,45.55041572423192,9.371239139000421,dentro_sezione,0.0
2026-07-29T19:16:34+00:00,151720000033,Pessano con Bornago,0.6917868903081323,Connecting road,one_side,0.015999972820281982,45.55033484778292,9.365730369032264,dentro_sezione,0.0
2026-07-29T19:16:34+00:00,151720000033,Pessano con Bornago,0.6917868903081323,Connecting road,full,0.0,45.55059665831663,9.371157814996973,dentro_sezione,0.0
2026-07-29T19:16:34+00:00,151720000033,Pessano con Bornago,0.6917868903081323,Connecting road,one_side,0.0,45.55021974388064,9.367007295920512,dentro_sezione,0.0
2026-07-29T19:16:34+00:00,151720000033,Pessano con Bornago,0.6917868903081323,Connecting road,full,0.015999972820281982,45.55041631758116,9.371240246794448,dentro_sezione,0.0
2026-07-29T19:16:34+00:00,151720000033,Pessano con Bornago,0.6917868903081323,Connecting road,one_side,0.015999972820281982,45.55098226320343,9.373434070826693,dentro_sezione,0.0
2026-07-29T19:16:34+00:00,151720000033,Pessano con Bornago,0.6917868903081323,Connecting road,full,0.0,45.54988874345487,9.376154351428905,dentro_sezione,0.0
2026-07-29T19:16:34+00:00,151720000033,Pessano con Bornago,0.6917868903081323,Connecting road,one_side,0.0,45.54911599581319,9.376529026837746,dentro_sezione,0.0
2026-07-29T19:16:34+00:00,151060000002,Gessate,0.7425160242073031,Secondary road,one_side,0.0,45.56467958054513,9.42994085278958,dentro_sezione,0.0
2026-07-29T19:16:34+00:00,151060000002,Gessate,0.7425160242073031,Local road,full,0.0,45.560255313571915,9.432396762804721,dentro_sezione,0.0
2026-07-29T19:16:34+00:00,151060000002,Gessate,0.7425160242073031,Local road,one_side,0.0,45.56454053580137,9.429751142185447,dentro_sezione,0.0
2026-07-29T19:16:34+00:00,151060000001,Gessate,0.6955934512145499,Secondary road,one_side,0.0,45.556528542306786,9.434336921465553,dentro_sezione,0.0
2026-07-29T19:16:34+00:00,151060000002,Gessate,0.7425160242073031,Secondary road,one_side,0.0,45.556528542306786,9.434336921465553,dentro_sezione,0.0
2026-07-29T19:16:34+00:00,151060000001,Gessate,0.6955934512145499,Connecting road,one_side,0.0,45.55590896681553,9.431484338768323,dentro_sezione,0.0
2026-07-29T19:16:34+00:00,151060000024,Gessate,0.7259449304054464,Connecting road,one_side,0.0,45.55590896681553,9.431484338768323,dentro_sezione,0.0
2026-07-29T19:16:34+00:00,151060000001,Gessate,0.6955934512145499,Major local road,one_side,0.0,45.55422279576027,9.432760444383911,dentro_sezione,0.0
2026-07-29T19:16:34+00:00,151060000002,Gessate,0.7425160242073031,Local road,full,0.0,45.560255313571915,9.432396762804721,dentro_sezione,0.0
2026-07-29T19:16:34+00:00,151060000001,Gessate,0.6955934512145499,Local road,one_side,0.0,45.555846588990775,9.43116296524165,dentro_sezione,0.0
2026-07-29T19:16:34+00:00,151060000024,Gessate,0.7259449304054464,Local road,one_side,0.0,45.555846588990775,9.43116296524165,dentro_sezione,0.0
2026-07-29T19:16:34+00:00,151060000002,Gessate,0.7425160242073031,Local road,one_side,0.0,45.555846588990775,9.43116296524165,dentro_sezione,0.0
2026-07-29T19:16:34+00:00,151780000007,Pozzuolo Martesana,0.6870828006360621,Major local road,one_side,0.0,45.5162997071174,9.452851839905524,dentro_sezione,0.0
2026-07-29T19:16:34+00:00,151780000006,Pozzuolo Martesana,0.7249463935793504,Local road,one_side,0.0,45.51383675500905,9.455127776174606,dentro_sezione,0.0
2026-07-29T19:16:34+00:00,151780000010,Pozzuolo Martesana,0.7180720735800431,Local road,one_side,0.0,45.51383675500905,9.455127776174606,dentro_sezione,0.0
2026-07-29T19:16:34+00:00,151780000006,Pozzuolo Martesana,0.7249463935793504,Local road,one_side,0.0,45.51352177880894,9.45403040996121,dentro_sezione,0.0
2026-07-29T19:16:34+00:00,151780000010,Pozzuolo Martesana,0.7180720735800431,Local road,one_side,0.0,45.51352177880894,9.45403040996121,dentro_sezione,0.0
2026-07-29T19:16:34+00:00,151780000010,Pozzuolo Martesana,0.7180720735800431,Connecting road,one_side,0.11799997091293335,45.513282836892785,9.460879415273666,dentro_sezione,0.0
2026-07-29T19:16:34+00:00,151780000010,Pozzuolo Martesana,0.7180720735800431,Connecting road,full,0.0,45.513599351573255,9.460939502465216,dentro_sezione,0.0
2026-07-29T19:16:34+00:00,151780000007,Pozzuolo Martesana,0.6870828006360621,Connecting road,full,0.0,45.513599351573255,9.460939502465216,dentro_sezione,0.0
2026-07-29T19:16:34+00:00,151780000010,Pozzuolo Martesana,0.7180720735800431,Connecting road,one_side,0.0,45.51563230942477,9.465522674635114,dentro_sezione,0.0
2026-07-29T19:16:34+00:00,151780000007,Pozzuolo Martesana,0.6870828006360621,Connecting road,one_side,0.0,45.51563230942477,9.465522674635114,dentro_sezione,0.0
2026-07-29T19:16:34+00:00,151780000010,Pozzuolo Martesana,0.7180720735800431,Major local road,one_side,0.0,45.51532070853119,9.459851812271916,dentro_sezione,0.0
2026-07-29T19:16:34+00:00,151780000007,Pozzuolo Martesana,0.6870828006360621,Major local road,one_side,0.0,45.51532070853119,9.459851812271916,dentro_sezione,0.0
2026-07-29T19:16:34+00:00,151780000006,Pozzuolo Martesana,0.7249463935793504,Local road,one_side,0.0,45.51362060641403,9.459314526874598,dentro_sezione,0.0
2026-07-29T19:16:34+00:00,151780000010,Pozzuolo Martesana,0.7180720735800431,Local road,one_side,0.0,45.51362060641403,9.459314526874598,dentro_sezione,0.0
2026-07-29T19:16:34+00:00,151780000010,Pozzuolo Martesana,0.7180720735800431,Connecting road,one_side,0.11799997091293335,45.50943334498633,9.460071327435866,dentro_sezione,0.0
2026-07-29T19:16:34+00:00,151780000010,Pozzuolo Martesana,0.7180720735800431,Connecting road,full,0.0,45.513599351573255,9.460939502465216,dentro_sezione,0.0
2026-07-29T19:16:34+00:00,151780000007,Pozzuolo Martesana,0.6870828006360621,Connecting road,full,0.0,45.513599351573255,9.460939502465216,dentro_sezione,0.0
2026-07-29T19:16:34+00:00,151780000010,Pozzuolo Martesana,0.7180720735800431,Connecting road,one_side,0.0,45.5126396998471,9.4642381124422,dentro_sezione,0.0
2026-07-29T19:16:34+00:00,151780000007,Pozzuolo Martesana,0.6870828006360621,Connecting road,one_side,0.0,45.5126396998471,9.4642381124422,dentro_sezione,0.0
2026-07-29T19:16:34+00:00,151780000010,Pozzuolo Martesana,0.7180720735800431,Major local road,one_side,0.0,45.514391786615064,9.460879607557235,dentro_sezione,0.0
2026-07-29T19:16:34+00:00,151780000007,Pozzuolo Martesana,0.6870828006360621,Major local road,one_side,0.0,45.514391786615064,9.460879607557235,dentro_sezione,0.0
2026-07-29T19:16:34+00:00,151780000006,Pozzuolo Martesana,0.7249463935793504,Local road,one_side,0.0,45.51362060641403,9.459314526874598,dentro_sezione,0.0
2026-07-29T19:16:34+00:00,151780000010,Pozzuolo Martesana,0.7180720735800431,Local road,one_side,0.0,45.51362060641403,9.459314526874598,dentro_sezione,0.0
2026-07-29T19:16:34+00:00,152240000010,Truccazzano,0.7476905228465803,Connecting road,one_side,0.0,45.463656188833134,9.475532115410585,dentro_sezione,0.0
2026-07-29T19:16:34+00:00,150590000040,Cassano d'Adda,0.8090312749814579,Connecting road,full,0.0,45.50586857074825,9.527646386145808,dentro_sezione,0.0
2026-07-29T19:16:34+00:00,150590000040,Cassano d'Adda,0.8090312749814579,Connecting road,one_side,0.0,45.506227865561726,9.526025437081474,dentro_sezione,0.0
2026-07-29T19:16:34+00:00,150590000040,Cassano d'Adda,0.8090312749814579,Connecting road,full,0.0,45.50465141333191,9.53149248144333,dentro_sezione,0.0
2026-07-29T19:16:34+00:00,150590000040,Cassano d'Adda,0.8090312749814579,Connecting road,one_side,0.0,45.50481444915567,9.530592811924295,dentro_sezione,0.0
2026-07-29T19:16:34+00:00,150990000018,Dairago,0.7297543772564479,Connecting road,one_side,0.0,45.564686052346,8.860306390456056,piu_vicino_esterno,163.7
2026-07-29T19:16:34+00:00,150770000392,Cinisello Balsamo,0.7272782368032968,Connecting road,one_side,0.0,45.57128500494079,9.209350914619835,piu_vicino_esterno,251.1
2026-07-29T19:16:34+00:00,150770000393,Cinisello Balsamo,0.714057724663571,Connecting road,one_side,0.0,45.57128500494079,9.209350914619835,piu_vicino_esterno,263.7
2026-07-29T19:21:01+00:00,151830000004,Robecchetto con Induno,0.7553527057173448,Connecting road,one_side,0.013000011444091797,45.524309750864354,8.772144076986255,dentro_sezione,0.0
2026-07-29T19:21:01+00:00,151830000005,Robecchetto con Induno,0.7359793597243346,Connecting road,one_side,0.013000011444091797,45.524309750864354,8.772144076986255,dentro_sezione,0.0
2026-07-29T19:21:01+00:00,151830000004,Robecchetto con Induno,0.7553527057173448,Connecting road,one_side,0.0,45.52430963400192,8.772143978119097,dentro_sezione,0.0
2026-07-29T19:21:01+00:00,151830000005,Robecchetto con Induno,0.7359793597243346,Connecting road,one_side,0.0,45.52430963400192,8.772143978119097,dentro_sezione,0.0
2026-07-29T19:21:01+00:00,151830000004,Robecchetto con Induno,0.7553527057173448,Major local road,one_side,0.0,45.52593707033944,8.774034097590642,dentro_sezione,0.0
2026-07-29T19:21:01+00:00,151830000005,Robecchetto con Induno,0.7359793597243346,Major local road,one_side,0.0,45.52593707033944,8.774034097590642,dentro_sezione,0.0
2026-07-29T19:21:01+00:00,151830000004,Robecchetto con Induno,0.7553527057173448,Local road,full,0.0,45.52665341304878,8.77813513370993,dentro_sezione,0.0
2026-07-29T19:21:01+00:00,151830000005,Robecchetto con Induno,0.7359793597243346,Local road,full,0.0,45.52665341304878,8.77813513370993,dentro_sezione,0.0
2026-07-29T19:21:01+00:00,151830000004,Robecchetto con Induno,0.7553527057173448,Local road,one_side,0.0,45.52750090024759,8.777482354636556,dentro_sezione,0.0
2026-07-29T19:21:01+00:00,151830000005,Robecchetto con Induno,0.7359793597243346,Local road,one_side,0.0,45.52750090024759,8.777482354636556,dentro_sezione,0.0
2026-07-29T19:21:01+00:00,151830000004,Robecchetto con Induno,0.7553527057173448,Minor local road,one_side,0.0,45.5246629407847,8.777006510696419,dentro_sezione,0.0
2026-07-29T19:21:01+00:00,151830000005,Robecchetto con Induno,0.7359793597243346,Minor local road,one_side,0.0,45.5246629407847,8.777006510696419,dentro_sezione,0.0
2026-07-29T19:21:01+00:00,151830000004,Robecchetto con Induno,0.7553527057173448,Connecting road,one_side,0.013000011444091797,45.52127513594969,8.777697367403958,dentro_sezione,0.0
2026-07-29T19:21:01+00:00,151830000005,Robecchetto con Induno,0.7359793597243346,Connecting road,one_side,0.013000011444091797,45.52127513594969,8.777697367403958,dentro_sezione,0.0
2026-07-29T19:21:01+00:00,151830000004,Robecchetto con Induno,0.7553527057173448,Connecting road,one_side,0.0,45.52127531795456,8.77769623001356,dentro_sezione,0.0
2026-07-29T19:21:01+00:00,151830000005,Robecchetto con Induno,0.7359793597243346,Connecting road,one_side,0.0,45.52127531795456,8.77769623001356,dentro_sezione,0.0
2026-07-29T19:21:01+00:00,151830000004,Robecchetto con Induno,0.7553527057173448,Major local road,one_side,0.0,45.52003006239406,8.771803302455004,dentro_sezione,0.0
2026-07-29T19:21:01+00:00,151830000004,Robecchetto con Induno,0.7553527057173448,Connecting road,one_side,0.013000011444091797,45.52138429939102,8.777471672389858,dentro_sezione,0.0
2026-07-29T19:21:01+00:00,151830000005,Robecchetto con Induno,0.7359793597243346,Connecting road,one_side,0.013000011444091797,45.52138429939102,8.777471672389858,dentro_sezione,0.0
2026-07-29T19:21:01+00:00,151830000004,Robecchetto con Induno,0.7553527057173448,Connecting road,one_side,0.0,45.52138429939102,8.777471672389858,dentro_sezione,0.0
2026-07-29T19:21:01+00:00,151830000005,Robecchetto con Induno,0.7359793597243346,Connecting road,one_side,0.0,45.52138429939102,8.777471672389858,dentro_sezione,0.0
2026-07-29T19:21:01+00:00,151830000005,Robecchetto con Induno,0.7359793597243346,Major local road,full,0.0,45.52572185698712,8.781758926879993,dentro_sezione,0.0
2026-07-29T19:21:01+00:00,151830000004,Robecchetto con Induno,0.7553527057173448,Major local road,one_side,0.0,45.52545606758585,8.783235613334185,dentro_sezione,0.0
2026-07-29T19:21:01+00:00,151830000005,Robecchetto con Induno,0.7359793597243346,Major local road,one_side,0.0,45.52545606758585,8.783235613334185,dentro_sezione,0.0
2026-07-29T19:21:01+00:00,151830000004,Robecchetto con Induno,0.7553527057173448,Local road,full,0.0,45.52665017246545,8.778138354718036,dentro_sezione,0.0
2026-07-29T19:21:01+00:00,151830000005,Robecchetto con Induno,0.7359793597243346,Local road,full,0.0,45.52665017246545,8.778138354718036,dentro_sezione,0.0
2026-07-29T19:21:01+00:00,151830000004,Robecchetto con Induno,0.7553527057173448,Local road,one_side,0.0,45.52614843665075,8.779160738634744,dentro_sezione,0.0
2026-07-29T19:21:01+00:00,151830000005,Robecchetto con Induno,0.7359793597243346,Local road,one_side,0.0,45.52614843665075,8.779160738634744,dentro_sezione,0.0
2026-07-29T19:21:01+00:00,151830000004,Robecchetto con Induno,0.7553527057173448,Minor local road,one_side,0.0,45.524831941765086,8.777906603428388,dentro_sezione,0.0
2026-07-29T19:21:01+00:00,151830000005,Robecchetto con Induno,0.7359793597243346,Minor local road,one_side,0.0,45.524831941765086,8.777906603428388,dentro_sezione,0.0
2026-07-29T19:21:01+00:00,151830000004,Robecchetto con Induno,0.7553527057173448,Connecting road,one_side,0.03600001335144043,45.51569466908661,8.78082641444634,dentro_sezione,0.0
2026-07-29T19:21:01+00:00,151830000005,Robecchetto con Induno,0.7359793597243346,Connecting road,one_side,0.03600001335144043,45.51569466908661,8.78082641444634,dentro_sezione,0.0
2026-07-29T19:21:01+00:00,151830000004,Robecchetto con Induno,0.7553527057173448,Connecting road,one_side,0.013000011444091797,45.520159671999686,8.779027227612238,dentro_sezione,0.0
2026-07-29T19:21:01+00:00,151830000005,Robecchetto con Induno,0.7359793597243346,Connecting road,one_side,0.013000011444091797,45.520159671999686,8.779027227612238,dentro_sezione,0.0
2026-07-29T19:21:01+00:00,151830000004,Robecchetto con Induno,0.7553527057173448,Connecting road,one_side,0.0,45.51795214668866,8.779916735038066,dentro_sezione,0.0
2026-07-29T19:21:01+00:00,151830000005,Robecchetto con Induno,0.7359793597243346,Connecting road,one_side,0.0,45.51795214668866,8.779916735038066,dentro_sezione,0.0
2026-07-29T19:21:01+00:00,151830000004,Robecchetto con Induno,0.7553527057173448,Major local road,one_side,0.0,45.52129064980628,8.777203055737562,dentro_sezione,0.0
2026-07-29T19:21:01+00:00,150990000004,Dairago,0.7676872328697544,Connecting road,one_side,0.0,45.559969756077514,8.855855576146451,dentro_sezione,0.0
2026-07-29T19:21:01+00:00,150990000005,Dairago,0.7542589327199739,Connecting road,one_side,0.0,45.559969756077514,8.855855576146451,dentro_sezione,0.0
2026-07-29T19:21:01+00:00,150990000006,Dairago,0.7709685518618672,Secondary road,one_side,0.710999995470047,45.5777463162237,8.860049850307782,dentro_sezione,0.0
2026-07-29T19:21:01+00:00,150990000006,Dairago,0.7709685518618672,Secondary road,one_side,0.6480000019073486,45.577741311180816,8.860052659197983,dentro_sezione,0.0
2026-07-29T19:21:01+00:00,150990000006,Dairago,0.7709685518618672,Secondary road,one_side,0.2149999737739563,45.57550377845801,8.861572145141743,dentro_sezione,0.0
2026-07-29T19:21:01+00:00,150990000006,Dairago,0.7709685518618672,Secondary road,one_side,0.09799998998641968,45.57550593488915,8.861569898674606,dentro_sezione,0.0
2026-07-29T19:21:01+00:00,150990000006,Dairago,0.7709685518618672,Secondary road,one_side,0.710999995470047,45.576270458340744,8.861078470945358,dentro_sezione,0.0
2026-07-29T19:21:01+00:00,150990000006,Dairago,0.7709685518618672,Secondary road,one_side,0.6480000019073486,45.576266444336554,8.861078712573057,dentro_sezione,0.0
2026-07-29T19:21:01+00:00,150990000006,Dairago,0.7709685518618672,Secondary road,full,0.2149999737739563,45.574130222271364,8.862384773534133,dentro_sezione,0.0
2026-07-29T19:21:01+00:00,150990000006,Dairago,0.7709685518618672,Secondary road,one_side,0.2149999737739563,45.5752231718279,8.861740512995713,dentro_sezione,0.0
2026-07-29T19:21:01+00:00,150990000006,Dairago,0.7709685518618672,Secondary road,full,0.09799998998641968,45.57413880688018,8.862438694596689,dentro_sezione,0.0
2026-07-29T19:21:01+00:00,150990000006,Dairago,0.7709685518618672,Secondary road,one_side,0.09799998998641968,45.575225457456405,8.86173846888984,dentro_sezione,0.0
2026-07-29T19:21:01+00:00,150990000006,Dairago,0.7709685518618672,Secondary road,full,0.0,45.57386472233244,8.862566283510171,dentro_sezione,0.0
2026-07-29T19:21:01+00:00,150990000005,Dairago,0.7542589327199739,Secondary road,one_side,0.0,45.57043341609905,8.864191937538157,dentro_sezione,0.0
2026-07-29T19:21:01+00:00,150990000001,Dairago,0.7159220448648945,Secondary road,one_side,0.0,45.57043341609905,8.864191937538157,dentro_sezione,0.0
2026-07-29T19:21:01+00:00,150990000002,Dairago,0.6942688026504515,Secondary road,one_side,0.0,45.57043341609905,8.864191937538157,dentro_sezione,0.0
2026-07-29T19:21:01+00:00,150990000006,Dairago,0.7709685518618672,Secondary road,one_side,0.0,45.57043341609905,8.864191937538157,dentro_sezione,0.0
2026-07-29T19:21:01+00:00,150990000005,Dairago,0.7542589327199739,Connecting road,one_side,0.0,45.56869535247887,8.862106087174277,dentro_sezione,0.0
2026-07-29T19:21:01+00:00,150990000001,Dairago,0.7159220448648945,Connecting road,one_side,0.0,45.56869535247887,8.862106087174277,dentro_sezione,0.0
2026-07-29T19:21:01+00:00,150990000002,Dairago,0.6942688026504515,Connecting road,one_side,0.0,45.56869535247887,8.862106087174277,dentro_sezione,0.0
2026-07-29T19:21:01+00:00,150990000006,Dairago,0.7709685518618672,Connecting road,one_side,0.0,45.56869535247887,8.862106087174277,dentro_sezione,0.0
2026-07-29T19:21:01+00:00,150990000005,Dairago,0.7542589327199739,Local road,full,0.0,45.57115044782316,8.861418408582644,dentro_sezione,0.0
2026-07-29T19:21:01+00:00,150990000006,Dairago,0.7709685518618672,Local road,full,0.0,45.57115044782316,8.861418408582644,dentro_sezione,0.0
2026-07-29T19:21:01+00:00,150990000005,Dairago,0.7542589327199739,Local road,one_side,0.0,45.57092412688219,8.861752614264068,dentro_sezione,0.0
2026-07-29T19:21:01+00:00,150990000006,Dairago,0.7709685518618672,Local road,one_side,0.0,45.57092412688219,8.861752614264068,dentro_sezione,0.0
2026-07-29T19:21:01+00:00,150990000006,Dairago,0.7709685518618672,Minor local road,full,0.0,45.57390108315492,8.862335085868835,dentro_sezione,0.0
2026-07-29T19:21:01+00:00,150990000006,Dairago,0.7709685518618672,Minor local road,one_side,0.0,45.57342910946712,8.861447226380976,dentro_sezione,0.0
2026-07-29T19:21:01+00:00,150990000004,Dairago,0.7676872328697544,Secondary road,one_side,0.0,45.566099571560876,8.865997052469073,dentro_sezione,0.0
2026-07-29T19:21:01+00:00,150990000001,Dairago,0.7159220448648945,Secondary road,one_side,0.0,45.566099571560876,8.865997052469073,dentro_sezione,0.0
2026-07-29T19:21:01+00:00,150990000002,Dairago,0.6942688026504515,Secondary road,one_side,0.0,45.566099571560876,8.865997052469073,dentro_sezione,0.0
2026-07-29T19:21:01+00:00,150990000004,Dairago,0.7676872328697544,Connecting road,full,0.0,45.56559331224461,8.864327222945509,dentro_sezione,0.0
2026-07-29T19:21:01+00:00,150990000005,Dairago,0.7542589327199739,Connecting road,full,0.0,45.56559331224461,8.864327222945509,dentro_sezione,0.0
2026-07-29T19:21:01+00:00,150990000001,Dairago,0.7159220448648945,Connecting road,full,0.0,45.56559331224461,8.864327222945509,dentro_sezione,0.0
2026-07-29T19:21:01+00:00,150990000002,Dairago,0.6942688026504515,Connecting road,full,0.0,45.56559331224461,8.864327222945509,dentro_sezione,0.0
2026-07-29T19:21:01+00:00,150990000004,Dairago,0.7676872328697544,Connecting road,one_side,0.0,45.564686052346,8.860306390456056,dentro_sezione,0.0
2026-07-29T19:21:01+00:00,150990000005,Dairago,0.7542589327199739,Connecting road,one_side,0.0,45.564686052346,8.860306390456056,dentro_sezione,0.0
2026-07-29T19:21:01+00:00,150990000001,Dairago,0.7159220448648945,Connecting road,one_side,0.0,45.564686052346,8.860306390456056,dentro_sezione,0.0
2026-07-29T19:21:01+00:00,150990000002,Dairago,0.6942688026504515,Connecting road,one_side,0.0,45.564686052346,8.860306390456056,dentro_sezione,0.0
2026-07-29T19:21:01+00:00,150990000004,Dairago,0.7676872328697544,Major local road,one_side,0.0,45.563239021472114,8.860581830730837,dentro_sezione,0.0
2026-07-29T19:21:01+00:00,150990000005,Dairago,0.7542589327199739,Major local road,one_side,0.0,45.563239021472114,8.860581830730837,dentro_sezione,0.0
2026-07-29T19:21:01+00:00,150990000001,Dairago,0.7159220448648945,Secondary road,one_side,0.0,45.567936262877204,8.86530759774731,dentro_sezione,0.0
2026-07-29T19:21:01+00:00,150990000002,Dairago,0.6942688026504515,Secondary road,one_side,0.0,45.567936262877204,8.86530759774731,dentro_sezione,0.0
2026-07-29T19:21:01+00:00,150990000004,Dairago,0.7676872328697544,Secondary road,one_side,0.0,45.564009304627184,8.866927104572802,dentro_sezione,0.0
2026-07-29T19:21:01+00:00,150990000001,Dairago,0.7159220448648945,Secondary road,one_side,0.0,45.564009304627184,8.866927104572802,dentro_sezione,0.0
2026-07-29T19:21:01+00:00,150990000002,Dairago,0.6942688026504515,Secondary road,one_side,0.0,45.564009304627184,8.866927104572802,dentro_sezione,0.0
2026-07-29T19:21:01+00:00,150990000004,Dairago,0.7676872328697544,Connecting road,full,0.0,45.566236844428026,8.865384249111933,dentro_sezione,0.0
2026-07-29T19:21:01+00:00,150990000001,Dairago,0.7159220448648945,Connecting road,full,0.0,45.566236844428026,8.865384249111933,dentro_sezione,0.0
2026-07-29T19:21:01+00:00,150990000002,Dairago,0.6942688026504515,Connecting road,full,0.0,45.566236844428026,8.865384249111933,dentro_sezione,0.0
2026-07-29T19:21:01+00:00,150990000004,Dairago,0.7676872328697544,Connecting road,one_side,0.0,45.565772277047955,8.87122243071949,dentro_sezione,0.0
2026-07-29T19:21:01+00:00,150990000001,Dairago,0.7159220448648945,Connecting road,one_side,0.0,45.565772277047955,8.87122243071949,dentro_sezione,0.0
2026-07-29T19:21:01+00:00,150990000002,Dairago,0.6942688026504515,Connecting road,one_side,0.0,45.565772277047955,8.87122243071949,dentro_sezione,0.0
2026-07-29T19:21:01+00:00,151840000003,Robecco sul Naviglio,0.7196016242096119,Secondary road,full,0.0,45.43738004527872,8.884716475393938,dentro_sezione,0.0
2026-07-29T19:21:01+00:00,151840000006,Robecco sul Naviglio,0.7230185825971769,Secondary road,full,0.0,45.43738004527872,8.884716475393938,dentro_sezione,0.0
2026-07-29T19:21:01+00:00,151840000004,Robecco sul Naviglio,0.7107590900039538,Secondary road,full,0.0,45.43738004527872,8.884716475393938,dentro_sezione,0.0
2026-07-29T19:21:01+00:00,151840000006,Robecco sul Naviglio,0.7230185825971769,Secondary road,one_side,0.0,45.441021454681305,8.886726811167174,dentro_sezione,0.0
2026-07-29T19:21:01+00:00,151840000004,Robecco sul Naviglio,0.7107590900039538,Secondary road,one_side,0.0,45.441021454681305,8.886726811167174,dentro_sezione,0.0
2026-07-29T19:21:01+00:00,151840000004,Robecco sul Naviglio,0.7107590900039538,Connecting road,one_side,0.0,45.44215302778418,8.881694311544635,dentro_sezione,0.0
2026-07-29T19:21:01+00:00,151840000008,Robecco sul Naviglio,0.7257111688941349,Connecting road,one_side,0.0,45.44215302778418,8.881694311544635,dentro_sezione,0.0
2026-07-29T19:21:01+00:00,151840000008,Robecco sul Naviglio,0.7257111688941349,Minor local road,one_side,0.0,45.44305633774382,8.87880615453956,dentro_sezione,0.0
2026-07-29T19:21:01+00:00,151840000003,Robecco sul Naviglio,0.7196016242096119,Secondary road,full,0.0,45.436020247875916,8.88427360275287,dentro_sezione,0.0
2026-07-29T19:21:01+00:00,151840000006,Robecco sul Naviglio,0.7230185825971769,Secondary road,full,0.0,45.436020247875916,8.88427360275287,dentro_sezione,0.0
2026-07-29T19:21:01+00:00,151840000004,Robecco sul Naviglio,0.7107590900039538,Secondary road,full,0.0,45.436020247875916,8.88427360275287,dentro_sezione,0.0
2026-07-29T19:21:01+00:00,151840000003,Robecco sul Naviglio,0.7196016242096119,Secondary road,one_side,0.0,45.432741752237355,8.885387574658592,dentro_sezione,0.0
2026-07-29T19:21:01+00:00,151840000006,Robecco sul Naviglio,0.7230185825971769,Secondary road,one_side,0.0,45.432741752237355,8.885387574658592,dentro_sezione,0.0
2026-07-29T19:21:01+00:00,151840000004,Robecco sul Naviglio,0.7107590900039538,Secondary road,one_side,0.0,45.432741752237355,8.885387574658592,dentro_sezione,0.0
2026-07-29T19:21:01+00:00,151840000003,Robecco sul Naviglio,0.7196016242096119,Connecting road,full,0.0,45.434818033444905,8.888212023960996,dentro_sezione,0.0
2026-07-29T19:21:01+00:00,151840000004,Robecco sul Naviglio,0.7107590900039538,Connecting road,full,0.0,45.434818033444905,8.888212023960996,dentro_sezione,0.0
2026-07-29T19:21:01+00:00,151840000003,Robecco sul Naviglio,0.7196016242096119,Connecting road,one_side,0.0,45.43218495639539,8.879627085051737,dentro_sezione,0.0
2026-07-29T19:21:01+00:00,151840000006,Robecco sul Naviglio,0.7230185825971769,Connecting road,one_side,0.0,45.43218495639539,8.879627085051737,dentro_sezione,0.0
2026-07-29T19:21:01+00:00,150410000011,Busto Garolfo,0.7031690557477914,Major local road,one_side,0.0,45.547462481839126,8.892937891739695,dentro_sezione,0.0
2026-07-29T19:21:01+00:00,150410000011,Busto Garolfo,0.7031690557477914,Local road,one_side,0.0,45.54847842090824,8.888772558313534,dentro_sezione,0.0
2026-07-29T19:21:01+00:00,150410000011,Busto Garolfo,0.7031690557477914,Connecting road,one_side,0.0,45.54197439189159,8.89465136982906,dentro_sezione,0.0
2026-07-29T19:21:01+00:00,150410000011,Busto Garolfo,0.7031690557477914,Major local road,one_side,0.0,45.544562915692,8.895608895264767,dentro_sezione,0.0
2026-07-29T19:21:01+00:00,150410000011,Busto Garolfo,0.7031690557477914,Local road,one_side,0.0,45.540993787214255,8.89150577347488,dentro_sezione,0.0
2026-07-29T19:21:01+00:00,151840000003,Robecco sul Naviglio,0.7196016242096119,Secondary road,full,0.0,45.43673429376078,8.88704731701488,dentro_sezione,0.0
2026-07-29T19:21:01+00:00,151840000004,Robecco sul Naviglio,0.7107590900039538,Secondary road,full,0.0,45.43673429376078,8.88704731701488,dentro_sezione,0.0
2026-07-29T19:21:01+00:00,151840000004,Robecco sul Naviglio,0.7107590900039538,Secondary road,one_side,0.0,45.44129080099548,8.887639896752052,dentro_sezione,0.0
2026-07-29T19:21:01+00:00,151840000003,Robecco sul Naviglio,0.7196016242096119,Secondary road,full,0.0,45.43465511634912,8.88814045588459,dentro_sezione,0.0
2026-07-29T19:21:01+00:00,151840000004,Robecco sul Naviglio,0.7107590900039538,Secondary road,full,0.0,45.43465511634912,8.88814045588459,dentro_sezione,0.0
2026-07-29T19:21:01+00:00,151840000003,Robecco sul Naviglio,0.7196016242096119,Connecting road,full,0.0,45.433208070156475,8.889242619884701,dentro_sezione,0.0
2026-07-29T19:21:01+00:00,151840000004,Robecco sul Naviglio,0.7107590900039538,Connecting road,full,0.0,45.433208070156475,8.889242619884701,dentro_sezione,0.0
2026-07-29T19:21:01+00:00,150720000017,Cerro Maggiore,0.6999223680906879,Secondary road,one_side,0.0,45.59469927159379,8.956787134794192,dentro_sezione,0.0
2026-07-29T19:21:01+00:00,150720000017,Cerro Maggiore,0.6999223680906879,Secondary road,full,0.0,45.58848035915598,8.9642983740158,dentro_sezione,0.0
2026-07-29T19:21:01+00:00,150720000017,Cerro Maggiore,0.6999223680906879,Secondary road,one_side,0.0,45.59053028893129,8.961361051470247,dentro_sezione,0.0
2026-07-29T19:21:01+00:00,150720000017,Cerro Maggiore,0.6999223680906879,Major local road,one_side,0.0,45.58829146872337,8.959288092130175,dentro_sezione,0.0
2026-07-29T19:21:01+00:00,150720000017,Cerro Maggiore,0.6999223680906879,Secondary road,full,0.0,45.58756210472569,8.966193376164924,dentro_sezione,0.0
2026-07-29T19:21:01+00:00,150720000017,Cerro Maggiore,0.6999223680906879,Secondary road,one_side,0.0,45.58536762844651,8.971044060006122,dentro_sezione,0.0
2026-07-29T19:21:01+00:00,150720000017,Cerro Maggiore,0.6999223680906879,Connecting road,one_side,0.0,45.58803245184286,8.973497377206987,dentro_sezione,0.0
2026-07-29T19:21:01+00:00,150220000001,Besate,0.8066359409766615,Secondary road,full,0.0,45.31397405974819,8.970680438795323,dentro_sezione,0.0
2026-07-29T19:21:01+00:00,150220000002,Besate,0.8457837792598706,Secondary road,full,0.0,45.31397405974819,8.970680438795323,dentro_sezione,0.0
2026-07-29T19:21:01+00:00,150220000001,Besate,0.8066359409766615,Secondary road,one_side,0.0,45.31693428516195,8.970520214464711,dentro_sezione,0.0
2026-07-29T19:21:01+00:00,150220000002,Besate,0.8457837792598706,Secondary road,one_side,0.0,45.31693428516195,8.970520214464711,dentro_sezione,0.0
2026-07-29T19:21:01+00:00,150220000001,Besate,0.8066359409766615,Secondary road,full,0.0,45.31230807897691,8.970803137994647,dentro_sezione,0.0
2026-07-29T19:21:01+00:00,150220000002,Besate,0.8457837792598706,Secondary road,full,0.0,45.31230807897691,8.970803137994647,dentro_sezione,0.0
2026-07-29T19:21:01+00:00,150220000001,Besate,0.8066359409766615,Secondary road,one_side,0.0,45.30850050611067,8.971050499191625,dentro_sezione,0.0
2026-07-29T19:21:01+00:00,150220000002,Besate,0.8457837792598706,Secondary road,one_side,0.0,45.30850050611067,8.971050499191625,dentro_sezione,0.0
2026-07-29T19:21:01+00:00,150220000002,Besate,0.8457837792598706,Connecting road,one_side,0.0,45.31011677645614,8.97243897841263,dentro_sezione,0.0
2026-07-29T19:21:01+00:00,151030000093,Gaggiano,0.7171341415902132,Connecting road,full,0.0,45.37753558005545,9.02820117450363,dentro_sezione,0.0
2026-07-29T19:21:01+00:00,151030000093,Gaggiano,0.7171341415902132,Connecting road,one_side,0.0,45.37922478434031,9.025526004065227,dentro_sezione,0.0
2026-07-29T19:21:01+00:00,152360000001,Vernate,0.7404237143838364,Major road,full,0.0,45.33115422928388,9.051982675890759,dentro_sezione,0.0
2026-07-29T19:21:01+00:00,152360000001,Vernate,0.7404237143838364,Major road,one_side,0.0,45.333667378972784,9.04899330877629,dentro_sezione,0.0
2026-07-29T19:21:01+00:00,152360000001,Vernate,0.7404237143838364,Secondary road,full,0.0,45.33085582197837,9.05174506782142,dentro_sezione,0.0
2026-07-29T19:21:01+00:00,152360000001,Vernate,0.7404237143838364,Secondary road,one_side,0.0,45.3294711922926,9.049540764120502,dentro_sezione,0.0
2026-07-29T19:21:01+00:00,152360000004,Vernate,0.7248915606322527,Connecting road,full,0.0,45.31713370461864,9.060332435953853,dentro_sezione,0.0
2026-07-29T19:21:01+00:00,152360000004,Vernate,0.7248915606322527,Connecting road,one_side,0.0,45.31685556517416,9.058201381824388,dentro_sezione,0.0
2026-07-29T19:21:01+00:00,150270000044,Bollate,0.7092237674852166,Connecting road,full,0.0,45.551101576535864,9.141299958119559,dentro_sezione,0.0
2026-07-29T19:21:01+00:00,150270000044,Bollate,0.7092237674852166,Connecting road,one_side,0.0,45.54765211863531,9.13664998664483,dentro_sezione,0.0
2026-07-29T19:21:01+00:00,150270000044,Bollate,0.7092237674852166,Local road,full,0.0,45.5486136227763,9.137978497546188,dentro_sezione,0.0
2026-07-29T19:21:01+00:00,150270000044,Bollate,0.7092237674852166,Local road,one_side,0.0,45.54824986471238,9.135017346615326,dentro_sezione,0.0
2026-07-29T19:21:01+00:00,150270000046,Bollate,0.7233042911110021,Motorway,full,0.0,45.548637494915916,9.147269678190169,dentro_sezione,0.0
2026-07-29T19:21:01+00:00,150270000046,Bollate,0.7233042911110021,Secondary road,full,0.0,45.55070810723628,9.146664038825996,dentro_sezione,0.0
2026-07-29T19:21:01+00:00,150270000044,Bollate,0.7092237674852166,Connecting road,full,0.0,45.55017918548694,9.146031515963527,dentro_sezione,0.0
2026-07-29T19:21:01+00:00,150270000046,Bollate,0.7233042911110021,Connecting road,one_side,0.0,45.54844611685997,9.144391397351994,dentro_sezione,0.0
2026-07-29T19:21:01+00:00,150270000044,Bollate,0.7092237674852166,Connecting road,one_side,0.0,45.54844611685997,9.144391397351994,dentro_sezione,0.0
2026-07-29T19:21:01+00:00,150270000046,Bollate,0.7233042911110021,Major local road,one_side,0.0,45.547104666833036,9.147278688778757,dentro_sezione,0.0
2026-07-29T19:21:01+00:00,150270000044,Bollate,0.7092237674852166,Local road,full,0.0,45.549132817135515,9.14128879881228,dentro_sezione,0.0
2026-07-29T19:21:01+00:00,150270000044,Bollate,0.7092237674852166,Local road,one_side,0.0,45.55087472061718,9.140988204592569,dentro_sezione,0.0
2026-07-29T19:21:01+00:00,151660000079,Paderno Dugnano,0.7118644067796609,Major local road,full,0.0,45.57182786079618,9.158215086509971,dentro_sezione,0.0
2026-07-29T19:21:01+00:00,151660000079,Paderno Dugnano,0.7118644067796609,Major local road,one_side,0.0,45.57115547810489,9.15556725583581,dentro_sezione,0.0
2026-07-29T19:21:01+00:00,151660000079,Paderno Dugnano,0.7118644067796609,Local road,one_side,0.0,45.5697584120831,9.154184216067337,dentro_sezione,0.0
2026-07-29T19:21:01+00:00,151660000079,Paderno Dugnano,0.7118644067796609,Minor local road,full,0.0,45.569569956181454,9.157563682162007,dentro_sezione,0.0
2026-07-29T19:21:01+00:00,151660000079,Paderno Dugnano,0.7118644067796609,Major local road,full,0.0,45.56765660396396,9.16061173142433,dentro_sezione,0.0
2026-07-29T19:21:01+00:00,150770000455,Cinisello Balsamo,0.7342939680872247,Connecting road,full,0.0,45.5628198241358,9.20016664943403,dentro_sezione,0.0
2026-07-29T19:21:01+00:00,150770000308,Cinisello Balsamo,0.7375002525201512,Connecting road,full,0.0,45.5628198241358,9.20016664943403,dentro_sezione,0.0
2026-07-29T19:21:01+00:00,150770000455,Cinisello Balsamo,0.7342939680872247,Local road,one_side,0.0,45.56207030894774,9.204732755630442,dentro_sezione,0.0
2026-07-29T19:21:01+00:00,150770000308,Cinisello Balsamo,0.7375002525201512,Connecting road,one_side,0.0,45.57128500494079,9.209350914619835,dentro_sezione,0.0
2026-07-29T19:21:01+00:00,150770000310,Cinisello Balsamo,0.7121097120693088,Connecting road,one_side,0.0,45.57128500494079,9.209350914619835,dentro_sezione,0.0
2026-07-29T19:21:01+00:00,150770000370,Cinisello Balsamo,0.7379158285402604,Connecting road,one_side,0.0,45.57128500494079,9.209350914619835,dentro_sezione,0.0
2026-07-29T19:21:01+00:00,150770000370,Cinisello Balsamo,0.7379158285402604,Major local road,full,0.0,45.57139631159235,9.211628724443395,dentro_sezione,0.0
2026-07-29T19:21:01+00:00,150770000370,Cinisello Balsamo,0.7379158285402604,Major local road,one_side,0.0,45.57015685476648,9.213783784528827,dentro_sezione,0.0
2026-07-29T19:21:01+00:00,150770000308,Cinisello Balsamo,0.7375002525201512,Local road,full,0.0,45.56759310544539,9.21333004495521,dentro_sezione,0.0
2026-07-29T19:21:01+00:00,150770000455,Cinisello Balsamo,0.7342939680872247,Connecting road,full,0.0,45.565241334929205,9.208139213088042,dentro_sezione,0.0
2026-07-29T19:21:01+00:00,150770000308,Cinisello Balsamo,0.7375002525201512,Connecting road,full,0.0,45.565241334929205,9.208139213088042,dentro_sezione,0.0
2026-07-29T19:21:01+00:00,150770000308,Cinisello Balsamo,0.7375002525201512,Connecting road,one_side,0.0,45.567370928132085,9.210477903628986,dentro_sezione,0.0
2026-07-29T19:21:01+00:00,150770000310,Cinisello Balsamo,0.7121097120693088,Connecting road,one_side,0.0,45.567370928132085,9.210477903628986,dentro_sezione,0.0
2026-07-29T19:21:01+00:00,150770000308,Cinisello Balsamo,0.7375002525201512,Local road,full,0.0,45.56347293827522,9.21264285160202,dentro_sezione,0.0
2026-07-29T19:21:01+00:00,150770000455,Cinisello Balsamo,0.7342939680872247,Local road,one_side,0.0,45.56390554361116,9.211470433101258,dentro_sezione,0.0
2026-07-29T19:21:01+00:00,150770000308,Cinisello Balsamo,0.7375002525201512,Local road,one_side,0.0,45.56390554361116,9.211470433101258,dentro_sezione,0.0
2026-07-29T19:21:01+00:00,151590000022,Opera,0.730949158314262,Secondary road,full,0.0,45.40232137581589,9.209133230722834,dentro_sezione,0.0
2026-07-29T19:21:01+00:00,151460002842,Milano,0.741696415945421,Secondary road,full,0.0,45.40232137581589,9.209133230722834,dentro_sezione,0.0
2026-07-29T19:21:01+00:00,151590000022,Opera,0.730949158314262,Secondary road,full,0.0,45.39225546547591,9.211072481355576,dentro_sezione,0.0
2026-07-29T19:21:01+00:00,151460002842,Milano,0.741696415945421,Secondary road,full,0.0,45.39225546547591,9.211072481355576,dentro_sezione,0.0
2026-07-29T19:21:01+00:00,151590000022,Opera,0.730949158314262,Minor local road,full,0.0,45.39381965364314,9.211481553911986,dentro_sezione,0.0
2026-07-29T19:21:01+00:00,151590000014,Opera,0.7350933747370183,Minor local road,full,0.0,45.39381965364314,9.211481553911986,dentro_sezione,0.0
2026-07-29T19:21:01+00:00,151590000013,Opera,0.7339534266263019,Minor local road,one_side,0.0,45.39336750739379,9.211614956889422,dentro_sezione,0.0
2026-07-29T19:21:01+00:00,151590000022,Opera,0.730949158314262,Minor local road,one_side,0.0,45.39336750739379,9.211614956889422,dentro_sezione,0.0
2026-07-29T19:21:01+00:00,151590000014,Opera,0.7350933747370183,Minor local road,one_side,0.0,45.39336750739379,9.211614956889422,dentro_sezione,0.0
2026-07-29T19:21:01+00:00,151460002739,Milano,0.7105830473843242,Local road,one_side,0.0,45.416399000279455,9.239352252220206,dentro_sezione,0.0
2026-07-29T19:21:01+00:00,151460002738,Milano,0.694095645975406,Local road,one_side,0.0,45.416399000279455,9.239352252220206,dentro_sezione,0.0
2026-07-29T19:21:01+00:00,151460002739,Milano,0.7105830473843242,Local road,one_side,0.0,45.41530469682335,9.241945604240724,dentro_sezione,0.0
2026-07-29T19:21:01+00:00,151460002738,Milano,0.694095645975406,Local road,one_side,0.0,45.41530469682335,9.241945604240724,dentro_sezione,0.0
2026-07-29T19:21:01+00:00,150700000003,Cernusco sul Naviglio,0.69710280023203,Connecting road,full,0.0,45.526320116081415,9.322236627355936,dentro_sezione,0.0
2026-07-29T19:21:01+00:00,150700000003,Cernusco sul Naviglio,0.69710280023203,Connecting road,one_side,0.0,45.52385482525997,9.32355774741958,dentro_sezione,0.0
2026-07-29T19:21:01+00:00,151390000001,Mediglia,0.726435540984742,Connecting road,one_side,0.0,45.40120559797648,9.320046818976916,dentro_sezione,0.0
2026-07-29T19:21:01+00:00,151390000003,Mediglia,0.7112179551928244,Major local road,full,0.0,45.40140869376171,9.325048126419558,dentro_sezione,0.0
2026-07-29T19:21:01+00:00,151390000004,Mediglia,0.7585618760948553,Major local road,full,0.0,45.40140869376171,9.325048126419558,dentro_sezione,0.0
2026-07-29T19:21:01+00:00,151390000001,Mediglia,0.726435540984742,Major local road,full,0.0,45.40140869376171,9.325048126419558,dentro_sezione,0.0
2026-07-29T19:21:01+00:00,151390000003,Mediglia,0.7112179551928244,Major local road,one_side,0.0,45.400344667152524,9.325511649512542,dentro_sezione,0.0
2026-07-29T19:21:01+00:00,151390000001,Mediglia,0.726435540984742,Major local road,one_side,0.0,45.400344667152524,9.325511649512542,dentro_sezione,0.0
2026-07-29T19:21:01+00:00,151390000001,Mediglia,0.726435540984742,Minor local road,one_side,0.0,45.4006120470024,9.322143495082855,dentro_sezione,0.0
2026-07-29T19:21:01+00:00,151390000005,Mediglia,0.7604290822407629,Connecting road,full,0.0,45.3963907308835,9.326313621966435,dentro_sezione,0.0
2026-07-29T19:21:01+00:00,151390000005,Mediglia,0.7604290822407629,Connecting road,one_side,0.0,45.39679434052438,9.32338812732594,dentro_sezione,0.0
2026-07-29T19:21:01+00:00,151390000005,Mediglia,0.7604290822407629,Local road,one_side,0.0,45.396140404746596,9.327497611614783,dentro_sezione,0.0
2026-07-29T19:21:01+00:00,151390000005,Mediglia,0.7604290822407629,Minor local road,one_side,0.0,45.39511055682533,9.328355728091662,dentro_sezione,0.0
2026-07-29T19:21:01+00:00,150700000003,Cernusco sul Naviglio,0.69710280023203,Connecting road,full,0.0,45.52576863285696,9.334861391479718,dentro_sezione,0.0
2026-07-29T19:21:01+00:00,150700000003,Cernusco sul Naviglio,0.69710280023203,Connecting road,one_side,0.0,45.524771461211785,9.331391066137858,dentro_sezione,0.0
2026-07-29T19:21:01+00:00,151390000003,Mediglia,0.7112179551928244,Major local road,full,0.0,45.40269867414756,9.332973177694676,dentro_sezione,0.0
2026-07-29T19:21:01+00:00,151390000004,Mediglia,0.7585618760948553,Major local road,full,0.0,45.40269867414756,9.332973177694676,dentro_sezione,0.0
2026-07-29T19:21:01+00:00,151390000005,Mediglia,0.7604290822407629,Major local road,one_side,0.0,45.39901575157139,9.328824437964817,dentro_sezione,0.0
2026-07-29T19:21:01+00:00,151390000005,Mediglia,0.7604290822407629,Connecting road,full,0.0,45.39638593209097,9.326481688905965,dentro_sezione,0.0
2026-07-29T19:21:01+00:00,151390000005,Mediglia,0.7604290822407629,Connecting road,one_side,0.0,45.393074928382816,9.32979317581705,dentro_sezione,0.0
2026-07-29T19:21:01+00:00,151390000006,Mediglia,0.7320891064249785,Major local road,full,0.0,45.39695368826313,9.331997118685997,dentro_sezione,0.0
2026-07-29T19:21:01+00:00,151390000005,Mediglia,0.7604290822407629,Major local road,full,0.0,45.39695368826313,9.331997118685997,dentro_sezione,0.0
2026-07-29T19:21:01+00:00,151390000006,Mediglia,0.7320891064249785,Major local road,one_side,0.0,45.39818813703475,9.330293207015123,dentro_sezione,0.0
2026-07-29T19:21:01+00:00,151390000005,Mediglia,0.7604290822407629,Major local road,one_side,0.0,45.39818813703475,9.330293207015123,dentro_sezione,0.0
2026-07-29T19:21:01+00:00,151390000006,Mediglia,0.7320891064249785,Local road,full,0.0,45.39608792001459,9.332509194682364,dentro_sezione,0.0
2026-07-29T19:21:01+00:00,151390000005,Mediglia,0.7604290822407629,Local road,full,0.0,45.39608792001459,9.332509194682364,dentro_sezione,0.0
2026-07-29T19:21:01+00:00,151390000006,Mediglia,0.7320891064249785,Local road,one_side,0.0,45.39326670139134,9.332485365519153,dentro_sezione,0.0
2026-07-29T19:21:01+00:00,151390000005,Mediglia,0.7604290822407629,Local road,one_side,0.0,45.39326670139134,9.332485365519153,dentro_sezione,0.0
2026-07-29T19:21:01+00:00,151390000006,Mediglia,0.7320891064249785,Minor local road,full,0.0,45.39522836417661,9.332302120406032,dentro_sezione,0.0
2026-07-29T19:21:01+00:00,151390000005,Mediglia,0.7604290822407629,Minor local road,full,0.0,45.39522836417661,9.332302120406032,dentro_sezione,0.0
2026-07-29T19:21:01+00:00,151390000005,Mediglia,0.7604290822407629,Minor local road,one_side,0.0,45.39511987030326,9.329358166936347,dentro_sezione,0.0
2026-07-29T19:21:01+00:00,151390000012,Mediglia,0.8052276000196243,Major local road,full,0.0,45.40192324569242,9.33925038288648,dentro_sezione,0.0
2026-07-29T19:21:01+00:00,151390000012,Mediglia,0.8052276000196243,Major local road,one_side,0.0,45.39971558766529,9.340347647666931,dentro_sezione,0.0
2026-07-29T19:21:01+00:00,151720000033,Pessano con Bornago,0.6917868903081323,Connecting road,full,0.0,45.550503057218656,9.371199885655058,dentro_sezione,0.0
2026-07-29T19:21:01+00:00,151720000033,Pessano con Bornago,0.6917868903081323,Connecting road,one_side,0.0,45.55027066137421,9.366442433084678,dentro_sezione,0.0
2026-07-29T19:21:01+00:00,151720000033,Pessano con Bornago,0.6917868903081323,Connecting road,full,0.0,45.54997239764829,9.375375151996868,dentro_sezione,0.0
2026-07-29T19:21:01+00:00,151720000033,Pessano con Bornago,0.6917868903081323,Connecting road,one_side,0.0,45.54934355939635,9.376151642930555,dentro_sezione,0.0
2026-07-29T19:21:01+00:00,151060000002,Gessate,0.7425160242073031,Secondary road,one_side,0.0,45.56467958054513,9.42994085278958,dentro_sezione,0.0
2026-07-29T19:21:01+00:00,151060000002,Gessate,0.7425160242073031,Local road,full,0.0,45.560255313571915,9.432396762804721,dentro_sezione,0.0
2026-07-29T19:21:01+00:00,151060000002,Gessate,0.7425160242073031,Local road,one_side,0.0,45.56454053580137,9.429751142185447,dentro_sezione,0.0
2026-07-29T19:21:01+00:00,151060000001,Gessate,0.6955934512145499,Secondary road,one_side,0.0,45.556528542306786,9.434336921465553,dentro_sezione,0.0
2026-07-29T19:21:01+00:00,151060000002,Gessate,0.7425160242073031,Secondary road,one_side,0.0,45.556528542306786,9.434336921465553,dentro_sezione,0.0
2026-07-29T19:21:01+00:00,151060000001,Gessate,0.6955934512145499,Connecting road,one_side,0.0,45.55590896681553,9.431484338768323,dentro_sezione,0.0
2026-07-29T19:21:01+00:00,151060000024,Gessate,0.7259449304054464,Connecting road,one_side,0.0,45.55590896681553,9.431484338768323,dentro_sezione,0.0
2026-07-29T19:21:01+00:00,151060000001,Gessate,0.6955934512145499,Major local road,one_side,0.0,45.55422279576027,9.432760444383911,dentro_sezione,0.0
2026-07-29T19:21:01+00:00,151060000002,Gessate,0.7425160242073031,Local road,full,0.0,45.560255313571915,9.432396762804721,dentro_sezione,0.0
2026-07-29T19:21:01+00:00,151060000001,Gessate,0.6955934512145499,Local road,one_side,0.0,45.555846588990775,9.43116296524165,dentro_sezione,0.0
2026-07-29T19:21:01+00:00,151060000024,Gessate,0.7259449304054464,Local road,one_side,0.0,45.555846588990775,9.43116296524165,dentro_sezione,0.0
2026-07-29T19:21:01+00:00,151060000002,Gessate,0.7425160242073031,Local road,one_side,0.0,45.555846588990775,9.43116296524165,dentro_sezione,0.0
2026-07-29T19:21:01+00:00,151780000007,Pozzuolo Martesana,0.6870828006360621,Major local road,one_side,0.0,45.5162997071174,9.452851839905524,dentro_sezione,0.0
2026-07-29T19:21:01+00:00,151780000006,Pozzuolo Martesana,0.7249463935793504,Local road,one_side,0.0,45.51383675500905,9.455127776174606,dentro_sezione,0.0
2026-07-29T19:21:01+00:00,151780000010,Pozzuolo Martesana,0.7180720735800431,Local road,one_side,0.0,45.51383675500905,9.455127776174606,dentro_sezione,0.0
2026-07-29T19:21:01+00:00,151780000006,Pozzuolo Martesana,0.7249463935793504,Local road,one_side,0.0,45.51352177880894,9.45403040996121,dentro_sezione,0.0
2026-07-29T19:21:01+00:00,151780000010,Pozzuolo Martesana,0.7180720735800431,Local road,one_side,0.0,45.51352177880894,9.45403040996121,dentro_sezione,0.0
2026-07-29T19:21:01+00:00,151780000010,Pozzuolo Martesana,0.7180720735800431,Connecting road,one_side,0.10799998044967651,45.513282836892785,9.460879415273666,dentro_sezione,0.0
2026-07-29T19:21:01+00:00,151780000010,Pozzuolo Martesana,0.7180720735800431,Connecting road,full,0.0,45.513599351573255,9.460939502465216,dentro_sezione,0.0
2026-07-29T19:21:01+00:00,151780000007,Pozzuolo Martesana,0.6870828006360621,Connecting road,full,0.0,45.513599351573255,9.460939502465216,dentro_sezione,0.0
2026-07-29T19:21:01+00:00,151780000010,Pozzuolo Martesana,0.7180720735800431,Connecting road,one_side,0.0,45.51563230942477,9.465522674635114,dentro_sezione,0.0
2026-07-29T19:21:01+00:00,151780000007,Pozzuolo Martesana,0.6870828006360621,Connecting road,one_side,0.0,45.51563230942477,9.465522674635114,dentro_sezione,0.0
2026-07-29T19:21:01+00:00,151780000010,Pozzuolo Martesana,0.7180720735800431,Major local road,one_side,0.0,45.51532070853119,9.459851812271916,dentro_sezione,0.0
2026-07-29T19:21:01+00:00,151780000007,Pozzuolo Martesana,0.6870828006360621,Major local road,one_side,0.0,45.51532070853119,9.459851812271916,dentro_sezione,0.0
2026-07-29T19:21:01+00:00,151780000006,Pozzuolo Martesana,0.7249463935793504,Local road,one_side,0.0,45.51362060641403,9.459314526874598,dentro_sezione,0.0
2026-07-29T19:21:01+00:00,151780000010,Pozzuolo Martesana,0.7180720735800431,Local road,one_side,0.0,45.51362060641403,9.459314526874598,dentro_sezione,0.0
2026-07-29T19:21:01+00:00,151780000010,Pozzuolo Martesana,0.7180720735800431,Connecting road,one_side,0.10799998044967651,45.50943334498633,9.460071327435866,dentro_sezione,0.0
2026-07-29T19:21:01+00:00,151780000010,Pozzuolo Martesana,0.7180720735800431,Connecting road,full,0.0,45.513599351573255,9.460939502465216,dentro_sezione,0.0
2026-07-29T19:21:01+00:00,151780000007,Pozzuolo Martesana,0.6870828006360621,Connecting road,full,0.0,45.513599351573255,9.460939502465216,dentro_sezione,0.0
2026-07-29T19:21:01+00:00,151780000010,Pozzuolo Martesana,0.7180720735800431,Connecting road,one_side,0.0,45.5126396998471,9.4642381124422,dentro_sezione,0.0
2026-07-29T19:21:01+00:00,151780000007,Pozzuolo Martesana,0.6870828006360621,Connecting road,one_side,0.0,45.5126396998471,9.4642381124422,dentro_sezione,0.0
2026-07-29T19:21:01+00:00,151780000010,Pozzuolo Martesana,0.7180720735800431,Major local road,one_side,0.0,45.514391786615064,9.460879607557235,dentro_sezione,0.0
2026-07-29T19:21:01+00:00,151780000007,Pozzuolo Martesana,0.6870828006360621,Major local road,one_side,0.0,45.514391786615064,9.460879607557235,dentro_sezione,0.0
2026-07-29T19:21:01+00:00,151780000006,Pozzuolo Martesana,0.7249463935793504,Local road,one_side,0.0,45.51362060641403,9.459314526874598,dentro_sezione,0.0
2026-07-29T19:21:01+00:00,151780000010,Pozzuolo Martesana,0.7180720735800431,Local road,one_side,0.0,45.51362060641403,9.459314526874598,dentro_sezione,0.0
2026-07-29T19:21:01+00:00,152240000010,Truccazzano,0.7476905228465803,Connecting road,one_side,0.0,45.463656188833134,9.475532115410585,dentro_sezione,0.0
2026-07-29T19:21:01+00:00,150590000040,Cassano d'Adda,0.8090312749814579,Connecting road,full,0.0,45.50586857074825,9.527646386145808,dentro_sezione,0.0
2026-07-29T19:21:01+00:00,150590000040,Cassano d'Adda,0.8090312749814579,Connecting road,one_side,0.0,45.506227865561726,9.526025437081474,dentro_sezione,0.0
2026-07-29T19:21:01+00:00,150590000040,Cassano d'Adda,0.8090312749814579,Connecting road,full,0.0,45.50465141333191,9.53149248144333,dentro_sezione,0.0
2026-07-29T19:21:01+00:00,150590000040,Cassano d'Adda,0.8090312749814579,Connecting road,one_side,0.0,45.50481444915567,9.530592811924295,dentro_sezione,0.0
2026-07-29T19:21:01+00:00,150990000018,Dairago,0.7297543772564479,Connecting road,one_side,0.0,45.564686052346,8.860306390456056,piu_vicino_esterno,163.7
2026-07-29T19:21:01+00:00,150770000392,Cinisello Balsamo,0.7272782368032968,Connecting road,one_side,0.0,45.57128500494079,9.209350914619835,piu_vicino_esterno,251.1
2026-07-29T19:21:01+00:00,150770000393,Cinisello Balsamo,0.714057724663571,Connecting road,one_side,0.0,45.57128500494079,9.209350914619835,piu_vicino_esterno,263.7
2026-07-29T19:25:40+00:00,151830000004,Robecchetto con Induno,0.7553527057173448,Connecting road,one_side,0.013000011444091797,45.524309750864354,8.772144076986255,dentro_sezione,0.0
2026-07-29T19:25:40+00:00,151830000005,Robecchetto con Induno,0.7359793597243346,Connecting road,one_side,0.013000011444091797,45.524309750864354,8.772144076986255,dentro_sezione,0.0
2026-07-29T19:25:40+00:00,151830000004,Robecchetto con Induno,0.7553527057173448,Connecting road,one_side,0.0,45.52430963400192,8.772143978119097,dentro_sezione,0.0
2026-07-29T19:25:40+00:00,151830000005,Robecchetto con Induno,0.7359793597243346,Connecting road,one_side,0.0,45.52430963400192,8.772143978119097,dentro_sezione,0.0
2026-07-29T19:25:40+00:00,151830000004,Robecchetto con Induno,0.7553527057173448,Major local road,one_side,0.0,45.52593707033944,8.774034097590642,dentro_sezione,0.0
2026-07-29T19:25:40+00:00,151830000005,Robecchetto con Induno,0.7359793597243346,Major local road,one_side,0.0,45.52593707033944,8.774034097590642,dentro_sezione,0.0
2026-07-29T19:25:40+00:00,151830000004,Robecchetto con Induno,0.7553527057173448,Local road,full,0.0,45.52665341304878,8.77813513370993,dentro_sezione,0.0
2026-07-29T19:25:40+00:00,151830000005,Robecchetto con Induno,0.7359793597243346,Local road,full,0.0,45.52665341304878,8.77813513370993,dentro_sezione,0.0
2026-07-29T19:25:40+00:00,151830000004,Robecchetto con Induno,0.7553527057173448,Local road,one_side,0.0,45.52750090024759,8.777482354636556,dentro_sezione,0.0
2026-07-29T19:25:40+00:00,151830000005,Robecchetto con Induno,0.7359793597243346,Local road,one_side,0.0,45.52750090024759,8.777482354636556,dentro_sezione,0.0
2026-07-29T19:25:40+00:00,151830000004,Robecchetto con Induno,0.7553527057173448,Minor local road,one_side,0.0,45.5246629407847,8.777006510696419,dentro_sezione,0.0
2026-07-29T19:25:40+00:00,151830000005,Robecchetto con Induno,0.7359793597243346,Minor local road,one_side,0.0,45.5246629407847,8.777006510696419,dentro_sezione,0.0
2026-07-29T19:25:40+00:00,151830000004,Robecchetto con Induno,0.7553527057173448,Connecting road,one_side,0.013000011444091797,45.52127513594969,8.777697367403958,dentro_sezione,0.0
2026-07-29T19:25:40+00:00,151830000005,Robecchetto con Induno,0.7359793597243346,Connecting road,one_side,0.013000011444091797,45.52127513594969,8.777697367403958,dentro_sezione,0.0
2026-07-29T19:25:40+00:00,151830000004,Robecchetto con Induno,0.7553527057173448,Connecting road,one_side,0.0,45.52127531795456,8.77769623001356,dentro_sezione,0.0
2026-07-29T19:25:40+00:00,151830000005,Robecchetto con Induno,0.7359793597243346,Connecting road,one_side,0.0,45.52127531795456,8.77769623001356,dentro_sezione,0.0
2026-07-29T19:25:40+00:00,151830000004,Robecchetto con Induno,0.7553527057173448,Major local road,one_side,0.0,45.52003006239406,8.771803302455004,dentro_sezione,0.0
2026-07-29T19:25:40+00:00,151830000004,Robecchetto con Induno,0.7553527057173448,Connecting road,one_side,0.013000011444091797,45.52138429939102,8.777471672389858,dentro_sezione,0.0
2026-07-29T19:25:40+00:00,151830000005,Robecchetto con Induno,0.7359793597243346,Connecting road,one_side,0.013000011444091797,45.52138429939102,8.777471672389858,dentro_sezione,0.0
2026-07-29T19:25:40+00:00,151830000004,Robecchetto con Induno,0.7553527057173448,Connecting road,one_side,0.0,45.52138429939102,8.777471672389858,dentro_sezione,0.0
2026-07-29T19:25:40+00:00,151830000005,Robecchetto con Induno,0.7359793597243346,Connecting road,one_side,0.0,45.52138429939102,8.777471672389858,dentro_sezione,0.0
2026-07-29T19:25:40+00:00,151830000005,Robecchetto con Induno,0.7359793597243346,Major local road,full,0.0,45.52572185698712,8.781758926879993,dentro_sezione,0.0
2026-07-29T19:25:40+00:00,151830000004,Robecchetto con Induno,0.7553527057173448,Major local road,one_side,0.0,45.52545606758585,8.783235613334185,dentro_sezione,0.0
2026-07-29T19:25:40+00:00,151830000005,Robecchetto con Induno,0.7359793597243346,Major local road,one_side,0.0,45.52545606758585,8.783235613334185,dentro_sezione,0.0
2026-07-29T19:25:40+00:00,151830000004,Robecchetto con Induno,0.7553527057173448,Local road,full,0.0,45.52665017246545,8.778138354718036,dentro_sezione,0.0
2026-07-29T19:25:40+00:00,151830000005,Robecchetto con Induno,0.7359793597243346,Local road,full,0.0,45.52665017246545,8.778138354718036,dentro_sezione,0.0
2026-07-29T19:25:40+00:00,151830000004,Robecchetto con Induno,0.7553527057173448,Local road,one_side,0.0,45.52614843665075,8.779160738634744,dentro_sezione,0.0
2026-07-29T19:25:40+00:00,151830000005,Robecchetto con Induno,0.7359793597243346,Local road,one_side,0.0,45.52614843665075,8.779160738634744,dentro_sezione,0.0
2026-07-29T19:25:40+00:00,151830000004,Robecchetto con Induno,0.7553527057173448,Minor local road,one_side,0.0,45.524831941765086,8.777906603428388,dentro_sezione,0.0
2026-07-29T19:25:40+00:00,151830000005,Robecchetto con Induno,0.7359793597243346,Minor local road,one_side,0.0,45.524831941765086,8.777906603428388,dentro_sezione,0.0
2026-07-29T19:25:40+00:00,151830000004,Robecchetto con Induno,0.7553527057173448,Connecting road,one_side,0.03600001335144043,45.51569466908661,8.78082641444634,dentro_sezione,0.0
2026-07-29T19:25:40+00:00,151830000005,Robecchetto con Induno,0.7359793597243346,Connecting road,one_side,0.03600001335144043,45.51569466908661,8.78082641444634,dentro_sezione,0.0
2026-07-29T19:25:40+00:00,151830000004,Robecchetto con Induno,0.7553527057173448,Connecting road,one_side,0.013000011444091797,45.520159671999686,8.779027227612238,dentro_sezione,0.0
2026-07-29T19:25:40+00:00,151830000005,Robecchetto con Induno,0.7359793597243346,Connecting road,one_side,0.013000011444091797,45.520159671999686,8.779027227612238,dentro_sezione,0.0
2026-07-29T19:25:40+00:00,151830000004,Robecchetto con Induno,0.7553527057173448,Connecting road,one_side,0.0,45.51795214668866,8.779916735038066,dentro_sezione,0.0
2026-07-29T19:25:40+00:00,151830000005,Robecchetto con Induno,0.7359793597243346,Connecting road,one_side,0.0,45.51795214668866,8.779916735038066,dentro_sezione,0.0
2026-07-29T19:25:40+00:00,151830000004,Robecchetto con Induno,0.7553527057173448,Major local road,one_side,0.0,45.52129064980628,8.777203055737562,dentro_sezione,0.0
2026-07-29T19:25:40+00:00,150990000004,Dairago,0.7676872328697544,Connecting road,one_side,0.0,45.559969756077514,8.855855576146451,dentro_sezione,0.0
2026-07-29T19:25:40+00:00,150990000005,Dairago,0.7542589327199739,Connecting road,one_side,0.0,45.559969756077514,8.855855576146451,dentro_sezione,0.0
2026-07-29T19:25:40+00:00,150990000006,Dairago,0.7709685518618672,Secondary road,one_side,0.671999990940094,45.577741311180816,8.860052659197983,dentro_sezione,0.0
2026-07-29T19:25:40+00:00,150990000006,Dairago,0.7709685518618672,Secondary road,one_side,0.406000018119812,45.5777463162237,8.860049850307782,dentro_sezione,0.0
2026-07-29T19:25:40+00:00,150990000006,Dairago,0.7709685518618672,Secondary road,one_side,0.13499999046325684,45.57805588600005,8.859829285323372,dentro_sezione,0.0
2026-07-29T19:25:40+00:00,150990000006,Dairago,0.7709685518618672,Secondary road,one_side,0.06300002336502075,45.57550593488915,8.861569898674606,dentro_sezione,0.0
2026-07-29T19:25:40+00:00,150990000006,Dairago,0.7709685518618672,Secondary road,one_side,0.671999990940094,45.576266444336554,8.861078712573057,dentro_sezione,0.0
2026-07-29T19:25:40+00:00,150990000006,Dairago,0.7709685518618672,Secondary road,one_side,0.406000018119812,45.576270458340744,8.861078470945358,dentro_sezione,0.0
2026-07-29T19:25:40+00:00,150990000006,Dairago,0.7709685518618672,Secondary road,full,0.13499999046325684,45.574130222271364,8.862384773534133,dentro_sezione,0.0
2026-07-29T19:25:40+00:00,150990000006,Dairago,0.7709685518618672,Secondary road,one_side,0.13499999046325684,45.5752231718279,8.861740512995713,dentro_sezione,0.0
2026-07-29T19:25:40+00:00,150990000006,Dairago,0.7709685518618672,Secondary road,full,0.06300002336502075,45.57413880688018,8.862438694596689,dentro_sezione,0.0
2026-07-29T19:25:40+00:00,150990000006,Dairago,0.7709685518618672,Secondary road,one_side,0.06300002336502075,45.575225457456405,8.86173846888984,dentro_sezione,0.0
2026-07-29T19:25:40+00:00,150990000006,Dairago,0.7709685518618672,Secondary road,full,0.0,45.57386472233244,8.862566283510171,dentro_sezione,0.0
2026-07-29T19:25:40+00:00,150990000005,Dairago,0.7542589327199739,Secondary road,one_side,0.0,45.57043341609905,8.864191937538157,dentro_sezione,0.0
2026-07-29T19:25:40+00:00,150990000001,Dairago,0.7159220448648945,Secondary road,one_side,0.0,45.57043341609905,8.864191937538157,dentro_sezione,0.0
2026-07-29T19:25:40+00:00,150990000002,Dairago,0.6942688026504515,Secondary road,one_side,0.0,45.57043341609905,8.864191937538157,dentro_sezione,0.0
2026-07-29T19:25:40+00:00,150990000006,Dairago,0.7709685518618672,Secondary road,one_side,0.0,45.57043341609905,8.864191937538157,dentro_sezione,0.0
2026-07-29T19:25:40+00:00,150990000005,Dairago,0.7542589327199739,Connecting road,one_side,0.0,45.56869535247887,8.862106087174277,dentro_sezione,0.0
2026-07-29T19:25:40+00:00,150990000001,Dairago,0.7159220448648945,Connecting road,one_side,0.0,45.56869535247887,8.862106087174277,dentro_sezione,0.0
2026-07-29T19:25:40+00:00,150990000002,Dairago,0.6942688026504515,Connecting road,one_side,0.0,45.56869535247887,8.862106087174277,dentro_sezione,0.0
2026-07-29T19:25:40+00:00,150990000006,Dairago,0.7709685518618672,Connecting road,one_side,0.0,45.56869535247887,8.862106087174277,dentro_sezione,0.0
2026-07-29T19:25:40+00:00,150990000005,Dairago,0.7542589327199739,Local road,full,0.0,45.57115044782316,8.861418408582644,dentro_sezione,0.0
2026-07-29T19:25:40+00:00,150990000006,Dairago,0.7709685518618672,Local road,full,0.0,45.57115044782316,8.861418408582644,dentro_sezione,0.0
2026-07-29T19:25:40+00:00,150990000005,Dairago,0.7542589327199739,Local road,one_side,0.0,45.57092412688219,8.861752614264068,dentro_sezione,0.0
2026-07-29T19:25:40+00:00,150990000006,Dairago,0.7709685518618672,Local road,one_side,0.0,45.57092412688219,8.861752614264068,dentro_sezione,0.0
2026-07-29T19:25:40+00:00,150990000006,Dairago,0.7709685518618672,Minor local road,full,0.0,45.57390108315492,8.862335085868835,dentro_sezione,0.0
2026-07-29T19:25:40+00:00,150990000006,Dairago,0.7709685518618672,Minor local road,one_side,0.0,45.57342910946712,8.861447226380976,dentro_sezione,0.0
2026-07-29T19:25:40+00:00,150990000004,Dairago,0.7676872328697544,Secondary road,one_side,0.0,45.566099571560876,8.865997052469073,dentro_sezione,0.0
2026-07-29T19:25:40+00:00,150990000001,Dairago,0.7159220448648945,Secondary road,one_side,0.0,45.566099571560876,8.865997052469073,dentro_sezione,0.0
2026-07-29T19:25:40+00:00,150990000002,Dairago,0.6942688026504515,Secondary road,one_side,0.0,45.566099571560876,8.865997052469073,dentro_sezione,0.0
2026-07-29T19:25:40+00:00,150990000004,Dairago,0.7676872328697544,Connecting road,full,0.0,45.56559331224461,8.864327222945509,dentro_sezione,0.0
2026-07-29T19:25:40+00:00,150990000005,Dairago,0.7542589327199739,Connecting road,full,0.0,45.56559331224461,8.864327222945509,dentro_sezione,0.0
2026-07-29T19:25:40+00:00,150990000001,Dairago,0.7159220448648945,Connecting road,full,0.0,45.56559331224461,8.864327222945509,dentro_sezione,0.0
2026-07-29T19:25:40+00:00,150990000002,Dairago,0.6942688026504515,Connecting road,full,0.0,45.56559331224461,8.864327222945509,dentro_sezione,0.0
2026-07-29T19:25:40+00:00,150990000004,Dairago,0.7676872328697544,Connecting road,one_side,0.0,45.564686052346,8.860306390456056,dentro_sezione,0.0
2026-07-29T19:25:40+00:00,150990000005,Dairago,0.7542589327199739,Connecting road,one_side,0.0,45.564686052346,8.860306390456056,dentro_sezione,0.0
2026-07-29T19:25:40+00:00,150990000001,Dairago,0.7159220448648945,Connecting road,one_side,0.0,45.564686052346,8.860306390456056,dentro_sezione,0.0
2026-07-29T19:25:40+00:00,150990000002,Dairago,0.6942688026504515,Connecting road,one_side,0.0,45.564686052346,8.860306390456056,dentro_sezione,0.0
2026-07-29T19:25:40+00:00,150990000004,Dairago,0.7676872328697544,Major local road,one_side,0.0,45.563239021472114,8.860581830730837,dentro_sezione,0.0
2026-07-29T19:25:40+00:00,150990000005,Dairago,0.7542589327199739,Major local road,one_side,0.0,45.563239021472114,8.860581830730837,dentro_sezione,0.0
2026-07-29T19:25:40+00:00,150990000001,Dairago,0.7159220448648945,Secondary road,one_side,0.0,45.567936262877204,8.86530759774731,dentro_sezione,0.0
2026-07-29T19:25:40+00:00,150990000002,Dairago,0.6942688026504515,Secondary road,one_side,0.0,45.567936262877204,8.86530759774731,dentro_sezione,0.0
2026-07-29T19:25:40+00:00,150990000004,Dairago,0.7676872328697544,Secondary road,one_side,0.0,45.564009304627184,8.866927104572802,dentro_sezione,0.0
2026-07-29T19:25:40+00:00,150990000001,Dairago,0.7159220448648945,Secondary road,one_side,0.0,45.564009304627184,8.866927104572802,dentro_sezione,0.0
2026-07-29T19:25:40+00:00,150990000002,Dairago,0.6942688026504515,Secondary road,one_side,0.0,45.564009304627184,8.866927104572802,dentro_sezione,0.0
2026-07-29T19:25:40+00:00,150990000004,Dairago,0.7676872328697544,Connecting road,full,0.0,45.566236844428026,8.865384249111933,dentro_sezione,0.0
2026-07-29T19:25:40+00:00,150990000001,Dairago,0.7159220448648945,Connecting road,full,0.0,45.566236844428026,8.865384249111933,dentro_sezione,0.0
2026-07-29T19:25:40+00:00,150990000002,Dairago,0.6942688026504515,Connecting road,full,0.0,45.566236844428026,8.865384249111933,dentro_sezione,0.0
2026-07-29T19:25:40+00:00,150990000004,Dairago,0.7676872328697544,Connecting road,one_side,0.0,45.565772277047955,8.87122243071949,dentro_sezione,0.0
2026-07-29T19:25:40+00:00,150990000001,Dairago,0.7159220448648945,Connecting road,one_side,0.0,45.565772277047955,8.87122243071949,dentro_sezione,0.0
2026-07-29T19:25:40+00:00,150990000002,Dairago,0.6942688026504515,Connecting road,one_side,0.0,45.565772277047955,8.87122243071949,dentro_sezione,0.0
2026-07-29T19:25:40+00:00,151840000003,Robecco sul Naviglio,0.7196016242096119,Secondary road,full,0.0,45.43738004527872,8.884716475393938,dentro_sezione,0.0
2026-07-29T19:25:40+00:00,151840000006,Robecco sul Naviglio,0.7230185825971769,Secondary road,full,0.0,45.43738004527872,8.884716475393938,dentro_sezione,0.0
2026-07-29T19:25:40+00:00,151840000004,Robecco sul Naviglio,0.7107590900039538,Secondary road,full,0.0,45.43738004527872,8.884716475393938,dentro_sezione,0.0
2026-07-29T19:25:40+00:00,151840000006,Robecco sul Naviglio,0.7230185825971769,Secondary road,one_side,0.0,45.441021454681305,8.886726811167174,dentro_sezione,0.0
2026-07-29T19:25:40+00:00,151840000004,Robecco sul Naviglio,0.7107590900039538,Secondary road,one_side,0.0,45.441021454681305,8.886726811167174,dentro_sezione,0.0
2026-07-29T19:25:40+00:00,151840000004,Robecco sul Naviglio,0.7107590900039538,Connecting road,one_side,0.0,45.44215302778418,8.881694311544635,dentro_sezione,0.0
2026-07-29T19:25:40+00:00,151840000008,Robecco sul Naviglio,0.7257111688941349,Connecting road,one_side,0.0,45.44215302778418,8.881694311544635,dentro_sezione,0.0
2026-07-29T19:25:40+00:00,151840000008,Robecco sul Naviglio,0.7257111688941349,Minor local road,one_side,0.0,45.44305633774382,8.87880615453956,dentro_sezione,0.0
2026-07-29T19:25:40+00:00,151840000003,Robecco sul Naviglio,0.7196016242096119,Secondary road,full,0.0,45.436020247875916,8.88427360275287,dentro_sezione,0.0
2026-07-29T19:25:40+00:00,151840000006,Robecco sul Naviglio,0.7230185825971769,Secondary road,full,0.0,45.436020247875916,8.88427360275287,dentro_sezione,0.0
2026-07-29T19:25:40+00:00,151840000004,Robecco sul Naviglio,0.7107590900039538,Secondary road,full,0.0,45.436020247875916,8.88427360275287,dentro_sezione,0.0
2026-07-29T19:25:40+00:00,151840000003,Robecco sul Naviglio,0.7196016242096119,Secondary road,one_side,0.0,45.432741752237355,8.885387574658592,dentro_sezione,0.0
2026-07-29T19:25:40+00:00,151840000006,Robecco sul Naviglio,0.7230185825971769,Secondary road,one_side,0.0,45.432741752237355,8.885387574658592,dentro_sezione,0.0
2026-07-29T19:25:40+00:00,151840000004,Robecco sul Naviglio,0.7107590900039538,Secondary road,one_side,0.0,45.432741752237355,8.885387574658592,dentro_sezione,0.0
2026-07-29T19:25:40+00:00,151840000003,Robecco sul Naviglio,0.7196016242096119,Connecting road,full,0.0,45.434818033444905,8.888212023960996,dentro_sezione,0.0
2026-07-29T19:25:40+00:00,151840000004,Robecco sul Naviglio,0.7107590900039538,Connecting road,full,0.0,45.434818033444905,8.888212023960996,dentro_sezione,0.0
2026-07-29T19:25:40+00:00,151840000003,Robecco sul Naviglio,0.7196016242096119,Connecting road,one_side,0.0,45.43218495639539,8.879627085051737,dentro_sezione,0.0
2026-07-29T19:25:40+00:00,151840000006,Robecco sul Naviglio,0.7230185825971769,Connecting road,one_side,0.0,45.43218495639539,8.879627085051737,dentro_sezione,0.0
2026-07-29T19:25:40+00:00,150410000011,Busto Garolfo,0.7031690557477914,Major local road,one_side,0.0,45.547462481839126,8.892937891739695,dentro_sezione,0.0
2026-07-29T19:25:40+00:00,150410000011,Busto Garolfo,0.7031690557477914,Local road,one_side,0.0,45.54847842090824,8.888772558313534,dentro_sezione,0.0
2026-07-29T19:25:40+00:00,150410000011,Busto Garolfo,0.7031690557477914,Connecting road,one_side,0.0,45.54197439189159,8.89465136982906,dentro_sezione,0.0
2026-07-29T19:25:40+00:00,150410000011,Busto Garolfo,0.7031690557477914,Major local road,one_side,0.0,45.544562915692,8.895608895264767,dentro_sezione,0.0
2026-07-29T19:25:40+00:00,150410000011,Busto Garolfo,0.7031690557477914,Local road,one_side,0.0,45.540993787214255,8.89150577347488,dentro_sezione,0.0
2026-07-29T19:25:40+00:00,151840000003,Robecco sul Naviglio,0.7196016242096119,Secondary road,full,0.0,45.43673429376078,8.88704731701488,dentro_sezione,0.0
2026-07-29T19:25:40+00:00,151840000004,Robecco sul Naviglio,0.7107590900039538,Secondary road,full,0.0,45.43673429376078,8.88704731701488,dentro_sezione,0.0
2026-07-29T19:25:40+00:00,151840000004,Robecco sul Naviglio,0.7107590900039538,Secondary road,one_side,0.0,45.44129080099548,8.887639896752052,dentro_sezione,0.0
2026-07-29T19:25:40+00:00,151840000003,Robecco sul Naviglio,0.7196016242096119,Secondary road,full,0.0,45.43465511634912,8.88814045588459,dentro_sezione,0.0
2026-07-29T19:25:40+00:00,151840000004,Robecco sul Naviglio,0.7107590900039538,Secondary road,full,0.0,45.43465511634912,8.88814045588459,dentro_sezione,0.0
2026-07-29T19:25:40+00:00,151840000003,Robecco sul Naviglio,0.7196016242096119,Connecting road,full,0.0,45.433208070156475,8.889242619884701,dentro_sezione,0.0
2026-07-29T19:25:40+00:00,151840000004,Robecco sul Naviglio,0.7107590900039538,Connecting road,full,0.0,45.433208070156475,8.889242619884701,dentro_sezione,0.0
2026-07-29T19:25:40+00:00,150720000017,Cerro Maggiore,0.6999223680906879,Secondary road,one_side,0.0,45.59469927159379,8.956787134794192,dentro_sezione,0.0
2026-07-29T19:25:40+00:00,150720000017,Cerro Maggiore,0.6999223680906879,Secondary road,full,0.0,45.58848035915598,8.9642983740158,dentro_sezione,0.0
2026-07-29T19:25:40+00:00,150720000017,Cerro Maggiore,0.6999223680906879,Secondary road,one_side,0.0,45.59053028893129,8.961361051470247,dentro_sezione,0.0
2026-07-29T19:25:40+00:00,150720000017,Cerro Maggiore,0.6999223680906879,Major local road,one_side,0.0,45.58829146872337,8.959288092130175,dentro_sezione,0.0
2026-07-29T19:25:40+00:00,150720000017,Cerro Maggiore,0.6999223680906879,Secondary road,full,0.0,45.58756210472569,8.966193376164924,dentro_sezione,0.0
2026-07-29T19:25:40+00:00,150720000017,Cerro Maggiore,0.6999223680906879,Secondary road,one_side,0.0,45.58536762844651,8.971044060006122,dentro_sezione,0.0
2026-07-29T19:25:40+00:00,150720000017,Cerro Maggiore,0.6999223680906879,Connecting road,one_side,0.0,45.58803245184286,8.973497377206987,dentro_sezione,0.0
2026-07-29T19:25:40+00:00,150220000001,Besate,0.8066359409766615,Secondary road,full,0.0,45.31397405974819,8.970680438795323,dentro_sezione,0.0
2026-07-29T19:25:40+00:00,150220000002,Besate,0.8457837792598706,Secondary road,full,0.0,45.31397405974819,8.970680438795323,dentro_sezione,0.0
2026-07-29T19:25:40+00:00,150220000001,Besate,0.8066359409766615,Secondary road,one_side,0.0,45.31693428516195,8.970520214464711,dentro_sezione,0.0
2026-07-29T19:25:40+00:00,150220000002,Besate,0.8457837792598706,Secondary road,one_side,0.0,45.31693428516195,8.970520214464711,dentro_sezione,0.0
2026-07-29T19:25:40+00:00,150220000001,Besate,0.8066359409766615,Secondary road,full,0.0,45.31230807897691,8.970803137994647,dentro_sezione,0.0
2026-07-29T19:25:40+00:00,150220000002,Besate,0.8457837792598706,Secondary road,full,0.0,45.31230807897691,8.970803137994647,dentro_sezione,0.0
2026-07-29T19:25:40+00:00,150220000001,Besate,0.8066359409766615,Secondary road,one_side,0.0,45.30850050611067,8.971050499191625,dentro_sezione,0.0
2026-07-29T19:25:40+00:00,150220000002,Besate,0.8457837792598706,Secondary road,one_side,0.0,45.30850050611067,8.971050499191625,dentro_sezione,0.0
2026-07-29T19:25:40+00:00,150220000002,Besate,0.8457837792598706,Connecting road,one_side,0.0,45.31011677645614,8.97243897841263,dentro_sezione,0.0
2026-07-29T19:25:40+00:00,151030000093,Gaggiano,0.7171341415902132,Connecting road,full,0.0,45.37753558005545,9.02820117450363,dentro_sezione,0.0
2026-07-29T19:25:40+00:00,151030000093,Gaggiano,0.7171341415902132,Connecting road,one_side,0.0,45.37922478434031,9.025526004065227,dentro_sezione,0.0
2026-07-29T19:25:40+00:00,152360000001,Vernate,0.7404237143838364,Major road,full,0.0,45.33115422928388,9.051982675890759,dentro_sezione,0.0
2026-07-29T19:25:40+00:00,152360000001,Vernate,0.7404237143838364,Major road,one_side,0.0,45.333667378972784,9.04899330877629,dentro_sezione,0.0
2026-07-29T19:25:40+00:00,152360000001,Vernate,0.7404237143838364,Secondary road,full,0.0,45.33085582197837,9.05174506782142,dentro_sezione,0.0
2026-07-29T19:25:40+00:00,152360000001,Vernate,0.7404237143838364,Secondary road,one_side,0.0,45.3294711922926,9.049540764120502,dentro_sezione,0.0
2026-07-29T19:25:40+00:00,152360000004,Vernate,0.7248915606322527,Connecting road,full,0.0,45.31713370461864,9.060332435953853,dentro_sezione,0.0
2026-07-29T19:25:40+00:00,152360000004,Vernate,0.7248915606322527,Connecting road,one_side,0.0,45.31685556517416,9.058201381824388,dentro_sezione,0.0
2026-07-29T19:25:40+00:00,150270000044,Bollate,0.7092237674852166,Local road,full,0.21100002527236938,45.54861129336342,9.137811389214903,dentro_sezione,0.0
2026-07-29T19:25:40+00:00,150270000044,Bollate,0.7092237674852166,Local road,one_side,0.21100002527236938,45.548096123422596,9.134779363975165,dentro_sezione,0.0
2026-07-29T19:25:40+00:00,150270000044,Bollate,0.7092237674852166,Connecting road,full,0.0,45.551101576535864,9.141299958119559,dentro_sezione,0.0
2026-07-29T19:25:40+00:00,150270000044,Bollate,0.7092237674852166,Connecting road,one_side,0.0,45.54765211863531,9.13664998664483,dentro_sezione,0.0
2026-07-29T19:25:40+00:00,150270000044,Bollate,0.7092237674852166,Local road,full,0.0,45.548615190060424,9.138082011503977,dentro_sezione,0.0
2026-07-29T19:25:40+00:00,150270000044,Bollate,0.7092237674852166,Local road,one_side,0.0,45.54834455342,9.135163919267848,dentro_sezione,0.0
2026-07-29T19:25:40+00:00,150270000044,Bollate,0.7092237674852166,Local road,full,0.21100002527236938,45.5491123577824,9.141229615730014,dentro_sezione,0.0
2026-07-29T19:25:40+00:00,150270000044,Bollate,0.7092237674852166,Local road,one_side,0.21100002527236938,45.54892623237079,9.140229535470008,dentro_sezione,0.0
2026-07-29T19:25:40+00:00,150270000046,Bollate,0.7233042911110021,Motorway,full,0.0,45.548637494915916,9.147269678190169,dentro_sezione,0.0
2026-07-29T19:25:40+00:00,150270000046,Bollate,0.7233042911110021,Secondary road,full,0.0,45.55070810723628,9.146664038825996,dentro_sezione,0.0
2026-07-29T19:25:40+00:00,150270000044,Bollate,0.7092237674852166,Connecting road,full,0.0,45.55017918548694,9.146031515963527,dentro_sezione,0.0
2026-07-29T19:25:40+00:00,150270000046,Bollate,0.7233042911110021,Connecting road,one_side,0.0,45.54844611685997,9.144391397351994,dentro_sezione,0.0
2026-07-29T19:25:40+00:00,150270000044,Bollate,0.7092237674852166,Connecting road,one_side,0.0,45.54844611685997,9.144391397351994,dentro_sezione,0.0
2026-07-29T19:25:40+00:00,150270000046,Bollate,0.7233042911110021,Major local road,one_side,0.0,45.547104666833036,9.147278688778757,dentro_sezione,0.0
2026-07-29T19:25:40+00:00,150270000044,Bollate,0.7092237674852166,Local road,full,0.0,45.54914500065825,9.141324042274013,dentro_sezione,0.0
2026-07-29T19:25:40+00:00,150270000044,Bollate,0.7092237674852166,Local road,one_side,0.0,45.55143582064673,9.141206676152695,dentro_sezione,0.0
2026-07-29T19:25:40+00:00,151660000079,Paderno Dugnano,0.7118644067796609,Major local road,full,0.0,45.57182786079618,9.158215086509971,dentro_sezione,0.0
2026-07-29T19:25:40+00:00,151660000079,Paderno Dugnano,0.7118644067796609,Major local road,one_side,0.0,45.57115547810489,9.15556725583581,dentro_sezione,0.0
2026-07-29T19:25:40+00:00,151660000079,Paderno Dugnano,0.7118644067796609,Local road,one_side,0.0,45.5697584120831,9.154184216067337,dentro_sezione,0.0
2026-07-29T19:25:40+00:00,151660000079,Paderno Dugnano,0.7118644067796609,Minor local road,full,0.0,45.569569956181454,9.157563682162007,dentro_sezione,0.0
2026-07-29T19:25:40+00:00,151660000079,Paderno Dugnano,0.7118644067796609,Major local road,full,0.0,45.56765660396396,9.16061173142433,dentro_sezione,0.0
2026-07-29T19:25:40+00:00,150770000455,Cinisello Balsamo,0.7342939680872247,Connecting road,full,0.0,45.5628198241358,9.20016664943403,dentro_sezione,0.0
2026-07-29T19:25:40+00:00,150770000308,Cinisello Balsamo,0.7375002525201512,Connecting road,full,0.0,45.5628198241358,9.20016664943403,dentro_sezione,0.0
2026-07-29T19:25:40+00:00,150770000455,Cinisello Balsamo,0.7342939680872247,Local road,one_side,0.0,45.56207030894774,9.204732755630442,dentro_sezione,0.0
2026-07-29T19:25:40+00:00,150770000308,Cinisello Balsamo,0.7375002525201512,Connecting road,one_side,0.0,45.57128500494079,9.209350914619835,dentro_sezione,0.0
2026-07-29T19:25:40+00:00,150770000310,Cinisello Balsamo,0.7121097120693088,Connecting road,one_side,0.0,45.57128500494079,9.209350914619835,dentro_sezione,0.0
2026-07-29T19:25:40+00:00,150770000370,Cinisello Balsamo,0.7379158285402604,Connecting road,one_side,0.0,45.57128500494079,9.209350914619835,dentro_sezione,0.0
2026-07-29T19:25:40+00:00,150770000370,Cinisello Balsamo,0.7379158285402604,Major local road,full,0.0,45.57139631159235,9.211628724443395,dentro_sezione,0.0
2026-07-29T19:25:40+00:00,150770000370,Cinisello Balsamo,0.7379158285402604,Major local road,one_side,0.0,45.57015685476648,9.213783784528827,dentro_sezione,0.0
2026-07-29T19:25:40+00:00,150770000308,Cinisello Balsamo,0.7375002525201512,Local road,full,0.0,45.56759310544539,9.21333004495521,dentro_sezione,0.0
2026-07-29T19:25:40+00:00,150770000455,Cinisello Balsamo,0.7342939680872247,Connecting road,full,0.0,45.565241334929205,9.208139213088042,dentro_sezione,0.0
2026-07-29T19:25:40+00:00,150770000308,Cinisello Balsamo,0.7375002525201512,Connecting road,full,0.0,45.565241334929205,9.208139213088042,dentro_sezione,0.0
2026-07-29T19:25:40+00:00,150770000308,Cinisello Balsamo,0.7375002525201512,Connecting road,one_side,0.0,45.567370928132085,9.210477903628986,dentro_sezione,0.0
2026-07-29T19:25:40+00:00,150770000310,Cinisello Balsamo,0.7121097120693088,Connecting road,one_side,0.0,45.567370928132085,9.210477903628986,dentro_sezione,0.0
2026-07-29T19:25:40+00:00,150770000308,Cinisello Balsamo,0.7375002525201512,Local road,full,0.0,45.56347293827522,9.21264285160202,dentro_sezione,0.0
2026-07-29T19:25:40+00:00,150770000455,Cinisello Balsamo,0.7342939680872247,Local road,one_side,0.0,45.56390554361116,9.211470433101258,dentro_sezione,0.0
2026-07-29T19:25:40+00:00,150770000308,Cinisello Balsamo,0.7375002525201512,Local road,one_side,0.0,45.56390554361116,9.211470433101258,dentro_sezione,0.0
2026-07-29T19:25:40+00:00,151590000022,Opera,0.730949158314262,Secondary road,full,0.0,45.40232137581589,9.209133230722834,dentro_sezione,0.0
2026-07-29T19:25:40+00:00,151460002842,Milano,0.741696415945421,Secondary road,full,0.0,45.40232137581589,9.209133230722834,dentro_sezione,0.0
2026-07-29T19:25:40+00:00,151590000022,Opera,0.730949158314262,Minor local road,full,0.36799997091293335,45.39534490000107,9.211142824161739,dentro_sezione,0.0
2026-07-29T19:25:40+00:00,151590000014,Opera,0.7350933747370183,Minor local road,full,0.36799997091293335,45.39534490000107,9.211142824161739,dentro_sezione,0.0
2026-07-29T19:25:40+00:00,151590000013,Opera,0.7339534266263019,Minor local road,one_side,0.36799997091293335,45.395523430109826,9.211680808033528,dentro_sezione,0.0
2026-07-29T19:25:40+00:00,151590000022,Opera,0.730949158314262,Minor local road,one_side,0.36799997091293335,45.395523430109826,9.211680808033528,dentro_sezione,0.0
2026-07-29T19:25:40+00:00,151590000014,Opera,0.7350933747370183,Minor local road,one_side,0.36799997091293335,45.395523430109826,9.211680808033528,dentro_sezione,0.0
2026-07-29T19:25:40+00:00,151590000022,Opera,0.730949158314262,Secondary road,full,0.0,45.39225546547591,9.211072481355576,dentro_sezione,0.0
2026-07-29T19:25:40+00:00,151460002842,Milano,0.741696415945421,Secondary road,full,0.0,45.39225546547591,9.211072481355576,dentro_sezione,0.0
2026-07-29T19:25:40+00:00,151590000022,Opera,0.730949158314262,Minor local road,full,0.0,45.39362464967241,9.211524860782351,dentro_sezione,0.0
2026-07-29T19:25:40+00:00,151590000014,Opera,0.7350933747370183,Minor local road,full,0.0,45.39362464967241,9.211524860782351,dentro_sezione,0.0
2026-07-29T19:25:40+00:00,151590000013,Opera,0.7339534266263019,Minor local road,one_side,0.0,45.393274362807496,9.211612111853498,dentro_sezione,0.0
2026-07-29T19:25:40+00:00,151590000022,Opera,0.730949158314262,Minor local road,one_side,0.0,45.393274362807496,9.211612111853498,dentro_sezione,0.0
2026-07-29T19:25:40+00:00,151590000014,Opera,0.7350933747370183,Minor local road,one_side,0.0,45.393274362807496,9.211612111853498,dentro_sezione,0.0
2026-07-29T19:25:40+00:00,151460002739,Milano,0.7105830473843242,Local road,one_side,0.0,45.416399000279455,9.239352252220206,dentro_sezione,0.0
2026-07-29T19:25:40+00:00,151460002738,Milano,0.694095645975406,Local road,one_side,0.0,45.416399000279455,9.239352252220206,dentro_sezione,0.0
2026-07-29T19:25:40+00:00,151460002739,Milano,0.7105830473843242,Local road,one_side,0.0,45.41530469682335,9.241945604240724,dentro_sezione,0.0
2026-07-29T19:25:40+00:00,151460002738,Milano,0.694095645975406,Local road,one_side,0.0,45.41530469682335,9.241945604240724,dentro_sezione,0.0
2026-07-29T19:25:40+00:00,150700000003,Cernusco sul Naviglio,0.69710280023203,Connecting road,full,0.0,45.526320116081415,9.322236627355936,dentro_sezione,0.0
2026-07-29T19:25:40+00:00,150700000003,Cernusco sul Naviglio,0.69710280023203,Connecting road,one_side,0.0,45.52385482525997,9.32355774741958,dentro_sezione,0.0
2026-07-29T19:25:40+00:00,151390000001,Mediglia,0.726435540984742,Connecting road,one_side,0.0,45.40120559797648,9.320046818976916,dentro_sezione,0.0
2026-07-29T19:25:40+00:00,151390000003,Mediglia,0.7112179551928244,Major local road,full,0.0,45.40140869376171,9.325048126419558,dentro_sezione,0.0
2026-07-29T19:25:40+00:00,151390000004,Mediglia,0.7585618760948553,Major local road,full,0.0,45.40140869376171,9.325048126419558,dentro_sezione,0.0
2026-07-29T19:25:40+00:00,151390000001,Mediglia,0.726435540984742,Major local road,full,0.0,45.40140869376171,9.325048126419558,dentro_sezione,0.0
2026-07-29T19:25:40+00:00,151390000003,Mediglia,0.7112179551928244,Major local road,one_side,0.0,45.400344667152524,9.325511649512542,dentro_sezione,0.0
2026-07-29T19:25:40+00:00,151390000001,Mediglia,0.726435540984742,Major local road,one_side,0.0,45.400344667152524,9.325511649512542,dentro_sezione,0.0
2026-07-29T19:25:40+00:00,151390000001,Mediglia,0.726435540984742,Minor local road,one_side,0.0,45.4006120470024,9.322143495082855,dentro_sezione,0.0
2026-07-29T19:25:40+00:00,151390000005,Mediglia,0.7604290822407629,Connecting road,full,0.0,45.3963907308835,9.326313621966435,dentro_sezione,0.0
2026-07-29T19:25:40+00:00,151390000005,Mediglia,0.7604290822407629,Connecting road,one_side,0.0,45.39679434052438,9.32338812732594,dentro_sezione,0.0
2026-07-29T19:25:40+00:00,151390000005,Mediglia,0.7604290822407629,Local road,one_side,0.0,45.396140404746596,9.327497611614783,dentro_sezione,0.0
2026-07-29T19:25:40+00:00,151390000005,Mediglia,0.7604290822407629,Minor local road,one_side,0.0,45.39511055682533,9.328355728091662,dentro_sezione,0.0
2026-07-29T19:25:40+00:00,150700000003,Cernusco sul Naviglio,0.69710280023203,Connecting road,full,0.0,45.52576863285696,9.334861391479718,dentro_sezione,0.0
2026-07-29T19:25:40+00:00,150700000003,Cernusco sul Naviglio,0.69710280023203,Connecting road,one_side,0.0,45.524771461211785,9.331391066137858,dentro_sezione,0.0
2026-07-29T19:25:40+00:00,151390000003,Mediglia,0.7112179551928244,Major local road,full,0.0,45.40269867414756,9.332973177694676,dentro_sezione,0.0
2026-07-29T19:25:40+00:00,151390000004,Mediglia,0.7585618760948553,Major local road,full,0.0,45.40269867414756,9.332973177694676,dentro_sezione,0.0
2026-07-29T19:25:40+00:00,151390000005,Mediglia,0.7604290822407629,Major local road,one_side,0.0,45.39901575157139,9.328824437964817,dentro_sezione,0.0
2026-07-29T19:25:40+00:00,151390000005,Mediglia,0.7604290822407629,Connecting road,full,0.0,45.39638593209097,9.326481688905965,dentro_sezione,0.0
2026-07-29T19:25:40+00:00,151390000005,Mediglia,0.7604290822407629,Connecting road,one_side,0.0,45.393074928382816,9.32979317581705,dentro_sezione,0.0
2026-07-29T19:25:40+00:00,151390000006,Mediglia,0.7320891064249785,Major local road,full,0.0,45.39695368826313,9.331997118685997,dentro_sezione,0.0
2026-07-29T19:25:40+00:00,151390000005,Mediglia,0.7604290822407629,Major local road,full,0.0,45.39695368826313,9.331997118685997,dentro_sezione,0.0
2026-07-29T19:25:40+00:00,151390000006,Mediglia,0.7320891064249785,Major local road,one_side,0.0,45.39818813703475,9.330293207015123,dentro_sezione,0.0
2026-07-29T19:25:40+00:00,151390000005,Mediglia,0.7604290822407629,Major local road,one_side,0.0,45.39818813703475,9.330293207015123,dentro_sezione,0.0
2026-07-29T19:25:40+00:00,151390000006,Mediglia,0.7320891064249785,Local road,full,0.0,45.39608792001459,9.332509194682364,dentro_sezione,0.0
2026-07-29T19:25:40+00:00,151390000005,Mediglia,0.7604290822407629,Local road,full,0.0,45.39608792001459,9.332509194682364,dentro_sezione,0.0
2026-07-29T19:25:40+00:00,151390000006,Mediglia,0.7320891064249785,Local road,one_side,0.0,45.39326670139134,9.332485365519153,dentro_sezione,0.0
2026-07-29T19:25:40+00:00,151390000005,Mediglia,0.7604290822407629,Local road,one_side,0.0,45.39326670139134,9.332485365519153,dentro_sezione,0.0
2026-07-29T19:25:40+00:00,151390000006,Mediglia,0.7320891064249785,Minor local road,full,0.0,45.39522836417661,9.332302120406032,dentro_sezione,0.0
2026-07-29T19:25:40+00:00,151390000005,Mediglia,0.7604290822407629,Minor local road,full,0.0,45.39522836417661,9.332302120406032,dentro_sezione,0.0
2026-07-29T19:25:40+00:00,151390000005,Mediglia,0.7604290822407629,Minor local road,one_side,0.0,45.39511987030326,9.329358166936347,dentro_sezione,0.0
2026-07-29T19:25:40+00:00,151390000012,Mediglia,0.8052276000196243,Major local road,full,0.0,45.40192324569242,9.33925038288648,dentro_sezione,0.0
2026-07-29T19:25:40+00:00,151390000012,Mediglia,0.8052276000196243,Major local road,one_side,0.0,45.39971558766529,9.340347647666931,dentro_sezione,0.0
2026-07-29T19:25:40+00:00,151720000033,Pessano con Bornago,0.6917868903081323,Connecting road,full,0.0,45.550503057218656,9.371199885655058,dentro_sezione,0.0
2026-07-29T19:25:40+00:00,151720000033,Pessano con Bornago,0.6917868903081323,Connecting road,one_side,0.0,45.55027066137421,9.366442433084678,dentro_sezione,0.0
2026-07-29T19:25:40+00:00,151720000033,Pessano con Bornago,0.6917868903081323,Connecting road,full,0.0,45.54997239764829,9.375375151996868,dentro_sezione,0.0
2026-07-29T19:25:40+00:00,151720000033,Pessano con Bornago,0.6917868903081323,Connecting road,one_side,0.0,45.54934355939635,9.376151642930555,dentro_sezione,0.0
2026-07-29T19:25:40+00:00,151060000002,Gessate,0.7425160242073031,Secondary road,one_side,0.0,45.56467958054513,9.42994085278958,dentro_sezione,0.0
2026-07-29T19:25:40+00:00,151060000002,Gessate,0.7425160242073031,Local road,full,0.0,45.560255313571915,9.432396762804721,dentro_sezione,0.0
2026-07-29T19:25:40+00:00,151060000002,Gessate,0.7425160242073031,Local road,one_side,0.0,45.56454053580137,9.429751142185447,dentro_sezione,0.0
2026-07-29T19:25:40+00:00,151060000001,Gessate,0.6955934512145499,Secondary road,one_side,0.0,45.556528542306786,9.434336921465553,dentro_sezione,0.0
2026-07-29T19:25:40+00:00,151060000002,Gessate,0.7425160242073031,Secondary road,one_side,0.0,45.556528542306786,9.434336921465553,dentro_sezione,0.0
2026-07-29T19:25:40+00:00,151060000001,Gessate,0.6955934512145499,Connecting road,one_side,0.0,45.55590896681553,9.431484338768323,dentro_sezione,0.0
2026-07-29T19:25:40+00:00,151060000024,Gessate,0.7259449304054464,Connecting road,one_side,0.0,45.55590896681553,9.431484338768323,dentro_sezione,0.0
2026-07-29T19:25:40+00:00,151060000001,Gessate,0.6955934512145499,Major local road,one_side,0.0,45.55422279576027,9.432760444383911,dentro_sezione,0.0
2026-07-29T19:25:40+00:00,151060000002,Gessate,0.7425160242073031,Local road,full,0.0,45.560255313571915,9.432396762804721,dentro_sezione,0.0
2026-07-29T19:25:40+00:00,151060000001,Gessate,0.6955934512145499,Local road,one_side,0.0,45.555846588990775,9.43116296524165,dentro_sezione,0.0
2026-07-29T19:25:40+00:00,151060000024,Gessate,0.7259449304054464,Local road,one_side,0.0,45.555846588990775,9.43116296524165,dentro_sezione,0.0
2026-07-29T19:25:40+00:00,151060000002,Gessate,0.7425160242073031,Local road,one_side,0.0,45.555846588990775,9.43116296524165,dentro_sezione,0.0
2026-07-29T19:25:40+00:00,151780000007,Pozzuolo Martesana,0.6870828006360621,Major local road,one_side,0.0,45.5162997071174,9.452851839905524,dentro_sezione,0.0
2026-07-29T19:25:40+00:00,151780000006,Pozzuolo Martesana,0.7249463935793504,Local road,one_side,0.0,45.51383675500905,9.455127776174606,dentro_sezione,0.0
2026-07-29T19:25:40+00:00,151780000010,Pozzuolo Martesana,0.7180720735800431,Local road,one_side,0.0,45.51383675500905,9.455127776174606,dentro_sezione,0.0
2026-07-29T19:25:40+00:00,151780000006,Pozzuolo Martesana,0.7249463935793504,Local road,one_side,0.0,45.51352177880894,9.45403040996121,dentro_sezione,0.0
2026-07-29T19:25:40+00:00,151780000010,Pozzuolo Martesana,0.7180720735800431,Local road,one_side,0.0,45.51352177880894,9.45403040996121,dentro_sezione,0.0
2026-07-29T19:25:40+00:00,151780000010,Pozzuolo Martesana,0.7180720735800431,Connecting road,one_side,0.1340000033378601,45.513282836892785,9.460879415273666,dentro_sezione,0.0
2026-07-29T19:25:40+00:00,151780000010,Pozzuolo Martesana,0.7180720735800431,Connecting road,full,0.0,45.513599351573255,9.460939502465216,dentro_sezione,0.0
2026-07-29T19:25:40+00:00,151780000007,Pozzuolo Martesana,0.6870828006360621,Connecting road,full,0.0,45.513599351573255,9.460939502465216,dentro_sezione,0.0
2026-07-29T19:25:40+00:00,151780000010,Pozzuolo Martesana,0.7180720735800431,Connecting road,one_side,0.0,45.51563230942477,9.465522674635114,dentro_sezione,0.0
2026-07-29T19:25:40+00:00,151780000007,Pozzuolo Martesana,0.6870828006360621,Connecting road,one_side,0.0,45.51563230942477,9.465522674635114,dentro_sezione,0.0
2026-07-29T19:25:40+00:00,151780000010,Pozzuolo Martesana,0.7180720735800431,Major local road,one_side,0.0,45.51532070853119,9.459851812271916,dentro_sezione,0.0
2026-07-29T19:25:40+00:00,151780000007,Pozzuolo Martesana,0.6870828006360621,Major local road,one_side,0.0,45.51532070853119,9.459851812271916,dentro_sezione,0.0
2026-07-29T19:25:40+00:00,151780000006,Pozzuolo Martesana,0.7249463935793504,Local road,one_side,0.0,45.51362060641403,9.459314526874598,dentro_sezione,0.0
2026-07-29T19:25:40+00:00,151780000010,Pozzuolo Martesana,0.7180720735800431,Local road,one_side,0.0,45.51362060641403,9.459314526874598,dentro_sezione,0.0
2026-07-29T19:25:40+00:00,151780000010,Pozzuolo Martesana,0.7180720735800431,Connecting road,one_side,0.1340000033378601,45.50943334498633,9.460071327435866,dentro_sezione,0.0
2026-07-29T19:25:40+00:00,151780000010,Pozzuolo Martesana,0.7180720735800431,Connecting road,full,0.0,45.513599351573255,9.460939502465216,dentro_sezione,0.0
2026-07-29T19:25:40+00:00,151780000007,Pozzuolo Martesana,0.6870828006360621,Connecting road,full,0.0,45.513599351573255,9.460939502465216,dentro_sezione,0.0
2026-07-29T19:25:40+00:00,151780000010,Pozzuolo Martesana,0.7180720735800431,Connecting road,one_side,0.0,45.5126396998471,9.4642381124422,dentro_sezione,0.0
2026-07-29T19:25:40+00:00,151780000007,Pozzuolo Martesana,0.6870828006360621,Connecting road,one_side,0.0,45.5126396998471,9.4642381124422,dentro_sezione,0.0
2026-07-29T19:25:40+00:00,151780000010,Pozzuolo Martesana,0.7180720735800431,Major local road,one_side,0.0,45.514391786615064,9.460879607557235,dentro_sezione,0.0
2026-07-29T19:25:40+00:00,151780000007,Pozzuolo Martesana,0.6870828006360621,Major local road,one_side,0.0,45.514391786615064,9.460879607557235,dentro_sezione,0.0
2026-07-29T19:25:40+00:00,151780000006,Pozzuolo Martesana,0.7249463935793504,Local road,one_side,0.0,45.51362060641403,9.459314526874598,dentro_sezione,0.0
2026-07-29T19:25:40+00:00,151780000010,Pozzuolo Martesana,0.7180720735800431,Local road,one_side,0.0,45.51362060641403,9.459314526874598,dentro_sezione,0.0
2026-07-29T19:25:40+00:00,152240000010,Truccazzano,0.7476905228465803,Connecting road,one_side,0.0,45.463656188833134,9.475532115410585,dentro_sezione,0.0
2026-07-29T19:25:40+00:00,150590000040,Cassano d'Adda,0.8090312749814579,Connecting road,full,0.0,45.50586857074825,9.527646386145808,dentro_sezione,0.0
2026-07-29T19:25:40+00:00,150590000040,Cassano d'Adda,0.8090312749814579,Connecting road,one_side,0.0,45.506227865561726,9.526025437081474,dentro_sezione,0.0
2026-07-29T19:25:40+00:00,150590000040,Cassano d'Adda,0.8090312749814579,Connecting road,full,0.0,45.50465141333191,9.53149248144333,dentro_sezione,0.0
2026-07-29T19:25:40+00:00,150590000040,Cassano d'Adda,0.8090312749814579,Connecting road,one_side,0.0,45.50481444915567,9.530592811924295,dentro_sezione,0.0
2026-07-29T19:25:40+00:00,150990000018,Dairago,0.7297543772564479,Connecting road,one_side,0.0,45.564686052346,8.860306390456056,piu_vicino_esterno,163.7
2026-07-29T19:25:40+00:00,150770000392,Cinisello Balsamo,0.7272782368032968,Connecting road,one_side,0.0,45.57128500494079,9.209350914619835,piu_vicino_esterno,251.1
2026-07-29T19:25:40+00:00,150770000393,Cinisello Balsamo,0.714057724663571,Connecting road,one_side,0.0,45.57128500494079,9.209350914619835,piu_vicino_esterno,263.7
2026-07-29T19:31:09+00:00,151830000004,Robecchetto con Induno,0.7553527057173448,Connecting road,one_side,0.0,45.524309692433015,8.772144027552589,dentro_sezione,0.0
2026-07-29T19:31:09+00:00,151830000005,Robecchetto con Induno,0.7359793597243346,Connecting road,one_side,0.0,45.524309692433015,8.772144027552589,dentro_sezione,0.0
2026-07-29T19:31:09+00:00,151830000004,Robecchetto con Induno,0.7553527057173448,Major local road,one_side,0.0,45.52593707033944,8.774034097590642,dentro_sezione,0.0
2026-07-29T19:31:09+00:00,151830000005,Robecchetto con Induno,0.7359793597243346,Major local road,one_side,0.0,45.52593707033944,8.774034097590642,dentro_sezione,0.0
2026-07-29T19:31:09+00:00,151830000004,Robecchetto con Induno,0.7553527057173448,Local road,full,0.0,45.52665341304878,8.77813513370993,dentro_sezione,0.0
2026-07-29T19:31:09+00:00,151830000005,Robecchetto con Induno,0.7359793597243346,Local road,full,0.0,45.52665341304878,8.77813513370993,dentro_sezione,0.0
2026-07-29T19:31:09+00:00,151830000004,Robecchetto con Induno,0.7553527057173448,Local road,one_side,0.0,45.52750090024759,8.777482354636556,dentro_sezione,0.0
2026-07-29T19:31:09+00:00,151830000005,Robecchetto con Induno,0.7359793597243346,Local road,one_side,0.0,45.52750090024759,8.777482354636556,dentro_sezione,0.0
2026-07-29T19:31:09+00:00,151830000004,Robecchetto con Induno,0.7553527057173448,Minor local road,one_side,0.0,45.5246629407847,8.777006510696419,dentro_sezione,0.0
2026-07-29T19:31:09+00:00,151830000005,Robecchetto con Induno,0.7359793597243346,Minor local road,one_side,0.0,45.5246629407847,8.777006510696419,dentro_sezione,0.0
2026-07-29T19:31:09+00:00,151830000004,Robecchetto con Induno,0.7553527057173448,Connecting road,one_side,0.0,45.52127522697483,8.777696798566893,dentro_sezione,0.0
2026-07-29T19:31:09+00:00,151830000005,Robecchetto con Induno,0.7359793597243346,Connecting road,one_side,0.0,45.52127522697483,8.777696798566893,dentro_sezione,0.0
2026-07-29T19:31:09+00:00,151830000004,Robecchetto con Induno,0.7553527057173448,Major local road,one_side,0.0,45.52003006239406,8.771803302455004,dentro_sezione,0.0
2026-07-29T19:31:09+00:00,151830000004,Robecchetto con Induno,0.7553527057173448,Connecting road,one_side,0.0,45.521384299391016,8.77747167238986,dentro_sezione,0.0
2026-07-29T19:31:09+00:00,151830000005,Robecchetto con Induno,0.7359793597243346,Connecting road,one_side,0.0,45.521384299391016,8.77747167238986,dentro_sezione,0.0
2026-07-29T19:31:09+00:00,151830000005,Robecchetto con Induno,0.7359793597243346,Major local road,full,0.0,45.52572185698712,8.781758926879993,dentro_sezione,0.0
2026-07-29T19:31:09+00:00,151830000004,Robecchetto con Induno,0.7553527057173448,Major local road,one_side,0.0,45.52545606758585,8.783235613334185,dentro_sezione,0.0
2026-07-29T19:31:09+00:00,151830000005,Robecchetto con Induno,0.7359793597243346,Major local road,one_side,0.0,45.52545606758585,8.783235613334185,dentro_sezione,0.0
2026-07-29T19:31:09+00:00,151830000004,Robecchetto con Induno,0.7553527057173448,Local road,full,0.0,45.52665017246545,8.778138354718036,dentro_sezione,0.0
2026-07-29T19:31:09+00:00,151830000005,Robecchetto con Induno,0.7359793597243346,Local road,full,0.0,45.52665017246545,8.778138354718036,dentro_sezione,0.0
2026-07-29T19:31:09+00:00,151830000004,Robecchetto con Induno,0.7553527057173448,Local road,one_side,0.0,45.52614843665075,8.779160738634744,dentro_sezione,0.0
2026-07-29T19:31:09+00:00,151830000005,Robecchetto con Induno,0.7359793597243346,Local road,one_side,0.0,45.52614843665075,8.779160738634744,dentro_sezione,0.0
2026-07-29T19:31:09+00:00,151830000004,Robecchetto con Induno,0.7553527057173448,Minor local road,one_side,0.0,45.524831941765086,8.777906603428388,dentro_sezione,0.0
2026-07-29T19:31:09+00:00,151830000005,Robecchetto con Induno,0.7359793597243346,Minor local road,one_side,0.0,45.524831941765086,8.777906603428388,dentro_sezione,0.0
2026-07-29T19:31:09+00:00,151830000004,Robecchetto con Induno,0.7553527057173448,Connecting road,one_side,0.02899998426437378,45.51569466908661,8.78082641444634,dentro_sezione,0.0
2026-07-29T19:31:09+00:00,151830000005,Robecchetto con Induno,0.7359793597243346,Connecting road,one_side,0.02899998426437378,45.51569466908661,8.78082641444634,dentro_sezione,0.0
2026-07-29T19:31:09+00:00,151830000004,Robecchetto con Induno,0.7553527057173448,Connecting road,one_side,0.0,45.5186934596118,8.779618027998698,dentro_sezione,0.0
2026-07-29T19:31:09+00:00,151830000005,Robecchetto con Induno,0.7359793597243346,Connecting road,one_side,0.0,45.5186934596118,8.779618027998698,dentro_sezione,0.0
2026-07-29T19:31:09+00:00,151830000004,Robecchetto con Induno,0.7553527057173448,Major local road,one_side,0.0,45.52129064980628,8.777203055737562,dentro_sezione,0.0
2026-07-29T19:31:09+00:00,150990000004,Dairago,0.7676872328697544,Connecting road,one_side,0.0,45.559969756077514,8.855855576146451,dentro_sezione,0.0
2026-07-29T19:31:09+00:00,150990000005,Dairago,0.7542589327199739,Connecting road,one_side,0.0,45.559969756077514,8.855855576146451,dentro_sezione,0.0
2026-07-29T19:31:09+00:00,150990000006,Dairago,0.7709685518618672,Secondary road,one_side,0.761000007390976,45.577741311180816,8.860052659197983,dentro_sezione,0.0
2026-07-29T19:31:09+00:00,150990000006,Dairago,0.7709685518618672,Secondary road,one_side,0.5480000078678131,45.5777463162237,8.860049850307782,dentro_sezione,0.0
2026-07-29T19:31:09+00:00,150990000006,Dairago,0.7709685518618672,Secondary road,one_side,0.13700002431869507,45.57550377845801,8.861572145141743,dentro_sezione,0.0
2026-07-29T19:31:09+00:00,150990000006,Dairago,0.7709685518618672,Secondary road,one_side,0.06000000238418579,45.57550593488915,8.861569898674606,dentro_sezione,0.0
2026-07-29T19:31:09+00:00,150990000006,Dairago,0.7709685518618672,Secondary road,one_side,0.761000007390976,45.576266444336554,8.861078712573057,dentro_sezione,0.0
2026-07-29T19:31:09+00:00,150990000006,Dairago,0.7709685518618672,Secondary road,one_side,0.5480000078678131,45.576270458340744,8.861078470945358,dentro_sezione,0.0
2026-07-29T19:31:09+00:00,150990000006,Dairago,0.7709685518618672,Secondary road,full,0.13700002431869507,45.574130222271364,8.862384773534133,dentro_sezione,0.0
2026-07-29T19:31:09+00:00,150990000006,Dairago,0.7709685518618672,Secondary road,one_side,0.13700002431869507,45.5752231718279,8.861740512995713,dentro_sezione,0.0
2026-07-29T19:31:09+00:00,150990000006,Dairago,0.7709685518618672,Secondary road,full,0.06000000238418579,45.57413880688018,8.862438694596689,dentro_sezione,0.0
2026-07-29T19:31:09+00:00,150990000006,Dairago,0.7709685518618672,Secondary road,one_side,0.06000000238418579,45.575225457456405,8.86173846888984,dentro_sezione,0.0
2026-07-29T19:31:09+00:00,150990000006,Dairago,0.7709685518618672,Secondary road,full,0.0,45.57386472233244,8.862566283510171,dentro_sezione,0.0
2026-07-29T19:31:09+00:00,150990000005,Dairago,0.7542589327199739,Secondary road,one_side,0.0,45.57043341609905,8.864191937538157,dentro_sezione,0.0
2026-07-29T19:31:09+00:00,150990000001,Dairago,0.7159220448648945,Secondary road,one_side,0.0,45.57043341609905,8.864191937538157,dentro_sezione,0.0
2026-07-29T19:31:09+00:00,150990000002,Dairago,0.6942688026504515,Secondary road,one_side,0.0,45.57043341609905,8.864191937538157,dentro_sezione,0.0
2026-07-29T19:31:09+00:00,150990000006,Dairago,0.7709685518618672,Secondary road,one_side,0.0,45.57043341609905,8.864191937538157,dentro_sezione,0.0
2026-07-29T19:31:09+00:00,150990000005,Dairago,0.7542589327199739,Connecting road,one_side,0.0,45.56869535247887,8.862106087174277,dentro_sezione,0.0
2026-07-29T19:31:09+00:00,150990000001,Dairago,0.7159220448648945,Connecting road,one_side,0.0,45.56869535247887,8.862106087174277,dentro_sezione,0.0
2026-07-29T19:31:09+00:00,150990000002,Dairago,0.6942688026504515,Connecting road,one_side,0.0,45.56869535247887,8.862106087174277,dentro_sezione,0.0
2026-07-29T19:31:09+00:00,150990000006,Dairago,0.7709685518618672,Connecting road,one_side,0.0,45.56869535247887,8.862106087174277,dentro_sezione,0.0
2026-07-29T19:31:09+00:00,150990000005,Dairago,0.7542589327199739,Local road,full,0.0,45.57115044782316,8.861418408582644,dentro_sezione,0.0
2026-07-29T19:31:09+00:00,150990000006,Dairago,0.7709685518618672,Local road,full,0.0,45.57115044782316,8.861418408582644,dentro_sezione,0.0
2026-07-29T19:31:09+00:00,150990000005,Dairago,0.7542589327199739,Local road,one_side,0.0,45.57092412688219,8.861752614264068,dentro_sezione,0.0
2026-07-29T19:31:09+00:00,150990000006,Dairago,0.7709685518618672,Local road,one_side,0.0,45.57092412688219,8.861752614264068,dentro_sezione,0.0
2026-07-29T19:31:09+00:00,150990000006,Dairago,0.7709685518618672,Minor local road,full,0.0,45.57390108315492,8.862335085868835,dentro_sezione,0.0
2026-07-29T19:31:09+00:00,150990000006,Dairago,0.7709685518618672,Minor local road,one_side,0.0,45.57342910946712,8.861447226380976,dentro_sezione,0.0
2026-07-29T19:31:09+00:00,150990000004,Dairago,0.7676872328697544,Secondary road,one_side,0.0,45.566099571560876,8.865997052469073,dentro_sezione,0.0
2026-07-29T19:31:09+00:00,150990000001,Dairago,0.7159220448648945,Secondary road,one_side,0.0,45.566099571560876,8.865997052469073,dentro_sezione,0.0
2026-07-29T19:31:09+00:00,150990000002,Dairago,0.6942688026504515,Secondary road,one_side,0.0,45.566099571560876,8.865997052469073,dentro_sezione,0.0
2026-07-29T19:31:09+00:00,150990000004,Dairago,0.7676872328697544,Connecting road,full,0.0,45.56559331224461,8.864327222945509,dentro_sezione,0.0
2026-07-29T19:31:09+00:00,150990000005,Dairago,0.7542589327199739,Connecting road,full,0.0,45.56559331224461,8.864327222945509,dentro_sezione,0.0
2026-07-29T19:31:09+00:00,150990000001,Dairago,0.7159220448648945,Connecting road,full,0.0,45.56559331224461,8.864327222945509,dentro_sezione,0.0
2026-07-29T19:31:09+00:00,150990000002,Dairago,0.6942688026504515,Connecting road,full,0.0,45.56559331224461,8.864327222945509,dentro_sezione,0.0
2026-07-29T19:31:09+00:00,150990000004,Dairago,0.7676872328697544,Connecting road,one_side,0.0,45.564686052346,8.860306390456056,dentro_sezione,0.0
2026-07-29T19:31:09+00:00,150990000005,Dairago,0.7542589327199739,Connecting road,one_side,0.0,45.564686052346,8.860306390456056,dentro_sezione,0.0
2026-07-29T19:31:09+00:00,150990000001,Dairago,0.7159220448648945,Connecting road,one_side,0.0,45.564686052346,8.860306390456056,dentro_sezione,0.0
2026-07-29T19:31:09+00:00,150990000002,Dairago,0.6942688026504515,Connecting road,one_side,0.0,45.564686052346,8.860306390456056,dentro_sezione,0.0
2026-07-29T19:31:09+00:00,150990000004,Dairago,0.7676872328697544,Major local road,one_side,0.0,45.563239021472114,8.860581830730837,dentro_sezione,0.0
2026-07-29T19:31:09+00:00,150990000005,Dairago,0.7542589327199739,Major local road,one_side,0.0,45.563239021472114,8.860581830730837,dentro_sezione,0.0
2026-07-29T19:31:09+00:00,150990000001,Dairago,0.7159220448648945,Secondary road,one_side,0.0,45.567936262877204,8.86530759774731,dentro_sezione,0.0
2026-07-29T19:31:09+00:00,150990000002,Dairago,0.6942688026504515,Secondary road,one_side,0.0,45.567936262877204,8.86530759774731,dentro_sezione,0.0
2026-07-29T19:31:09+00:00,150990000004,Dairago,0.7676872328697544,Secondary road,one_side,0.0,45.564009304627184,8.866927104572802,dentro_sezione,0.0
2026-07-29T19:31:09+00:00,150990000001,Dairago,0.7159220448648945,Secondary road,one_side,0.0,45.564009304627184,8.866927104572802,dentro_sezione,0.0
2026-07-29T19:31:09+00:00,150990000002,Dairago,0.6942688026504515,Secondary road,one_side,0.0,45.564009304627184,8.866927104572802,dentro_sezione,0.0
2026-07-29T19:31:09+00:00,150990000004,Dairago,0.7676872328697544,Connecting road,full,0.0,45.566236844428026,8.865384249111933,dentro_sezione,0.0
2026-07-29T19:31:09+00:00,150990000001,Dairago,0.7159220448648945,Connecting road,full,0.0,45.566236844428026,8.865384249111933,dentro_sezione,0.0
2026-07-29T19:31:09+00:00,150990000002,Dairago,0.6942688026504515,Connecting road,full,0.0,45.566236844428026,8.865384249111933,dentro_sezione,0.0
2026-07-29T19:31:09+00:00,150990000004,Dairago,0.7676872328697544,Connecting road,one_side,0.0,45.565772277047955,8.87122243071949,dentro_sezione,0.0
2026-07-29T19:31:09+00:00,150990000001,Dairago,0.7159220448648945,Connecting road,one_side,0.0,45.565772277047955,8.87122243071949,dentro_sezione,0.0
2026-07-29T19:31:09+00:00,150990000002,Dairago,0.6942688026504515,Connecting road,one_side,0.0,45.565772277047955,8.87122243071949,dentro_sezione,0.0
2026-07-29T19:31:09+00:00,151840000003,Robecco sul Naviglio,0.7196016242096119,Secondary road,full,0.0,45.43738004527872,8.884716475393938,dentro_sezione,0.0
2026-07-29T19:31:09+00:00,151840000006,Robecco sul Naviglio,0.7230185825971769,Secondary road,full,0.0,45.43738004527872,8.884716475393938,dentro_sezione,0.0
2026-07-29T19:31:09+00:00,151840000004,Robecco sul Naviglio,0.7107590900039538,Secondary road,full,0.0,45.43738004527872,8.884716475393938,dentro_sezione,0.0
2026-07-29T19:31:09+00:00,151840000006,Robecco sul Naviglio,0.7230185825971769,Secondary road,one_side,0.0,45.441021454681305,8.886726811167174,dentro_sezione,0.0
2026-07-29T19:31:09+00:00,151840000004,Robecco sul Naviglio,0.7107590900039538,Secondary road,one_side,0.0,45.441021454681305,8.886726811167174,dentro_sezione,0.0
2026-07-29T19:31:09+00:00,151840000004,Robecco sul Naviglio,0.7107590900039538,Connecting road,one_side,0.0,45.44215302778418,8.881694311544635,dentro_sezione,0.0
2026-07-29T19:31:09+00:00,151840000008,Robecco sul Naviglio,0.7257111688941349,Connecting road,one_side,0.0,45.44215302778418,8.881694311544635,dentro_sezione,0.0
2026-07-29T19:31:09+00:00,151840000008,Robecco sul Naviglio,0.7257111688941349,Minor local road,one_side,0.0,45.44305633774382,8.87880615453956,dentro_sezione,0.0
2026-07-29T19:31:09+00:00,151840000003,Robecco sul Naviglio,0.7196016242096119,Secondary road,full,0.0,45.436020247875916,8.88427360275287,dentro_sezione,0.0
2026-07-29T19:31:09+00:00,151840000006,Robecco sul Naviglio,0.7230185825971769,Secondary road,full,0.0,45.436020247875916,8.88427360275287,dentro_sezione,0.0
2026-07-29T19:31:09+00:00,151840000004,Robecco sul Naviglio,0.7107590900039538,Secondary road,full,0.0,45.436020247875916,8.88427360275287,dentro_sezione,0.0
2026-07-29T19:31:09+00:00,151840000003,Robecco sul Naviglio,0.7196016242096119,Secondary road,one_side,0.0,45.432741752237355,8.885387574658592,dentro_sezione,0.0
2026-07-29T19:31:09+00:00,151840000006,Robecco sul Naviglio,0.7230185825971769,Secondary road,one_side,0.0,45.432741752237355,8.885387574658592,dentro_sezione,0.0
2026-07-29T19:31:09+00:00,151840000004,Robecco sul Naviglio,0.7107590900039538,Secondary road,one_side,0.0,45.432741752237355,8.885387574658592,dentro_sezione,0.0
2026-07-29T19:31:09+00:00,151840000003,Robecco sul Naviglio,0.7196016242096119,Connecting road,full,0.0,45.434818033444905,8.888212023960996,dentro_sezione,0.0
2026-07-29T19:31:09+00:00,151840000004,Robecco sul Naviglio,0.7107590900039538,Connecting road,full,0.0,45.434818033444905,8.888212023960996,dentro_sezione,0.0
2026-07-29T19:31:09+00:00,151840000003,Robecco sul Naviglio,0.7196016242096119,Connecting road,one_side,0.0,45.43218495639539,8.879627085051737,dentro_sezione,0.0
2026-07-29T19:31:09+00:00,151840000006,Robecco sul Naviglio,0.7230185825971769,Connecting road,one_side,0.0,45.43218495639539,8.879627085051737,dentro_sezione,0.0
2026-07-29T19:31:09+00:00,150410000011,Busto Garolfo,0.7031690557477914,Major local road,one_side,0.0,45.547462481839126,8.892937891739695,dentro_sezione,0.0
2026-07-29T19:31:09+00:00,150410000011,Busto Garolfo,0.7031690557477914,Local road,one_side,0.0,45.54847842090824,8.888772558313534,dentro_sezione,0.0
2026-07-29T19:31:09+00:00,150410000011,Busto Garolfo,0.7031690557477914,Connecting road,one_side,0.0,45.54197439189159,8.89465136982906,dentro_sezione,0.0
2026-07-29T19:31:09+00:00,150410000011,Busto Garolfo,0.7031690557477914,Major local road,one_side,0.0,45.544562915692,8.895608895264767,dentro_sezione,0.0
2026-07-29T19:31:09+00:00,150410000011,Busto Garolfo,0.7031690557477914,Local road,one_side,0.0,45.540993787214255,8.89150577347488,dentro_sezione,0.0
2026-07-29T19:31:09+00:00,151840000003,Robecco sul Naviglio,0.7196016242096119,Secondary road,full,0.0,45.43673429376078,8.88704731701488,dentro_sezione,0.0
2026-07-29T19:31:09+00:00,151840000004,Robecco sul Naviglio,0.7107590900039538,Secondary road,full,0.0,45.43673429376078,8.88704731701488,dentro_sezione,0.0
2026-07-29T19:31:09+00:00,151840000004,Robecco sul Naviglio,0.7107590900039538,Secondary road,one_side,0.0,45.44129080099548,8.887639896752052,dentro_sezione,0.0
2026-07-29T19:31:09+00:00,151840000003,Robecco sul Naviglio,0.7196016242096119,Secondary road,full,0.0,45.43465511634912,8.88814045588459,dentro_sezione,0.0
2026-07-29T19:31:09+00:00,151840000004,Robecco sul Naviglio,0.7107590900039538,Secondary road,full,0.0,45.43465511634912,8.88814045588459,dentro_sezione,0.0
2026-07-29T19:31:09+00:00,151840000003,Robecco sul Naviglio,0.7196016242096119,Connecting road,full,0.0,45.433208070156475,8.889242619884701,dentro_sezione,0.0
2026-07-29T19:31:09+00:00,151840000004,Robecco sul Naviglio,0.7107590900039538,Connecting road,full,0.0,45.433208070156475,8.889242619884701,dentro_sezione,0.0
2026-07-29T19:31:09+00:00,150720000017,Cerro Maggiore,0.6999223680906879,Secondary road,one_side,0.0,45.59436108289236,8.957078559801907,dentro_sezione,0.0
2026-07-29T19:31:09+00:00,150720000017,Cerro Maggiore,0.6999223680906879,Secondary road,full,0.0,45.58848035915598,8.9642983740158,dentro_sezione,0.0
2026-07-29T19:31:09+00:00,150720000017,Cerro Maggiore,0.6999223680906879,Secondary road,one_side,0.0,45.59053028893129,8.961361051470247,dentro_sezione,0.0
2026-07-29T19:31:09+00:00,150720000017,Cerro Maggiore,0.6999223680906879,Major local road,one_side,0.0,45.58829146872337,8.959288092130175,dentro_sezione,0.0
2026-07-29T19:31:09+00:00,150720000017,Cerro Maggiore,0.6999223680906879,Secondary road,full,0.0,45.58756210472569,8.966193376164924,dentro_sezione,0.0
2026-07-29T19:31:09+00:00,150720000017,Cerro Maggiore,0.6999223680906879,Secondary road,one_side,0.0,45.58536762844651,8.971044060006122,dentro_sezione,0.0
2026-07-29T19:31:09+00:00,150720000017,Cerro Maggiore,0.6999223680906879,Connecting road,one_side,0.0,45.58803245184286,8.973497377206987,dentro_sezione,0.0
2026-07-29T19:31:09+00:00,150220000001,Besate,0.8066359409766615,Secondary road,full,0.0,45.31397405974819,8.970680438795323,dentro_sezione,0.0
2026-07-29T19:31:09+00:00,150220000002,Besate,0.8457837792598706,Secondary road,full,0.0,45.31397405974819,8.970680438795323,dentro_sezione,0.0
2026-07-29T19:31:09+00:00,150220000001,Besate,0.8066359409766615,Secondary road,one_side,0.0,45.31693428516195,8.970520214464711,dentro_sezione,0.0
2026-07-29T19:31:09+00:00,150220000002,Besate,0.8457837792598706,Secondary road,one_side,0.0,45.31693428516195,8.970520214464711,dentro_sezione,0.0
2026-07-29T19:31:09+00:00,150220000001,Besate,0.8066359409766615,Secondary road,full,0.0,45.31230807897691,8.970803137994647,dentro_sezione,0.0
2026-07-29T19:31:09+00:00,150220000002,Besate,0.8457837792598706,Secondary road,full,0.0,45.31230807897691,8.970803137994647,dentro_sezione,0.0
2026-07-29T19:31:09+00:00,150220000001,Besate,0.8066359409766615,Secondary road,one_side,0.0,45.30850050611067,8.971050499191625,dentro_sezione,0.0
2026-07-29T19:31:09+00:00,150220000002,Besate,0.8457837792598706,Secondary road,one_side,0.0,45.30850050611067,8.971050499191625,dentro_sezione,0.0
2026-07-29T19:31:09+00:00,150220000002,Besate,0.8457837792598706,Connecting road,one_side,0.0,45.31011677645614,8.97243897841263,dentro_sezione,0.0
2026-07-29T19:31:09+00:00,151030000093,Gaggiano,0.7171341415902132,Connecting road,full,0.0,45.37753558005545,9.02820117450363,dentro_sezione,0.0
2026-07-29T19:31:09+00:00,151030000093,Gaggiano,0.7171341415902132,Connecting road,one_side,0.0,45.37922478434031,9.025526004065227,dentro_sezione,0.0
2026-07-29T19:31:09+00:00,152360000001,Vernate,0.7404237143838364,Major road,full,0.0,45.33115422928388,9.051982675890759,dentro_sezione,0.0
2026-07-29T19:31:09+00:00,152360000001,Vernate,0.7404237143838364,Major road,one_side,0.0,45.333667378972784,9.04899330877629,dentro_sezione,0.0
2026-07-29T19:31:09+00:00,152360000001,Vernate,0.7404237143838364,Secondary road,full,0.0,45.33085582197837,9.05174506782142,dentro_sezione,0.0
2026-07-29T19:31:09+00:00,152360000001,Vernate,0.7404237143838364,Secondary road,one_side,0.0,45.3294711922926,9.049540764120502,dentro_sezione,0.0
2026-07-29T19:31:09+00:00,152360000004,Vernate,0.7248915606322527,Connecting road,full,0.0,45.31713370461864,9.060332435953853,dentro_sezione,0.0
2026-07-29T19:31:09+00:00,152360000004,Vernate,0.7248915606322527,Connecting road,one_side,0.0,45.31685556517416,9.058201381824388,dentro_sezione,0.0
2026-07-29T19:31:09+00:00,150270000044,Bollate,0.7092237674852166,Connecting road,full,0.0,45.551101576535864,9.141299958119559,dentro_sezione,0.0
2026-07-29T19:31:09+00:00,150270000044,Bollate,0.7092237674852166,Connecting road,one_side,0.0,45.54765211863531,9.13664998664483,dentro_sezione,0.0
2026-07-29T19:31:09+00:00,150270000044,Bollate,0.7092237674852166,Local road,full,0.0,45.5486136227763,9.137978497546188,dentro_sezione,0.0
2026-07-29T19:31:09+00:00,150270000044,Bollate,0.7092237674852166,Local road,one_side,0.0,45.54824986471238,9.135017346615326,dentro_sezione,0.0
2026-07-29T19:31:09+00:00,150270000046,Bollate,0.7233042911110021,Motorway,full,0.0,45.548637494915916,9.147269678190169,dentro_sezione,0.0
2026-07-29T19:31:09+00:00,150270000046,Bollate,0.7233042911110021,Secondary road,full,0.0,45.55070810723628,9.146664038825996,dentro_sezione,0.0
2026-07-29T19:31:09+00:00,150270000044,Bollate,0.7092237674852166,Connecting road,full,0.0,45.55017918548694,9.146031515963527,dentro_sezione,0.0
2026-07-29T19:31:09+00:00,150270000046,Bollate,0.7233042911110021,Connecting road,one_side,0.0,45.54844611685997,9.144391397351994,dentro_sezione,0.0
2026-07-29T19:31:09+00:00,150270000044,Bollate,0.7092237674852166,Connecting road,one_side,0.0,45.54844611685997,9.144391397351994,dentro_sezione,0.0
2026-07-29T19:31:09+00:00,150270000046,Bollate,0.7233042911110021,Major local road,one_side,0.0,45.547104666833036,9.147278688778757,dentro_sezione,0.0
2026-07-29T19:31:09+00:00,150270000044,Bollate,0.7092237674852166,Local road,full,0.0,45.549132817135515,9.14128879881228,dentro_sezione,0.0
2026-07-29T19:31:09+00:00,150270000044,Bollate,0.7092237674852166,Local road,one_side,0.0,45.55087472061718,9.140988204592569,dentro_sezione,0.0
2026-07-29T19:31:09+00:00,151660000079,Paderno Dugnano,0.7118644067796609,Major local road,full,0.0,45.57182786079618,9.158215086509971,dentro_sezione,0.0
2026-07-29T19:31:09+00:00,151660000079,Paderno Dugnano,0.7118644067796609,Major local road,one_side,0.0,45.57115547810489,9.15556725583581,dentro_sezione,0.0
2026-07-29T19:31:09+00:00,151660000079,Paderno Dugnano,0.7118644067796609,Local road,one_side,0.0,45.5697584120831,9.154184216067337,dentro_sezione,0.0
2026-07-29T19:31:09+00:00,151660000079,Paderno Dugnano,0.7118644067796609,Minor local road,full,0.0,45.569569956181454,9.157563682162007,dentro_sezione,0.0
2026-07-29T19:31:09+00:00,151660000079,Paderno Dugnano,0.7118644067796609,Major local road,full,0.0,45.56765660396396,9.16061173142433,dentro_sezione,0.0
2026-07-29T19:31:09+00:00,150770000455,Cinisello Balsamo,0.7342939680872247,Connecting road,full,0.0,45.5628198241358,9.20016664943403,dentro_sezione,0.0
2026-07-29T19:31:09+00:00,150770000308,Cinisello Balsamo,0.7375002525201512,Connecting road,full,0.0,45.5628198241358,9.20016664943403,dentro_sezione,0.0
2026-07-29T19:31:09+00:00,150770000455,Cinisello Balsamo,0.7342939680872247,Local road,one_side,0.0,45.56207030894774,9.204732755630442,dentro_sezione,0.0
2026-07-29T19:31:09+00:00,150770000308,Cinisello Balsamo,0.7375002525201512,Connecting road,one_side,0.0,45.57128500494079,9.209350914619835,dentro_sezione,0.0
2026-07-29T19:31:09+00:00,150770000310,Cinisello Balsamo,0.7121097120693088,Connecting road,one_side,0.0,45.57128500494079,9.209350914619835,dentro_sezione,0.0
2026-07-29T19:31:09+00:00,150770000370,Cinisello Balsamo,0.7379158285402604,Connecting road,one_side,0.0,45.57128500494079,9.209350914619835,dentro_sezione,0.0
2026-07-29T19:31:09+00:00,150770000370,Cinisello Balsamo,0.7379158285402604,Major local road,full,0.0,45.57139631159235,9.211628724443395,dentro_sezione,0.0
2026-07-29T19:31:09+00:00,150770000370,Cinisello Balsamo,0.7379158285402604,Major local road,one_side,0.0,45.57015685476648,9.213783784528827,dentro_sezione,0.0
2026-07-29T19:31:09+00:00,150770000308,Cinisello Balsamo,0.7375002525201512,Local road,full,0.0,45.56759310544539,9.21333004495521,dentro_sezione,0.0
2026-07-29T19:31:09+00:00,150770000455,Cinisello Balsamo,0.7342939680872247,Connecting road,full,0.0,45.565241334929205,9.208139213088042,dentro_sezione,0.0
2026-07-29T19:31:09+00:00,150770000308,Cinisello Balsamo,0.7375002525201512,Connecting road,full,0.0,45.565241334929205,9.208139213088042,dentro_sezione,0.0
2026-07-29T19:31:09+00:00,150770000308,Cinisello Balsamo,0.7375002525201512,Connecting road,one_side,0.0,45.567370928132085,9.210477903628986,dentro_sezione,0.0
2026-07-29T19:31:09+00:00,150770000310,Cinisello Balsamo,0.7121097120693088,Connecting road,one_side,0.0,45.567370928132085,9.210477903628986,dentro_sezione,0.0
2026-07-29T19:31:09+00:00,150770000308,Cinisello Balsamo,0.7375002525201512,Local road,full,0.0,45.56347293827522,9.21264285160202,dentro_sezione,0.0
2026-07-29T19:31:09+00:00,150770000455,Cinisello Balsamo,0.7342939680872247,Local road,one_side,0.0,45.56390554361116,9.211470433101258,dentro_sezione,0.0
2026-07-29T19:31:09+00:00,150770000308,Cinisello Balsamo,0.7375002525201512,Local road,one_side,0.0,45.56390554361116,9.211470433101258,dentro_sezione,0.0
2026-07-29T19:31:09+00:00,151590000022,Opera,0.730949158314262,Secondary road,full,0.0,45.40232137581589,9.209133230722834,dentro_sezione,0.0
2026-07-29T19:31:09+00:00,151460002842,Milano,0.741696415945421,Secondary road,full,0.0,45.40232137581589,9.209133230722834,dentro_sezione,0.0
2026-07-29T19:31:09+00:00,151590000022,Opera,0.730949158314262,Secondary road,full,0.0,45.39225546547591,9.211072481355576,dentro_sezione,0.0
2026-07-29T19:31:09+00:00,151460002842,Milano,0.741696415945421,Secondary road,full,0.0,45.39225546547591,9.211072481355576,dentro_sezione,0.0
2026-07-29T19:31:09+00:00,151590000022,Opera,0.730949158314262,Minor local road,full,0.0,45.39381965364314,9.211481553911986,dentro_sezione,0.0
2026-07-29T19:31:09+00:00,151590000014,Opera,0.7350933747370183,Minor local road,full,0.0,45.39381965364314,9.211481553911986,dentro_sezione,0.0
2026-07-29T19:31:09+00:00,151590000013,Opera,0.7339534266263019,Minor local road,one_side,0.0,45.39336750739379,9.211614956889422,dentro_sezione,0.0
2026-07-29T19:31:09+00:00,151590000022,Opera,0.730949158314262,Minor local road,one_side,0.0,45.39336750739379,9.211614956889422,dentro_sezione,0.0
2026-07-29T19:31:09+00:00,151590000014,Opera,0.7350933747370183,Minor local road,one_side,0.0,45.39336750739379,9.211614956889422,dentro_sezione,0.0
2026-07-29T19:31:09+00:00,151460002739,Milano,0.7105830473843242,Local road,one_side,0.0,45.416399000279455,9.239352252220206,dentro_sezione,0.0
2026-07-29T19:31:09+00:00,151460002738,Milano,0.694095645975406,Local road,one_side,0.0,45.416399000279455,9.239352252220206,dentro_sezione,0.0
2026-07-29T19:31:09+00:00,151460002739,Milano,0.7105830473843242,Local road,one_side,0.0,45.41530469682335,9.241945604240724,dentro_sezione,0.0
2026-07-29T19:31:09+00:00,151460002738,Milano,0.694095645975406,Local road,one_side,0.0,45.41530469682335,9.241945604240724,dentro_sezione,0.0
2026-07-29T19:31:09+00:00,150700000003,Cernusco sul Naviglio,0.69710280023203,Connecting road,full,0.0,45.526320116081415,9.322236627355936,dentro_sezione,0.0
2026-07-29T19:31:09+00:00,150700000003,Cernusco sul Naviglio,0.69710280023203,Connecting road,one_side,0.0,45.52385482525997,9.32355774741958,dentro_sezione,0.0
2026-07-29T19:31:09+00:00,151390000001,Mediglia,0.726435540984742,Connecting road,one_side,0.0,45.40120559797648,9.320046818976916,dentro_sezione,0.0
2026-07-29T19:31:09+00:00,151390000003,Mediglia,0.7112179551928244,Major local road,full,0.0,45.40140869376171,9.325048126419558,dentro_sezione,0.0
2026-07-29T19:31:09+00:00,151390000004,Mediglia,0.7585618760948553,Major local road,full,0.0,45.40140869376171,9.325048126419558,dentro_sezione,0.0
2026-07-29T19:31:09+00:00,151390000001,Mediglia,0.726435540984742,Major local road,full,0.0,45.40140869376171,9.325048126419558,dentro_sezione,0.0
2026-07-29T19:31:09+00:00,151390000003,Mediglia,0.7112179551928244,Major local road,one_side,0.0,45.400344667152524,9.325511649512542,dentro_sezione,0.0
2026-07-29T19:31:09+00:00,151390000001,Mediglia,0.726435540984742,Major local road,one_side,0.0,45.400344667152524,9.325511649512542,dentro_sezione,0.0
2026-07-29T19:31:09+00:00,151390000001,Mediglia,0.726435540984742,Minor local road,one_side,0.0,45.4006120470024,9.322143495082855,dentro_sezione,0.0
2026-07-29T19:31:09+00:00,151390000005,Mediglia,0.7604290822407629,Connecting road,full,0.0,45.3963907308835,9.326313621966435,dentro_sezione,0.0
2026-07-29T19:31:09+00:00,151390000005,Mediglia,0.7604290822407629,Connecting road,one_side,0.0,45.39679434052438,9.32338812732594,dentro_sezione,0.0
2026-07-29T19:31:09+00:00,151390000005,Mediglia,0.7604290822407629,Local road,one_side,0.0,45.396140404746596,9.327497611614783,dentro_sezione,0.0
2026-07-29T19:31:09+00:00,151390000005,Mediglia,0.7604290822407629,Minor local road,one_side,0.0,45.39511055682533,9.328355728091662,dentro_sezione,0.0
2026-07-29T19:31:09+00:00,150700000003,Cernusco sul Naviglio,0.69710280023203,Connecting road,full,0.0,45.52576863285696,9.334861391479718,dentro_sezione,0.0
2026-07-29T19:31:09+00:00,150700000003,Cernusco sul Naviglio,0.69710280023203,Connecting road,one_side,0.0,45.524771461211785,9.331391066137858,dentro_sezione,0.0
2026-07-29T19:31:09+00:00,151390000003,Mediglia,0.7112179551928244,Major local road,full,0.0,45.40269867414756,9.332973177694676,dentro_sezione,0.0
2026-07-29T19:31:09+00:00,151390000004,Mediglia,0.7585618760948553,Major local road,full,0.0,45.40269867414756,9.332973177694676,dentro_sezione,0.0
2026-07-29T19:31:09+00:00,151390000005,Mediglia,0.7604290822407629,Major local road,one_side,0.0,45.39901575157139,9.328824437964817,dentro_sezione,0.0
2026-07-29T19:31:09+00:00,151390000005,Mediglia,0.7604290822407629,Connecting road,full,0.0,45.39638593209097,9.326481688905965,dentro_sezione,0.0
2026-07-29T19:31:09+00:00,151390000005,Mediglia,0.7604290822407629,Connecting road,one_side,0.0,45.393074928382816,9.32979317581705,dentro_sezione,0.0
2026-07-29T19:31:09+00:00,151390000006,Mediglia,0.7320891064249785,Major local road,full,0.0,45.39695368826313,9.331997118685997,dentro_sezione,0.0
2026-07-29T19:31:09+00:00,151390000005,Mediglia,0.7604290822407629,Major local road,full,0.0,45.39695368826313,9.331997118685997,dentro_sezione,0.0
2026-07-29T19:31:09+00:00,151390000006,Mediglia,0.7320891064249785,Major local road,one_side,0.0,45.39818813703475,9.330293207015123,dentro_sezione,0.0
2026-07-29T19:31:09+00:00,151390000005,Mediglia,0.7604290822407629,Major local road,one_side,0.0,45.39818813703475,9.330293207015123,dentro_sezione,0.0
2026-07-29T19:31:09+00:00,151390000006,Mediglia,0.7320891064249785,Local road,full,0.0,45.39608792001459,9.332509194682364,dentro_sezione,0.0
2026-07-29T19:31:09+00:00,151390000005,Mediglia,0.7604290822407629,Local road,full,0.0,45.39608792001459,9.332509194682364,dentro_sezione,0.0
2026-07-29T19:31:09+00:00,151390000006,Mediglia,0.7320891064249785,Local road,one_side,0.0,45.39326670139134,9.332485365519153,dentro_sezione,0.0
2026-07-29T19:31:09+00:00,151390000005,Mediglia,0.7604290822407629,Local road,one_side,0.0,45.39326670139134,9.332485365519153,dentro_sezione,0.0
2026-07-29T19:31:09+00:00,151390000006,Mediglia,0.7320891064249785,Minor local road,full,0.0,45.39522836417661,9.332302120406032,dentro_sezione,0.0
2026-07-29T19:31:09+00:00,151390000005,Mediglia,0.7604290822407629,Minor local road,full,0.0,45.39522836417661,9.332302120406032,dentro_sezione,0.0
2026-07-29T19:31:09+00:00,151390000005,Mediglia,0.7604290822407629,Minor local road,one_side,0.0,45.39511987030326,9.329358166936347,dentro_sezione,0.0
2026-07-29T19:31:09+00:00,151390000012,Mediglia,0.8052276000196243,Major local road,full,0.0,45.40192324569242,9.33925038288648,dentro_sezione,0.0
2026-07-29T19:31:09+00:00,151390000012,Mediglia,0.8052276000196243,Major local road,one_side,0.0,45.39971558766529,9.340347647666931,dentro_sezione,0.0
2026-07-29T19:31:09+00:00,151720000033,Pessano con Bornago,0.6917868903081323,Connecting road,full,0.0,45.550503057218656,9.371199885655058,dentro_sezione,0.0
2026-07-29T19:31:09+00:00,151720000033,Pessano con Bornago,0.6917868903081323,Connecting road,one_side,0.0,45.55027066137421,9.366442433084678,dentro_sezione,0.0
2026-07-29T19:31:09+00:00,151720000033,Pessano con Bornago,0.6917868903081323,Connecting road,full,0.0,45.54997239764829,9.375375151996868,dentro_sezione,0.0
2026-07-29T19:31:09+00:00,151720000033,Pessano con Bornago,0.6917868903081323,Connecting road,one_side,0.0,45.54934355939635,9.376151642930555,dentro_sezione,0.0
2026-07-29T19:31:09+00:00,151060000002,Gessate,0.7425160242073031,Secondary road,one_side,0.0,45.56467958054513,9.42994085278958,dentro_sezione,0.0
2026-07-29T19:31:09+00:00,151060000002,Gessate,0.7425160242073031,Local road,full,0.0,45.560255313571915,9.432396762804721,dentro_sezione,0.0
2026-07-29T19:31:09+00:00,151060000002,Gessate,0.7425160242073031,Local road,one_side,0.0,45.56454053580137,9.429751142185447,dentro_sezione,0.0
2026-07-29T19:31:09+00:00,151060000001,Gessate,0.6955934512145499,Secondary road,one_side,0.0,45.556528542306786,9.434336921465553,dentro_sezione,0.0
2026-07-29T19:31:09+00:00,151060000002,Gessate,0.7425160242073031,Secondary road,one_side,0.0,45.556528542306786,9.434336921465553,dentro_sezione,0.0
2026-07-29T19:31:09+00:00,151060000001,Gessate,0.6955934512145499,Connecting road,one_side,0.0,45.55590896681553,9.431484338768323,dentro_sezione,0.0
2026-07-29T19:31:09+00:00,151060000024,Gessate,0.7259449304054464,Connecting road,one_side,0.0,45.55590896681553,9.431484338768323,dentro_sezione,0.0
2026-07-29T19:31:09+00:00,151060000001,Gessate,0.6955934512145499,Major local road,one_side,0.0,45.55422279576027,9.432760444383911,dentro_sezione,0.0
2026-07-29T19:31:09+00:00,151060000002,Gessate,0.7425160242073031,Local road,full,0.0,45.560255313571915,9.432396762804721,dentro_sezione,0.0
2026-07-29T19:31:09+00:00,151060000001,Gessate,0.6955934512145499,Local road,one_side,0.0,45.555846588990775,9.43116296524165,dentro_sezione,0.0
2026-07-29T19:31:09+00:00,151060000024,Gessate,0.7259449304054464,Local road,one_side,0.0,45.555846588990775,9.43116296524165,dentro_sezione,0.0
2026-07-29T19:31:09+00:00,151060000002,Gessate,0.7425160242073031,Local road,one_side,0.0,45.555846588990775,9.43116296524165,dentro_sezione,0.0
2026-07-29T19:31:09+00:00,151780000007,Pozzuolo Martesana,0.6870828006360621,Major local road,one_side,0.0,45.5162997071174,9.452851839905524,dentro_sezione,0.0
2026-07-29T19:31:09+00:00,151780000006,Pozzuolo Martesana,0.7249463935793504,Local road,one_side,0.0,45.51383675500905,9.455127776174606,dentro_sezione,0.0
2026-07-29T19:31:09+00:00,151780000010,Pozzuolo Martesana,0.7180720735800431,Local road,one_side,0.0,45.51383675500905,9.455127776174606,dentro_sezione,0.0
2026-07-29T19:31:09+00:00,151780000006,Pozzuolo Martesana,0.7249463935793504,Local road,one_side,0.0,45.51352177880894,9.45403040996121,dentro_sezione,0.0
2026-07-29T19:31:09+00:00,151780000010,Pozzuolo Martesana,0.7180720735800431,Local road,one_side,0.0,45.51352177880894,9.45403040996121,dentro_sezione,0.0
2026-07-29T19:31:09+00:00,151780000010,Pozzuolo Martesana,0.7180720735800431,Connecting road,one_side,0.13099998235702515,45.513282836892785,9.460879415273666,dentro_sezione,0.0
2026-07-29T19:31:09+00:00,151780000010,Pozzuolo Martesana,0.7180720735800431,Connecting road,full,0.0,45.513599351573255,9.460939502465216,dentro_sezione,0.0
2026-07-29T19:31:09+00:00,151780000007,Pozzuolo Martesana,0.6870828006360621,Connecting road,full,0.0,45.513599351573255,9.460939502465216,dentro_sezione,0.0
2026-07-29T19:31:09+00:00,151780000010,Pozzuolo Martesana,0.7180720735800431,Connecting road,one_side,0.0,45.51563230942477,9.465522674635114,dentro_sezione,0.0
2026-07-29T19:31:09+00:00,151780000007,Pozzuolo Martesana,0.6870828006360621,Connecting road,one_side,0.0,45.51563230942477,9.465522674635114,dentro_sezione,0.0
2026-07-29T19:31:09+00:00,151780000010,Pozzuolo Martesana,0.7180720735800431,Major local road,one_side,0.0,45.51532070853119,9.459851812271916,dentro_sezione,0.0
2026-07-29T19:31:09+00:00,151780000007,Pozzuolo Martesana,0.6870828006360621,Major local road,one_side,0.0,45.51532070853119,9.459851812271916,dentro_sezione,0.0
2026-07-29T19:31:09+00:00,151780000006,Pozzuolo Martesana,0.7249463935793504,Local road,one_side,0.0,45.51362060641403,9.459314526874598,dentro_sezione,0.0
2026-07-29T19:31:09+00:00,151780000010,Pozzuolo Martesana,0.7180720735800431,Local road,one_side,0.0,45.51362060641403,9.459314526874598,dentro_sezione,0.0
2026-07-29T19:31:09+00:00,151780000010,Pozzuolo Martesana,0.7180720735800431,Connecting road,one_side,0.13099998235702515,45.50943334498633,9.460071327435866,dentro_sezione,0.0
2026-07-29T19:31:09+00:00,151780000010,Pozzuolo Martesana,0.7180720735800431,Connecting road,full,0.0,45.513599351573255,9.460939502465216,dentro_sezione,0.0
2026-07-29T19:31:09+00:00,151780000007,Pozzuolo Martesana,0.6870828006360621,Connecting road,full,0.0,45.513599351573255,9.460939502465216,dentro_sezione,0.0
2026-07-29T19:31:09+00:00,151780000010,Pozzuolo Martesana,0.7180720735800431,Connecting road,one_side,0.0,45.5126396998471,9.4642381124422,dentro_sezione,0.0
2026-07-29T19:31:09+00:00,151780000007,Pozzuolo Martesana,0.6870828006360621,Connecting road,one_side,0.0,45.5126396998471,9.4642381124422,dentro_sezione,0.0
2026-07-29T19:31:09+00:00,151780000010,Pozzuolo Martesana,0.7180720735800431,Major local road,one_side,0.0,45.514391786615064,9.460879607557235,dentro_sezione,0.0
2026-07-29T19:31:09+00:00,151780000007,Pozzuolo Martesana,0.6870828006360621,Major local road,one_side,0.0,45.514391786615064,9.460879607557235,dentro_sezione,0.0
2026-07-29T19:31:09+00:00,151780000006,Pozzuolo Martesana,0.7249463935793504,Local road,one_side,0.0,45.51362060641403,9.459314526874598,dentro_sezione,0.0
2026-07-29T19:31:09+00:00,151780000010,Pozzuolo Martesana,0.7180720735800431,Local road,one_side,0.0,45.51362060641403,9.459314526874598,dentro_sezione,0.0
2026-07-29T19:31:09+00:00,152240000010,Truccazzano,0.7476905228465803,Connecting road,one_side,0.0,45.463656188833134,9.475532115410585,dentro_sezione,0.0
2026-07-29T19:31:09+00:00,150590000040,Cassano d'Adda,0.8090312749814579,Connecting road,full,0.0,45.50586857074825,9.527646386145808,dentro_sezione,0.0
2026-07-29T19:31:09+00:00,150590000040,Cassano d'Adda,0.8090312749814579,Connecting road,one_side,0.0,45.506227865561726,9.526025437081474,dentro_sezione,0.0
2026-07-29T19:31:09+00:00,150590000040,Cassano d'Adda,0.8090312749814579,Connecting road,full,0.0,45.50465141333191,9.53149248144333,dentro_sezione,0.0
2026-07-29T19:31:09+00:00,150590000040,Cassano d'Adda,0.8090312749814579,Connecting road,one_side,0.0,45.50481444915567,9.530592811924295,dentro_sezione,0.0
2026-07-29T19:31:09+00:00,150990000018,Dairago,0.7297543772564479,Connecting road,one_side,0.0,45.564686052346,8.860306390456056,piu_vicino_esterno,163.7
2026-07-29T19:31:09+00:00,150770000392,Cinisello Balsamo,0.7272782368032968,Connecting road,one_side,0.0,45.57128500494079,9.209350914619835,piu_vicino_esterno,251.1
2026-07-29T19:31:09+00:00,150770000393,Cinisello Balsamo,0.714057724663571,Connecting road,one_side,0.0,45.57128500494079,9.209350914619835,piu_vicino_esterno,263.7
2026-07-29T19:35:50+00:00,151830000004,Robecchetto con Induno,0.7553527057173448,Connecting road,one_side,0.0,45.524309692433015,8.772144027552589,dentro_sezione,0.0
2026-07-29T19:35:50+00:00,151830000005,Robecchetto con Induno,0.7359793597243346,Connecting road,one_side,0.0,45.524309692433015,8.772144027552589,dentro_sezione,0.0
2026-07-29T19:35:50+00:00,151830000004,Robecchetto con Induno,0.7553527057173448,Major local road,one_side,0.0,45.52593707033944,8.774034097590642,dentro_sezione,0.0
2026-07-29T19:35:50+00:00,151830000005,Robecchetto con Induno,0.7359793597243346,Major local road,one_side,0.0,45.52593707033944,8.774034097590642,dentro_sezione,0.0
2026-07-29T19:35:50+00:00,151830000004,Robecchetto con Induno,0.7553527057173448,Local road,full,0.0,45.52665341304878,8.77813513370993,dentro_sezione,0.0
2026-07-29T19:35:50+00:00,151830000005,Robecchetto con Induno,0.7359793597243346,Local road,full,0.0,45.52665341304878,8.77813513370993,dentro_sezione,0.0
2026-07-29T19:35:50+00:00,151830000004,Robecchetto con Induno,0.7553527057173448,Local road,one_side,0.0,45.52750090024759,8.777482354636556,dentro_sezione,0.0
2026-07-29T19:35:50+00:00,151830000005,Robecchetto con Induno,0.7359793597243346,Local road,one_side,0.0,45.52750090024759,8.777482354636556,dentro_sezione,0.0
2026-07-29T19:35:50+00:00,151830000004,Robecchetto con Induno,0.7553527057173448,Minor local road,one_side,0.0,45.5246629407847,8.777006510696419,dentro_sezione,0.0
2026-07-29T19:35:50+00:00,151830000005,Robecchetto con Induno,0.7359793597243346,Minor local road,one_side,0.0,45.5246629407847,8.777006510696419,dentro_sezione,0.0
2026-07-29T19:35:50+00:00,151830000004,Robecchetto con Induno,0.7553527057173448,Connecting road,one_side,0.0,45.52127522697483,8.777696798566893,dentro_sezione,0.0
2026-07-29T19:35:50+00:00,151830000005,Robecchetto con Induno,0.7359793597243346,Connecting road,one_side,0.0,45.52127522697483,8.777696798566893,dentro_sezione,0.0
2026-07-29T19:35:50+00:00,151830000004,Robecchetto con Induno,0.7553527057173448,Major local road,one_side,0.0,45.52003006239406,8.771803302455004,dentro_sezione,0.0
2026-07-29T19:35:50+00:00,151830000004,Robecchetto con Induno,0.7553527057173448,Connecting road,one_side,0.0,45.521384299391016,8.77747167238986,dentro_sezione,0.0
2026-07-29T19:35:50+00:00,151830000005,Robecchetto con Induno,0.7359793597243346,Connecting road,one_side,0.0,45.521384299391016,8.77747167238986,dentro_sezione,0.0
2026-07-29T19:35:50+00:00,151830000005,Robecchetto con Induno,0.7359793597243346,Major local road,full,0.0,45.52572185698712,8.781758926879993,dentro_sezione,0.0
2026-07-29T19:35:50+00:00,151830000004,Robecchetto con Induno,0.7553527057173448,Major local road,one_side,0.0,45.52545606758585,8.783235613334185,dentro_sezione,0.0
2026-07-29T19:35:50+00:00,151830000005,Robecchetto con Induno,0.7359793597243346,Major local road,one_side,0.0,45.52545606758585,8.783235613334185,dentro_sezione,0.0
2026-07-29T19:35:50+00:00,151830000004,Robecchetto con Induno,0.7553527057173448,Local road,full,0.0,45.52665017246545,8.778138354718036,dentro_sezione,0.0
2026-07-29T19:35:50+00:00,151830000005,Robecchetto con Induno,0.7359793597243346,Local road,full,0.0,45.52665017246545,8.778138354718036,dentro_sezione,0.0
2026-07-29T19:35:50+00:00,151830000004,Robecchetto con Induno,0.7553527057173448,Local road,one_side,0.0,45.52614843665075,8.779160738634744,dentro_sezione,0.0
2026-07-29T19:35:50+00:00,151830000005,Robecchetto con Induno,0.7359793597243346,Local road,one_side,0.0,45.52614843665075,8.779160738634744,dentro_sezione,0.0
2026-07-29T19:35:50+00:00,151830000004,Robecchetto con Induno,0.7553527057173448,Minor local road,one_side,0.0,45.524831941765086,8.777906603428388,dentro_sezione,0.0
2026-07-29T19:35:50+00:00,151830000005,Robecchetto con Induno,0.7359793597243346,Minor local road,one_side,0.0,45.524831941765086,8.777906603428388,dentro_sezione,0.0
2026-07-29T19:35:50+00:00,151830000004,Robecchetto con Induno,0.7553527057173448,Connecting road,one_side,0.0,45.51795214726158,8.779916738633743,dentro_sezione,0.0
2026-07-29T19:35:50+00:00,151830000005,Robecchetto con Induno,0.7359793597243346,Connecting road,one_side,0.0,45.51795214726158,8.779916738633743,dentro_sezione,0.0
2026-07-29T19:35:50+00:00,151830000004,Robecchetto con Induno,0.7553527057173448,Major local road,one_side,0.0,45.52129064980628,8.777203055737562,dentro_sezione,0.0
2026-07-29T19:35:50+00:00,150990000004,Dairago,0.7676872328697544,Connecting road,one_side,0.0,45.559969756077514,8.855855576146451,dentro_sezione,0.0
2026-07-29T19:35:50+00:00,150990000005,Dairago,0.7542589327199739,Connecting road,one_side,0.0,45.559969756077514,8.855855576146451,dentro_sezione,0.0
2026-07-29T19:35:50+00:00,150990000006,Dairago,0.7709685518618672,Secondary road,one_side,0.8149999976158142,45.577741311180816,8.860052659197983,dentro_sezione,0.0
2026-07-29T19:35:50+00:00,150990000006,Dairago,0.7709685518618672,Secondary road,one_side,0.5460000038146973,45.5777463162237,8.860049850307782,dentro_sezione,0.0
2026-07-29T19:35:50+00:00,150990000006,Dairago,0.7709685518618672,Secondary road,one_side,0.14399999380111694,45.57550377845801,8.861572145141743,dentro_sezione,0.0
2026-07-29T19:35:50+00:00,150990000006,Dairago,0.7709685518618672,Secondary road,one_side,0.06000000238418579,45.57550593488915,8.861569898674606,dentro_sezione,0.0
2026-07-29T19:35:50+00:00,150990000006,Dairago,0.7709685518618672,Secondary road,one_side,0.8149999976158142,45.576266444336554,8.861078712573057,dentro_sezione,0.0
2026-07-29T19:35:50+00:00,150990000006,Dairago,0.7709685518618672,Secondary road,one_side,0.5460000038146973,45.576270458340744,8.861078470945358,dentro_sezione,0.0
2026-07-29T19:35:50+00:00,150990000006,Dairago,0.7709685518618672,Secondary road,full,0.14399999380111694,45.574130222271364,8.862384773534133,dentro_sezione,0.0
2026-07-29T19:35:50+00:00,150990000006,Dairago,0.7709685518618672,Secondary road,one_side,0.14399999380111694,45.5752231718279,8.861740512995713,dentro_sezione,0.0
2026-07-29T19:35:50+00:00,150990000006,Dairago,0.7709685518618672,Secondary road,full,0.06000000238418579,45.57413880688018,8.862438694596689,dentro_sezione,0.0
2026-07-29T19:35:50+00:00,150990000006,Dairago,0.7709685518618672,Secondary road,one_side,0.06000000238418579,45.575225457456405,8.86173846888984,dentro_sezione,0.0
2026-07-29T19:35:50+00:00,150990000006,Dairago,0.7709685518618672,Secondary road,full,0.0,45.57386472233244,8.862566283510171,dentro_sezione,0.0
2026-07-29T19:35:50+00:00,150990000005,Dairago,0.7542589327199739,Secondary road,one_side,0.0,45.57043341609905,8.864191937538157,dentro_sezione,0.0
2026-07-29T19:35:50+00:00,150990000001,Dairago,0.7159220448648945,Secondary road,one_side,0.0,45.57043341609905,8.864191937538157,dentro_sezione,0.0
2026-07-29T19:35:50+00:00,150990000002,Dairago,0.6942688026504515,Secondary road,one_side,0.0,45.57043341609905,8.864191937538157,dentro_sezione,0.0
2026-07-29T19:35:50+00:00,150990000006,Dairago,0.7709685518618672,Secondary road,one_side,0.0,45.57043341609905,8.864191937538157,dentro_sezione,0.0
2026-07-29T19:35:50+00:00,150990000005,Dairago,0.7542589327199739,Connecting road,one_side,0.0,45.56869535247887,8.862106087174277,dentro_sezione,0.0
2026-07-29T19:35:50+00:00,150990000001,Dairago,0.7159220448648945,Connecting road,one_side,0.0,45.56869535247887,8.862106087174277,dentro_sezione,0.0
2026-07-29T19:35:50+00:00,150990000002,Dairago,0.6942688026504515,Connecting road,one_side,0.0,45.56869535247887,8.862106087174277,dentro_sezione,0.0
2026-07-29T19:35:50+00:00,150990000006,Dairago,0.7709685518618672,Connecting road,one_side,0.0,45.56869535247887,8.862106087174277,dentro_sezione,0.0
2026-07-29T19:35:50+00:00,150990000005,Dairago,0.7542589327199739,Local road,full,0.0,45.57115044782316,8.861418408582644,dentro_sezione,0.0
2026-07-29T19:35:50+00:00,150990000006,Dairago,0.7709685518618672,Local road,full,0.0,45.57115044782316,8.861418408582644,dentro_sezione,0.0
2026-07-29T19:35:50+00:00,150990000005,Dairago,0.7542589327199739,Local road,one_side,0.0,45.57092412688219,8.861752614264068,dentro_sezione,0.0
2026-07-29T19:35:50+00:00,150990000006,Dairago,0.7709685518618672,Local road,one_side,0.0,45.57092412688219,8.861752614264068,dentro_sezione,0.0
2026-07-29T19:35:50+00:00,150990000006,Dairago,0.7709685518618672,Minor local road,full,0.0,45.57390108315492,8.862335085868835,dentro_sezione,0.0
2026-07-29T19:35:50+00:00,150990000006,Dairago,0.7709685518618672,Minor local road,one_side,0.0,45.57342910946712,8.861447226380976,dentro_sezione,0.0
2026-07-29T19:35:50+00:00,150990000004,Dairago,0.7676872328697544,Secondary road,one_side,0.0,45.566099571560876,8.865997052469073,dentro_sezione,0.0
2026-07-29T19:35:50+00:00,150990000001,Dairago,0.7159220448648945,Secondary road,one_side,0.0,45.566099571560876,8.865997052469073,dentro_sezione,0.0
2026-07-29T19:35:50+00:00,150990000002,Dairago,0.6942688026504515,Secondary road,one_side,0.0,45.566099571560876,8.865997052469073,dentro_sezione,0.0
2026-07-29T19:35:50+00:00,150990000004,Dairago,0.7676872328697544,Connecting road,full,0.0,45.56559331224461,8.864327222945509,dentro_sezione,0.0
2026-07-29T19:35:50+00:00,150990000005,Dairago,0.7542589327199739,Connecting road,full,0.0,45.56559331224461,8.864327222945509,dentro_sezione,0.0
2026-07-29T19:35:50+00:00,150990000001,Dairago,0.7159220448648945,Connecting road,full,0.0,45.56559331224461,8.864327222945509,dentro_sezione,0.0
2026-07-29T19:35:50+00:00,150990000002,Dairago,0.6942688026504515,Connecting road,full,0.0,45.56559331224461,8.864327222945509,dentro_sezione,0.0
2026-07-29T19:35:50+00:00,150990000004,Dairago,0.7676872328697544,Connecting road,one_side,0.0,45.564686052346,8.860306390456056,dentro_sezione,0.0
2026-07-29T19:35:50+00:00,150990000005,Dairago,0.7542589327199739,Connecting road,one_side,0.0,45.564686052346,8.860306390456056,dentro_sezione,0.0
2026-07-29T19:35:50+00:00,150990000001,Dairago,0.7159220448648945,Connecting road,one_side,0.0,45.564686052346,8.860306390456056,dentro_sezione,0.0
2026-07-29T19:35:50+00:00,150990000002,Dairago,0.6942688026504515,Connecting road,one_side,0.0,45.564686052346,8.860306390456056,dentro_sezione,0.0
2026-07-29T19:35:50+00:00,150990000004,Dairago,0.7676872328697544,Major local road,one_side,0.0,45.563239021472114,8.860581830730837,dentro_sezione,0.0
2026-07-29T19:35:50+00:00,150990000005,Dairago,0.7542589327199739,Major local road,one_side,0.0,45.563239021472114,8.860581830730837,dentro_sezione,0.0
2026-07-29T19:35:50+00:00,150990000001,Dairago,0.7159220448648945,Secondary road,one_side,0.0,45.567936262877204,8.86530759774731,dentro_sezione,0.0
2026-07-29T19:35:50+00:00,150990000002,Dairago,0.6942688026504515,Secondary road,one_side,0.0,45.567936262877204,8.86530759774731,dentro_sezione,0.0
2026-07-29T19:35:50+00:00,150990000004,Dairago,0.7676872328697544,Secondary road,one_side,0.0,45.564009304627184,8.866927104572802,dentro_sezione,0.0
2026-07-29T19:35:50+00:00,150990000001,Dairago,0.7159220448648945,Secondary road,one_side,0.0,45.564009304627184,8.866927104572802,dentro_sezione,0.0
2026-07-29T19:35:50+00:00,150990000002,Dairago,0.6942688026504515,Secondary road,one_side,0.0,45.564009304627184,8.866927104572802,dentro_sezione,0.0
2026-07-29T19:35:50+00:00,150990000004,Dairago,0.7676872328697544,Connecting road,full,0.0,45.566236844428026,8.865384249111933,dentro_sezione,0.0
2026-07-29T19:35:50+00:00,150990000001,Dairago,0.7159220448648945,Connecting road,full,0.0,45.566236844428026,8.865384249111933,dentro_sezione,0.0
2026-07-29T19:35:50+00:00,150990000002,Dairago,0.6942688026504515,Connecting road,full,0.0,45.566236844428026,8.865384249111933,dentro_sezione,0.0
2026-07-29T19:35:50+00:00,150990000004,Dairago,0.7676872328697544,Connecting road,one_side,0.0,45.565772277047955,8.87122243071949,dentro_sezione,0.0
2026-07-29T19:35:50+00:00,150990000001,Dairago,0.7159220448648945,Connecting road,one_side,0.0,45.565772277047955,8.87122243071949,dentro_sezione,0.0
2026-07-29T19:35:50+00:00,150990000002,Dairago,0.6942688026504515,Connecting road,one_side,0.0,45.565772277047955,8.87122243071949,dentro_sezione,0.0
2026-07-29T19:35:50+00:00,151840000003,Robecco sul Naviglio,0.7196016242096119,Secondary road,full,0.0,45.43738004527872,8.884716475393938,dentro_sezione,0.0
2026-07-29T19:35:50+00:00,151840000006,Robecco sul Naviglio,0.7230185825971769,Secondary road,full,0.0,45.43738004527872,8.884716475393938,dentro_sezione,0.0
2026-07-29T19:35:50+00:00,151840000004,Robecco sul Naviglio,0.7107590900039538,Secondary road,full,0.0,45.43738004527872,8.884716475393938,dentro_sezione,0.0
2026-07-29T19:35:50+00:00,151840000006,Robecco sul Naviglio,0.7230185825971769,Secondary road,one_side,0.0,45.441021454681305,8.886726811167174,dentro_sezione,0.0
2026-07-29T19:35:50+00:00,151840000004,Robecco sul Naviglio,0.7107590900039538,Secondary road,one_side,0.0,45.441021454681305,8.886726811167174,dentro_sezione,0.0
2026-07-29T19:35:50+00:00,151840000004,Robecco sul Naviglio,0.7107590900039538,Connecting road,one_side,0.0,45.44215302778418,8.881694311544635,dentro_sezione,0.0
2026-07-29T19:35:50+00:00,151840000008,Robecco sul Naviglio,0.7257111688941349,Connecting road,one_side,0.0,45.44215302778418,8.881694311544635,dentro_sezione,0.0
2026-07-29T19:35:50+00:00,151840000008,Robecco sul Naviglio,0.7257111688941349,Minor local road,one_side,0.0,45.44305633774382,8.87880615453956,dentro_sezione,0.0
2026-07-29T19:35:50+00:00,151840000003,Robecco sul Naviglio,0.7196016242096119,Secondary road,full,0.0,45.436020247875916,8.88427360275287,dentro_sezione,0.0
2026-07-29T19:35:50+00:00,151840000006,Robecco sul Naviglio,0.7230185825971769,Secondary road,full,0.0,45.436020247875916,8.88427360275287,dentro_sezione,0.0
2026-07-29T19:35:50+00:00,151840000004,Robecco sul Naviglio,0.7107590900039538,Secondary road,full,0.0,45.436020247875916,8.88427360275287,dentro_sezione,0.0
2026-07-29T19:35:50+00:00,151840000003,Robecco sul Naviglio,0.7196016242096119,Secondary road,one_side,0.0,45.432741752237355,8.885387574658592,dentro_sezione,0.0
2026-07-29T19:35:50+00:00,151840000006,Robecco sul Naviglio,0.7230185825971769,Secondary road,one_side,0.0,45.432741752237355,8.885387574658592,dentro_sezione,0.0
2026-07-29T19:35:50+00:00,151840000004,Robecco sul Naviglio,0.7107590900039538,Secondary road,one_side,0.0,45.432741752237355,8.885387574658592,dentro_sezione,0.0
2026-07-29T19:35:50+00:00,151840000003,Robecco sul Naviglio,0.7196016242096119,Connecting road,full,0.0,45.434818033444905,8.888212023960996,dentro_sezione,0.0
2026-07-29T19:35:50+00:00,151840000004,Robecco sul Naviglio,0.7107590900039538,Connecting road,full,0.0,45.434818033444905,8.888212023960996,dentro_sezione,0.0
2026-07-29T19:35:50+00:00,151840000003,Robecco sul Naviglio,0.7196016242096119,Connecting road,one_side,0.0,45.43218495639539,8.879627085051737,dentro_sezione,0.0
2026-07-29T19:35:50+00:00,151840000006,Robecco sul Naviglio,0.7230185825971769,Connecting road,one_side,0.0,45.43218495639539,8.879627085051737,dentro_sezione,0.0
2026-07-29T19:35:50+00:00,150410000011,Busto Garolfo,0.7031690557477914,Major local road,one_side,0.0,45.547462481839126,8.892937891739695,dentro_sezione,0.0
2026-07-29T19:35:50+00:00,150410000011,Busto Garolfo,0.7031690557477914,Local road,one_side,0.0,45.54847842090824,8.888772558313534,dentro_sezione,0.0
2026-07-29T19:35:50+00:00,150410000011,Busto Garolfo,0.7031690557477914,Connecting road,one_side,0.0,45.54197439189159,8.89465136982906,dentro_sezione,0.0
2026-07-29T19:35:50+00:00,150410000011,Busto Garolfo,0.7031690557477914,Major local road,one_side,0.0,45.544562915692,8.895608895264767,dentro_sezione,0.0
2026-07-29T19:35:50+00:00,150410000011,Busto Garolfo,0.7031690557477914,Local road,one_side,0.0,45.540993787214255,8.89150577347488,dentro_sezione,0.0
2026-07-29T19:35:50+00:00,151840000003,Robecco sul Naviglio,0.7196016242096119,Secondary road,full,0.0,45.43673429376078,8.88704731701488,dentro_sezione,0.0
2026-07-29T19:35:50+00:00,151840000004,Robecco sul Naviglio,0.7107590900039538,Secondary road,full,0.0,45.43673429376078,8.88704731701488,dentro_sezione,0.0
2026-07-29T19:35:50+00:00,151840000004,Robecco sul Naviglio,0.7107590900039538,Secondary road,one_side,0.0,45.44129080099548,8.887639896752052,dentro_sezione,0.0
2026-07-29T19:35:50+00:00,151840000003,Robecco sul Naviglio,0.7196016242096119,Secondary road,full,0.0,45.43465511634912,8.88814045588459,dentro_sezione,0.0
2026-07-29T19:35:50+00:00,151840000004,Robecco sul Naviglio,0.7107590900039538,Secondary road,full,0.0,45.43465511634912,8.88814045588459,dentro_sezione,0.0
2026-07-29T19:35:50+00:00,151840000003,Robecco sul Naviglio,0.7196016242096119,Connecting road,full,0.0,45.433208070156475,8.889242619884701,dentro_sezione,0.0
2026-07-29T19:35:50+00:00,151840000004,Robecco sul Naviglio,0.7107590900039538,Connecting road,full,0.0,45.433208070156475,8.889242619884701,dentro_sezione,0.0
2026-07-29T19:35:50+00:00,150720000017,Cerro Maggiore,0.6999223680906879,Secondary road,one_side,0.0,45.59436108289236,8.957078559801907,dentro_sezione,0.0
2026-07-29T19:35:50+00:00,150720000017,Cerro Maggiore,0.6999223680906879,Secondary road,full,0.0,45.58848035915598,8.9642983740158,dentro_sezione,0.0
2026-07-29T19:35:50+00:00,150720000017,Cerro Maggiore,0.6999223680906879,Secondary road,one_side,0.0,45.59053028893129,8.961361051470247,dentro_sezione,0.0
2026-07-29T19:35:50+00:00,150720000017,Cerro Maggiore,0.6999223680906879,Major local road,one_side,0.0,45.58829146872337,8.959288092130175,dentro_sezione,0.0
2026-07-29T19:35:50+00:00,150720000017,Cerro Maggiore,0.6999223680906879,Secondary road,full,0.0,45.58756210472569,8.966193376164924,dentro_sezione,0.0
2026-07-29T19:35:50+00:00,150720000017,Cerro Maggiore,0.6999223680906879,Secondary road,one_side,0.0,45.58536762844651,8.971044060006122,dentro_sezione,0.0
2026-07-29T19:35:50+00:00,150720000017,Cerro Maggiore,0.6999223680906879,Connecting road,one_side,0.0,45.58803245184286,8.973497377206987,dentro_sezione,0.0
2026-07-29T19:35:50+00:00,150220000001,Besate,0.8066359409766615,Secondary road,full,0.0,45.31397405974819,8.970680438795323,dentro_sezione,0.0
2026-07-29T19:35:50+00:00,150220000002,Besate,0.8457837792598706,Secondary road,full,0.0,45.31397405974819,8.970680438795323,dentro_sezione,0.0
2026-07-29T19:35:50+00:00,150220000001,Besate,0.8066359409766615,Secondary road,one_side,0.0,45.31693428516195,8.970520214464711,dentro_sezione,0.0
2026-07-29T19:35:50+00:00,150220000002,Besate,0.8457837792598706,Secondary road,one_side,0.0,45.31693428516195,8.970520214464711,dentro_sezione,0.0
2026-07-29T19:35:50+00:00,150220000001,Besate,0.8066359409766615,Secondary road,full,0.0,45.31230807897691,8.970803137994647,dentro_sezione,0.0
2026-07-29T19:35:50+00:00,150220000002,Besate,0.8457837792598706,Secondary road,full,0.0,45.31230807897691,8.970803137994647,dentro_sezione,0.0
2026-07-29T19:35:50+00:00,150220000001,Besate,0.8066359409766615,Secondary road,one_side,0.0,45.30850050611067,8.971050499191625,dentro_sezione,0.0
2026-07-29T19:35:50+00:00,150220000002,Besate,0.8457837792598706,Secondary road,one_side,0.0,45.30850050611067,8.971050499191625,dentro_sezione,0.0
2026-07-29T19:35:50+00:00,150220000002,Besate,0.8457837792598706,Connecting road,one_side,0.0,45.31011677645614,8.97243897841263,dentro_sezione,0.0
2026-07-29T19:35:50+00:00,151030000093,Gaggiano,0.7171341415902132,Connecting road,full,0.0,45.37753558005545,9.02820117450363,dentro_sezione,0.0
2026-07-29T19:35:50+00:00,151030000093,Gaggiano,0.7171341415902132,Connecting road,one_side,0.0,45.37922478434031,9.025526004065227,dentro_sezione,0.0
2026-07-29T19:35:50+00:00,152360000001,Vernate,0.7404237143838364,Major road,full,0.0,45.33115422928388,9.051982675890759,dentro_sezione,0.0
2026-07-29T19:35:50+00:00,152360000001,Vernate,0.7404237143838364,Major road,one_side,0.0,45.333667378972784,9.04899330877629,dentro_sezione,0.0
2026-07-29T19:35:50+00:00,152360000001,Vernate,0.7404237143838364,Secondary road,full,0.0,45.33085582197837,9.05174506782142,dentro_sezione,0.0
2026-07-29T19:35:50+00:00,152360000001,Vernate,0.7404237143838364,Secondary road,one_side,0.0,45.3294711922926,9.049540764120502,dentro_sezione,0.0
2026-07-29T19:35:50+00:00,152360000004,Vernate,0.7248915606322527,Connecting road,full,0.0,45.31713370461864,9.060332435953853,dentro_sezione,0.0
2026-07-29T19:35:50+00:00,152360000004,Vernate,0.7248915606322527,Connecting road,one_side,0.0,45.31685556517416,9.058201381824388,dentro_sezione,0.0
2026-07-29T19:35:50+00:00,150270000044,Bollate,0.7092237674852166,Connecting road,full,0.0,45.551101576535864,9.141299958119559,dentro_sezione,0.0
2026-07-29T19:35:50+00:00,150270000044,Bollate,0.7092237674852166,Connecting road,one_side,0.0,45.54765211863531,9.13664998664483,dentro_sezione,0.0
2026-07-29T19:35:50+00:00,150270000044,Bollate,0.7092237674852166,Local road,full,0.0,45.5486136227763,9.137978497546188,dentro_sezione,0.0
2026-07-29T19:35:50+00:00,150270000044,Bollate,0.7092237674852166,Local road,one_side,0.0,45.54824986471238,9.135017346615326,dentro_sezione,0.0
2026-07-29T19:35:50+00:00,150270000046,Bollate,0.7233042911110021,Motorway,full,0.0,45.548637494915916,9.147269678190169,dentro_sezione,0.0
2026-07-29T19:35:50+00:00,150270000046,Bollate,0.7233042911110021,Secondary road,full,0.0,45.55070810723628,9.146664038825996,dentro_sezione,0.0
2026-07-29T19:35:50+00:00,150270000044,Bollate,0.7092237674852166,Connecting road,full,0.0,45.55017918548694,9.146031515963527,dentro_sezione,0.0
2026-07-29T19:35:50+00:00,150270000046,Bollate,0.7233042911110021,Connecting road,one_side,0.0,45.54844611685997,9.144391397351994,dentro_sezione,0.0
2026-07-29T19:35:50+00:00,150270000044,Bollate,0.7092237674852166,Connecting road,one_side,0.0,45.54844611685997,9.144391397351994,dentro_sezione,0.0
2026-07-29T19:35:50+00:00,150270000046,Bollate,0.7233042911110021,Major local road,one_side,0.0,45.547104666833036,9.147278688778757,dentro_sezione,0.0
2026-07-29T19:35:50+00:00,150270000044,Bollate,0.7092237674852166,Local road,full,0.0,45.549132817135515,9.14128879881228,dentro_sezione,0.0
2026-07-29T19:35:50+00:00,150270000044,Bollate,0.7092237674852166,Local road,one_side,0.0,45.55087472061718,9.140988204592569,dentro_sezione,0.0
2026-07-29T19:35:50+00:00,151660000079,Paderno Dugnano,0.7118644067796609,Major local road,full,0.0,45.57182786079618,9.158215086509971,dentro_sezione,0.0
2026-07-29T19:35:50+00:00,151660000079,Paderno Dugnano,0.7118644067796609,Major local road,one_side,0.0,45.57115547810489,9.15556725583581,dentro_sezione,0.0
2026-07-29T19:35:50+00:00,151660000079,Paderno Dugnano,0.7118644067796609,Local road,one_side,0.0,45.5697584120831,9.154184216067337,dentro_sezione,0.0
2026-07-29T19:35:50+00:00,151660000079,Paderno Dugnano,0.7118644067796609,Minor local road,full,0.0,45.569569956181454,9.157563682162007,dentro_sezione,0.0
2026-07-29T19:35:50+00:00,151660000079,Paderno Dugnano,0.7118644067796609,Major local road,full,0.0,45.56765660396396,9.16061173142433,dentro_sezione,0.0
2026-07-29T19:35:50+00:00,150770000455,Cinisello Balsamo,0.7342939680872247,Connecting road,full,0.0,45.5628198241358,9.20016664943403,dentro_sezione,0.0
2026-07-29T19:35:50+00:00,150770000308,Cinisello Balsamo,0.7375002525201512,Connecting road,full,0.0,45.5628198241358,9.20016664943403,dentro_sezione,0.0
2026-07-29T19:35:50+00:00,150770000455,Cinisello Balsamo,0.7342939680872247,Local road,one_side,0.0,45.56207030894774,9.204732755630442,dentro_sezione,0.0
2026-07-29T19:35:50+00:00,150770000308,Cinisello Balsamo,0.7375002525201512,Connecting road,one_side,0.0,45.57128500494079,9.209350914619835,dentro_sezione,0.0
2026-07-29T19:35:50+00:00,150770000310,Cinisello Balsamo,0.7121097120693088,Connecting road,one_side,0.0,45.57128500494079,9.209350914619835,dentro_sezione,0.0
2026-07-29T19:35:50+00:00,150770000370,Cinisello Balsamo,0.7379158285402604,Connecting road,one_side,0.0,45.57128500494079,9.209350914619835,dentro_sezione,0.0
2026-07-29T19:35:50+00:00,150770000370,Cinisello Balsamo,0.7379158285402604,Major local road,full,0.0,45.57139631159235,9.211628724443395,dentro_sezione,0.0
2026-07-29T19:35:50+00:00,150770000370,Cinisello Balsamo,0.7379158285402604,Major local road,one_side,0.0,45.57015685476648,9.213783784528827,dentro_sezione,0.0
2026-07-29T19:35:50+00:00,150770000308,Cinisello Balsamo,0.7375002525201512,Local road,full,0.0,45.56759310544539,9.21333004495521,dentro_sezione,0.0
2026-07-29T19:35:50+00:00,150770000455,Cinisello Balsamo,0.7342939680872247,Connecting road,full,0.0,45.565241334929205,9.208139213088042,dentro_sezione,0.0
2026-07-29T19:35:50+00:00,150770000308,Cinisello Balsamo,0.7375002525201512,Connecting road,full,0.0,45.565241334929205,9.208139213088042,dentro_sezione,0.0
2026-07-29T19:35:50+00:00,150770000308,Cinisello Balsamo,0.7375002525201512,Connecting road,one_side,0.0,45.567370928132085,9.210477903628986,dentro_sezione,0.0
2026-07-29T19:35:50+00:00,150770000310,Cinisello Balsamo,0.7121097120693088,Connecting road,one_side,0.0,45.567370928132085,9.210477903628986,dentro_sezione,0.0
2026-07-29T19:35:50+00:00,150770000308,Cinisello Balsamo,0.7375002525201512,Local road,full,0.0,45.56369204745294,9.212910239029103,dentro_sezione,0.0
2026-07-29T19:35:50+00:00,150770000455,Cinisello Balsamo,0.7342939680872247,Local road,one_side,0.0,45.56390554361116,9.211470433101258,dentro_sezione,0.0
2026-07-29T19:35:50+00:00,150770000308,Cinisello Balsamo,0.7375002525201512,Local road,one_side,0.0,45.56390554361116,9.211470433101258,dentro_sezione,0.0
2026-07-29T19:35:50+00:00,151590000022,Opera,0.730949158314262,Secondary road,full,0.0,45.40232137581589,9.209133230722834,dentro_sezione,0.0
2026-07-29T19:35:50+00:00,151460002842,Milano,0.741696415945421,Secondary road,full,0.0,45.40232137581589,9.209133230722834,dentro_sezione,0.0
2026-07-29T19:35:50+00:00,151590000022,Opera,0.730949158314262,Secondary road,full,0.0,45.39225546547591,9.211072481355576,dentro_sezione,0.0
2026-07-29T19:35:50+00:00,151460002842,Milano,0.741696415945421,Secondary road,full,0.0,45.39225546547591,9.211072481355576,dentro_sezione,0.0
2026-07-29T19:35:50+00:00,151590000022,Opera,0.730949158314262,Minor local road,full,0.0,45.39381965364314,9.211481553911986,dentro_sezione,0.0
2026-07-29T19:35:50+00:00,151590000014,Opera,0.7350933747370183,Minor local road,full,0.0,45.39381965364314,9.211481553911986,dentro_sezione,0.0
2026-07-29T19:35:50+00:00,151590000013,Opera,0.7339534266263019,Minor local road,one_side,0.0,45.39336750739379,9.211614956889422,dentro_sezione,0.0
2026-07-29T19:35:50+00:00,151590000022,Opera,0.730949158314262,Minor local road,one_side,0.0,45.39336750739379,9.211614956889422,dentro_sezione,0.0
2026-07-29T19:35:50+00:00,151590000014,Opera,0.7350933747370183,Minor local road,one_side,0.0,45.39336750739379,9.211614956889422,dentro_sezione,0.0
2026-07-29T19:35:50+00:00,151460002739,Milano,0.7105830473843242,Local road,one_side,0.0,45.416399000279455,9.239352252220206,dentro_sezione,0.0
2026-07-29T19:35:50+00:00,151460002738,Milano,0.694095645975406,Local road,one_side,0.0,45.416399000279455,9.239352252220206,dentro_sezione,0.0
2026-07-29T19:35:50+00:00,151460002739,Milano,0.7105830473843242,Local road,one_side,0.0,45.41530469682335,9.241945604240724,dentro_sezione,0.0
2026-07-29T19:35:50+00:00,151460002738,Milano,0.694095645975406,Local road,one_side,0.0,45.41530469682335,9.241945604240724,dentro_sezione,0.0
2026-07-29T19:35:50+00:00,150700000003,Cernusco sul Naviglio,0.69710280023203,Connecting road,full,0.0,45.526320116081415,9.322236627355936,dentro_sezione,0.0
2026-07-29T19:35:50+00:00,150700000003,Cernusco sul Naviglio,0.69710280023203,Connecting road,one_side,0.0,45.52385482525997,9.32355774741958,dentro_sezione,0.0
2026-07-29T19:35:50+00:00,151390000001,Mediglia,0.726435540984742,Connecting road,one_side,0.0,45.40120559797648,9.320046818976916,dentro_sezione,0.0
2026-07-29T19:35:50+00:00,151390000003,Mediglia,0.7112179551928244,Major local road,full,0.0,45.40140869376171,9.325048126419558,dentro_sezione,0.0
2026-07-29T19:35:50+00:00,151390000004,Mediglia,0.7585618760948553,Major local road,full,0.0,45.40140869376171,9.325048126419558,dentro_sezione,0.0
2026-07-29T19:35:50+00:00,151390000001,Mediglia,0.726435540984742,Major local road,full,0.0,45.40140869376171,9.325048126419558,dentro_sezione,0.0
2026-07-29T19:35:50+00:00,151390000003,Mediglia,0.7112179551928244,Major local road,one_side,0.0,45.400344667152524,9.325511649512542,dentro_sezione,0.0
2026-07-29T19:35:50+00:00,151390000001,Mediglia,0.726435540984742,Major local road,one_side,0.0,45.400344667152524,9.325511649512542,dentro_sezione,0.0
2026-07-29T19:35:50+00:00,151390000001,Mediglia,0.726435540984742,Minor local road,one_side,0.0,45.4006120470024,9.322143495082855,dentro_sezione,0.0
2026-07-29T19:35:50+00:00,151390000005,Mediglia,0.7604290822407629,Connecting road,full,0.0,45.3963907308835,9.326313621966435,dentro_sezione,0.0
2026-07-29T19:35:50+00:00,151390000005,Mediglia,0.7604290822407629,Connecting road,one_side,0.0,45.39679434052438,9.32338812732594,dentro_sezione,0.0
2026-07-29T19:35:50+00:00,151390000005,Mediglia,0.7604290822407629,Local road,one_side,0.0,45.396140404746596,9.327497611614783,dentro_sezione,0.0
2026-07-29T19:35:50+00:00,151390000005,Mediglia,0.7604290822407629,Minor local road,one_side,0.0,45.39511055682533,9.328355728091662,dentro_sezione,0.0
2026-07-29T19:35:50+00:00,150700000003,Cernusco sul Naviglio,0.69710280023203,Connecting road,full,0.0,45.52576863285696,9.334861391479718,dentro_sezione,0.0
2026-07-29T19:35:50+00:00,150700000003,Cernusco sul Naviglio,0.69710280023203,Connecting road,one_side,0.0,45.524771461211785,9.331391066137858,dentro_sezione,0.0
2026-07-29T19:35:50+00:00,151390000003,Mediglia,0.7112179551928244,Major local road,full,0.0,45.40269867414756,9.332973177694676,dentro_sezione,0.0
2026-07-29T19:35:50+00:00,151390000004,Mediglia,0.7585618760948553,Major local road,full,0.0,45.40269867414756,9.332973177694676,dentro_sezione,0.0
2026-07-29T19:35:50+00:00,151390000005,Mediglia,0.7604290822407629,Major local road,one_side,0.0,45.39901575157139,9.328824437964817,dentro_sezione,0.0
2026-07-29T19:35:50+00:00,151390000005,Mediglia,0.7604290822407629,Connecting road,full,0.0,45.39638593209097,9.326481688905965,dentro_sezione,0.0
2026-07-29T19:35:50+00:00,151390000005,Mediglia,0.7604290822407629,Connecting road,one_side,0.0,45.393074928382816,9.32979317581705,dentro_sezione,0.0
2026-07-29T19:35:50+00:00,151390000006,Mediglia,0.7320891064249785,Major local road,full,0.0,45.39695368826313,9.331997118685997,dentro_sezione,0.0
2026-07-29T19:35:50+00:00,151390000005,Mediglia,0.7604290822407629,Major local road,full,0.0,45.39695368826313,9.331997118685997,dentro_sezione,0.0
2026-07-29T19:35:50+00:00,151390000006,Mediglia,0.7320891064249785,Major local road,one_side,0.0,45.39818813703475,9.330293207015123,dentro_sezione,0.0
2026-07-29T19:35:50+00:00,151390000005,Mediglia,0.7604290822407629,Major local road,one_side,0.0,45.39818813703475,9.330293207015123,dentro_sezione,0.0
2026-07-29T19:35:50+00:00,151390000006,Mediglia,0.7320891064249785,Local road,full,0.0,45.39608792001459,9.332509194682364,dentro_sezione,0.0
2026-07-29T19:35:50+00:00,151390000005,Mediglia,0.7604290822407629,Local road,full,0.0,45.39608792001459,9.332509194682364,dentro_sezione,0.0
2026-07-29T19:35:50+00:00,151390000006,Mediglia,0.7320891064249785,Local road,one_side,0.0,45.39326670139134,9.332485365519153,dentro_sezione,0.0
2026-07-29T19:35:50+00:00,151390000005,Mediglia,0.7604290822407629,Local road,one_side,0.0,45.39326670139134,9.332485365519153,dentro_sezione,0.0
2026-07-29T19:35:50+00:00,151390000006,Mediglia,0.7320891064249785,Minor local road,full,0.0,45.39522836417661,9.332302120406032,dentro_sezione,0.0
2026-07-29T19:35:50+00:00,151390000005,Mediglia,0.7604290822407629,Minor local road,full,0.0,45.39522836417661,9.332302120406032,dentro_sezione,0.0
2026-07-29T19:35:50+00:00,151390000005,Mediglia,0.7604290822407629,Minor local road,one_side,0.0,45.39511987030326,9.329358166936347,dentro_sezione,0.0
2026-07-29T19:35:50+00:00,151390000012,Mediglia,0.8052276000196243,Major local road,full,0.0,45.40192324569242,9.33925038288648,dentro_sezione,0.0
2026-07-29T19:35:50+00:00,151390000012,Mediglia,0.8052276000196243,Major local road,one_side,0.0,45.39971558766529,9.340347647666931,dentro_sezione,0.0
2026-07-29T19:35:50+00:00,151720000033,Pessano con Bornago,0.6917868903081323,Connecting road,full,0.0,45.550503057218656,9.371199885655058,dentro_sezione,0.0
2026-07-29T19:35:50+00:00,151720000033,Pessano con Bornago,0.6917868903081323,Connecting road,one_side,0.0,45.55027066137421,9.366442433084678,dentro_sezione,0.0
2026-07-29T19:35:50+00:00,151720000033,Pessano con Bornago,0.6917868903081323,Connecting road,full,0.0,45.54997239764829,9.375375151996868,dentro_sezione,0.0
2026-07-29T19:35:50+00:00,151720000033,Pessano con Bornago,0.6917868903081323,Connecting road,one_side,0.0,45.54934355939635,9.376151642930555,dentro_sezione,0.0
2026-07-29T19:35:50+00:00,151060000002,Gessate,0.7425160242073031,Secondary road,one_side,0.0,45.56467958054513,9.42994085278958,dentro_sezione,0.0
2026-07-29T19:35:50+00:00,151060000002,Gessate,0.7425160242073031,Local road,full,0.0,45.560255313571915,9.432396762804721,dentro_sezione,0.0
2026-07-29T19:35:50+00:00,151060000002,Gessate,0.7425160242073031,Local road,one_side,0.0,45.56454053580137,9.429751142185447,dentro_sezione,0.0
2026-07-29T19:35:50+00:00,151060000001,Gessate,0.6955934512145499,Secondary road,one_side,0.0,45.556528542306786,9.434336921465553,dentro_sezione,0.0
2026-07-29T19:35:50+00:00,151060000002,Gessate,0.7425160242073031,Secondary road,one_side,0.0,45.556528542306786,9.434336921465553,dentro_sezione,0.0
2026-07-29T19:35:50+00:00,151060000001,Gessate,0.6955934512145499,Connecting road,one_side,0.0,45.55590896681553,9.431484338768323,dentro_sezione,0.0
2026-07-29T19:35:50+00:00,151060000024,Gessate,0.7259449304054464,Connecting road,one_side,0.0,45.55590896681553,9.431484338768323,dentro_sezione,0.0
2026-07-29T19:35:50+00:00,151060000001,Gessate,0.6955934512145499,Major local road,one_side,0.0,45.55422279576027,9.432760444383911,dentro_sezione,0.0
2026-07-29T19:35:50+00:00,151060000002,Gessate,0.7425160242073031,Local road,full,0.0,45.560255313571915,9.432396762804721,dentro_sezione,0.0
2026-07-29T19:35:50+00:00,151060000001,Gessate,0.6955934512145499,Local road,one_side,0.0,45.555846588990775,9.43116296524165,dentro_sezione,0.0
2026-07-29T19:35:50+00:00,151060000024,Gessate,0.7259449304054464,Local road,one_side,0.0,45.555846588990775,9.43116296524165,dentro_sezione,0.0
2026-07-29T19:35:50+00:00,151060000002,Gessate,0.7425160242073031,Local road,one_side,0.0,45.555846588990775,9.43116296524165,dentro_sezione,0.0
2026-07-29T19:35:50+00:00,151780000007,Pozzuolo Martesana,0.6870828006360621,Major local road,one_side,0.0,45.5162997071174,9.452851839905524,dentro_sezione,0.0
2026-07-29T19:35:50+00:00,151780000006,Pozzuolo Martesana,0.7249463935793504,Local road,one_side,0.0,45.51383675500905,9.455127776174606,dentro_sezione,0.0
2026-07-29T19:35:50+00:00,151780000010,Pozzuolo Martesana,0.7180720735800431,Local road,one_side,0.0,45.51383675500905,9.455127776174606,dentro_sezione,0.0
2026-07-29T19:35:50+00:00,151780000006,Pozzuolo Martesana,0.7249463935793504,Local road,one_side,0.0,45.51352177880894,9.45403040996121,dentro_sezione,0.0
2026-07-29T19:35:50+00:00,151780000010,Pozzuolo Martesana,0.7180720735800431,Local road,one_side,0.0,45.51352177880894,9.45403040996121,dentro_sezione,0.0
2026-07-29T19:35:50+00:00,151780000010,Pozzuolo Martesana,0.7180720735800431,Connecting road,full,0.0,45.513599351573255,9.460939502465216,dentro_sezione,0.0
2026-07-29T19:35:50+00:00,151780000007,Pozzuolo Martesana,0.6870828006360621,Connecting road,full,0.0,45.513599351573255,9.460939502465216,dentro_sezione,0.0
2026-07-29T19:35:50+00:00,151780000010,Pozzuolo Martesana,0.7180720735800431,Connecting road,one_side,0.0,45.51563145821439,9.465520992389205,dentro_sezione,0.0
2026-07-29T19:35:50+00:00,151780000007,Pozzuolo Martesana,0.6870828006360621,Connecting road,one_side,0.0,45.51563145821439,9.465520992389205,dentro_sezione,0.0
2026-07-29T19:35:50+00:00,151780000010,Pozzuolo Martesana,0.7180720735800431,Major local road,one_side,0.0,45.51532070853119,9.459851812271916,dentro_sezione,0.0
2026-07-29T19:35:50+00:00,151780000007,Pozzuolo Martesana,0.6870828006360621,Major local road,one_side,0.0,45.51532070853119,9.459851812271916,dentro_sezione,0.0
2026-07-29T19:35:50+00:00,151780000006,Pozzuolo Martesana,0.7249463935793504,Local road,one_side,0.0,45.51362060641403,9.459314526874598,dentro_sezione,0.0
2026-07-29T19:35:50+00:00,151780000010,Pozzuolo Martesana,0.7180720735800431,Local road,one_side,0.0,45.51362060641403,9.459314526874598,dentro_sezione,0.0
2026-07-29T19:35:50+00:00,151780000010,Pozzuolo Martesana,0.7180720735800431,Connecting road,full,0.0,45.513599351573255,9.460939502465216,dentro_sezione,0.0
2026-07-29T19:35:50+00:00,151780000007,Pozzuolo Martesana,0.6870828006360621,Connecting road,full,0.0,45.513599351573255,9.460939502465216,dentro_sezione,0.0
2026-07-29T19:35:50+00:00,151780000010,Pozzuolo Martesana,0.7180720735800431,Connecting road,one_side,0.0,45.51201985358216,9.463432597695672,dentro_sezione,0.0
2026-07-29T19:35:50+00:00,151780000007,Pozzuolo Martesana,0.6870828006360621,Connecting road,one_side,0.0,45.51201985358216,9.463432597695672,dentro_sezione,0.0
2026-07-29T19:35:50+00:00,151780000010,Pozzuolo Martesana,0.7180720735800431,Major local road,one_side,0.0,45.514391786615064,9.460879607557235,dentro_sezione,0.0
2026-07-29T19:35:50+00:00,151780000007,Pozzuolo Martesana,0.6870828006360621,Major local road,one_side,0.0,45.514391786615064,9.460879607557235,dentro_sezione,0.0
2026-07-29T19:35:50+00:00,151780000006,Pozzuolo Martesana,0.7249463935793504,Local road,one_side,0.0,45.51362060641403,9.459314526874598,dentro_sezione,0.0
2026-07-29T19:35:50+00:00,151780000010,Pozzuolo Martesana,0.7180720735800431,Local road,one_side,0.0,45.51362060641403,9.459314526874598,dentro_sezione,0.0
2026-07-29T19:35:50+00:00,152240000010,Truccazzano,0.7476905228465803,Connecting road,one_side,0.0,45.463656188833134,9.475532115410585,dentro_sezione,0.0
2026-07-29T19:35:50+00:00,150590000040,Cassano d'Adda,0.8090312749814579,Connecting road,full,0.0,45.50586857074825,9.527646386145808,dentro_sezione,0.0
2026-07-29T19:35:50+00:00,150590000040,Cassano d'Adda,0.8090312749814579,Connecting road,one_side,0.0,45.506227865561726,9.526025437081474,dentro_sezione,0.0
2026-07-29T19:35:50+00:00,150590000040,Cassano d'Adda,0.8090312749814579,Connecting road,full,0.0,45.50465141333191,9.53149248144333,dentro_sezione,0.0
2026-07-29T19:35:50+00:00,150590000040,Cassano d'Adda,0.8090312749814579,Connecting road,one_side,0.0,45.50481444915567,9.530592811924295,dentro_sezione,0.0
2026-07-29T19:35:50+00:00,150990000018,Dairago,0.7297543772564479,Connecting road,one_side,0.0,45.564686052346,8.860306390456056,piu_vicino_esterno,163.7
2026-07-29T19:35:50+00:00,150770000392,Cinisello Balsamo,0.7272782368032968,Connecting road,one_side,0.0,45.57128500494079,9.209350914619835,piu_vicino_esterno,251.1
2026-07-29T19:35:50+00:00,150770000393,Cinisello Balsamo,0.714057724663571,Connecting road,one_side,0.0,45.57128500494079,9.209350914619835,piu_vicino_esterno,263.7
